{"type":"FeatureCollection","features":[{"type":"Feature","geometry":{"type":"MultiPolygon","coordinates":[[[[127.015192,37.578267],[127.015193,37.578258],[127.015198,37.578175],[127.015198,37.578147],[127.0152,37.57812],[127.015203,37.578077],[127.015203,37.578069],[127.015203,37.578055],[127.015206,37.57801],[127.015089,37.578011],[127.015033,37.578011],[127.015009,37.578012],[127.015005,37.578066],[127.014957,37.578125],[127.01493,37.578155],[127.01491,37.578177],[127.014886,37.578207],[127.014867,37.578231],[127.014843,37.578256],[127.014815,37.578286],[127.014791,37.578296],[127.014763,37.578305],[127.014756,37.578307],[127.014704,37.578318],[127.014642,37.578325],[127.014567,37.578344],[127.014524,37.578359],[127.014235,37.578339],[127.014297,37.578205],[127.014312,37.5781],[127.01434,37.577983],[127.014365,37.577895],[127.014369,37.57788],[127.014369,37.577858],[127.01434,37.577795],[127.014321,37.577753],[127.014335,37.57769],[127.01437,37.577691],[127.01452,37.577696],[127.014553,37.577696],[127.014523,37.577636],[127.014509,37.577619],[127.014504,37.577614],[127.014495,37.577602],[127.014381,37.577515],[127.014389,37.577515],[127.014389,37.577444],[127.014426,37.57741],[127.01442,37.577401],[127.01442,37.577373],[127.014464,37.577376],[127.014494,37.577378],[127.014548,37.57738],[127.014644,37.577387],[127.014732,37.577393],[127.014762,37.577376],[127.014767,37.577291],[127.014778,37.577189],[127.014786,37.577089],[127.014684,37.577082],[127.014668,37.577081],[127.014575,37.577072],[127.014584,37.57704],[127.014614,37.576932],[127.014696,37.576931],[127.014743,37.576931],[127.014756,37.576931],[127.014772,37.576905],[127.01481,37.5769],[127.014848,37.576896],[127.01492,37.576887],[127.014921,37.576903],[127.014924,37.57695],[127.014943,37.576962],[127.014949,37.576969],[127.014995,37.576982],[127.015097,37.577012],[127.01519,37.577009],[127.015292,37.577005],[127.01531,37.576821],[127.015311,37.576814],[127.015312,37.576796],[127.015315,37.576773],[127.014939,37.576723],[127.014939,37.576725],[127.014789,37.576704],[127.01476,37.576701],[127.014596,37.576679],[127.014586,37.576678],[127.014505,37.576668],[127.014408,37.576655],[127.014398,37.576655],[127.014392,37.576657],[127.014336,37.576631],[127.014329,37.576625],[127.014318,37.576608],[127.014314,37.576594],[127.014287,37.576514],[127.014267,37.576444],[127.014263,37.576431],[127.014181,37.57645],[127.014108,37.576457],[127.013968,37.57647],[127.01392,37.576469],[127.013903,37.576464],[127.013815,37.576459],[127.013745,37.576457],[127.01368,37.576402],[127.013552,37.576302],[127.013455,37.576227],[127.01337,37.576126],[127.013289,37.576047],[127.013336,37.576022],[127.013353,37.576017],[127.013362,37.576009],[127.013371,37.576003],[127.013461,37.57596],[127.013486,37.575951],[127.013504,37.575947],[127.013522,37.575933],[127.01355,37.575901],[127.013558,37.575878],[127.013554,37.575866],[127.013553,37.57586],[127.013547,37.575844],[127.013522,37.575821],[127.013496,37.575799],[127.013434,37.575707],[127.01333,37.575693],[127.013271,37.575685],[127.013141,37.575668],[127.013111,37.575666],[127.01305,37.575648],[127.013027,37.575641],[127.012901,37.575676],[127.012878,37.575682],[127.012883,37.575693],[127.012931,37.575798],[127.012833,37.575823],[127.012806,37.57583],[127.012757,37.575843],[127.012663,37.575845],[127.012666,37.575946],[127.012651,37.576145],[127.012649,37.576164],[127.012608,37.576488],[127.012595,37.576556],[127.012458,37.576893],[127.012423,37.576926],[127.012393,37.576951],[127.012361,37.576966],[127.012377,37.577089],[127.012398,37.577109],[127.012685,37.577373],[127.012728,37.577398],[127.012632,37.577458],[127.012597,37.57748],[127.012573,37.577495],[127.012571,37.577496],[127.012461,37.577554],[127.012407,37.577584],[127.0124,37.577591],[127.012383,37.57761],[127.012368,37.577622],[127.012354,37.577629],[127.012348,37.577632],[127.012284,37.577636],[127.012282,37.577637],[127.012156,37.577707],[127.012107,37.577734],[127.01197,37.577861],[127.011968,37.577863],[127.011818,37.577902],[127.011874,37.578247],[127.011783,37.578254],[127.01179,37.578308],[127.011882,37.5783],[127.01196,37.578785],[127.012185,37.57877],[127.012252,37.578823],[127.01231,37.57887],[127.012376,37.578922],[127.012453,37.578984],[127.012469,37.578998],[127.012523,37.579022],[127.012598,37.579056],[127.012686,37.579095],[127.012796,37.579144],[127.012895,37.579188],[127.012924,37.579201],[127.012942,37.579204],[127.013021,37.579217],[127.013173,37.579191],[127.013165,37.579186],[127.013102,37.579143],[127.013066,37.579023],[127.013137,37.579092],[127.013091,37.578926],[127.013012,37.578802],[127.012953,37.578613],[127.012934,37.57844],[127.013237,37.578397],[127.013467,37.578413],[127.013766,37.578373],[127.013867,37.578403],[127.013868,37.578405],[127.013878,37.57844],[127.01386,37.578513],[127.013863,37.578538],[127.013868,37.578584],[127.013883,37.578734],[127.013906,37.578965],[127.013933,37.579233],[127.014002,37.579247],[127.014059,37.579251],[127.014259,37.57926],[127.014315,37.57926],[127.014312,37.57927],[127.014313,37.579273],[127.014437,37.579279],[127.014453,37.579248],[127.014458,37.57924],[127.014487,37.579244],[127.014558,37.579254],[127.014573,37.579234],[127.01459,37.57921],[127.014611,37.579174],[127.014694,37.579198],[127.014699,37.579187],[127.014741,37.579126],[127.014725,37.579126],[127.014759,37.579057],[127.014768,37.579037],[127.014837,37.57885],[127.014784,37.578846],[127.014885,37.578489],[127.014984,37.578446],[127.014992,37.578439],[127.015033,37.578389],[127.015074,37.578341],[127.0151,37.578354],[127.015104,37.578382],[127.015185,37.578379],[127.015188,37.578345],[127.015188,37.578341],[127.015189,37.578321],[127.015325,37.578321],[127.015328,37.578267],[127.015192,37.578267]]]]},"properties":{"program":"신속통합기획","site":"창신동23·숭인동56","selected":"2021.12 1차 공모","address":"종로구 창신동 23","area_m2":104853.0,"boundary_source":"정비구역"}},{"type":"Feature","geometry":{"type":"MultiPolygon","coordinates":[[[[126.969239,37.549416],[126.969336,37.549377],[126.969342,37.549375],[126.969355,37.54937],[126.969383,37.549352],[126.969395,37.549343],[126.969413,37.54933],[126.969423,37.549322],[126.969431,37.549316],[126.96944,37.54931],[126.96951,37.549258],[126.969576,37.549225],[126.969616,37.549206],[126.969618,37.549205],[126.969621,37.549204],[126.96965,37.5492],[126.969753,37.549165],[126.969786,37.549153],[126.96979,37.549152],[126.969805,37.549146],[126.969807,37.549125],[126.969815,37.549062],[126.969827,37.548971],[126.969837,37.548894],[126.969847,37.548813],[126.969814,37.54881],[126.969799,37.548809],[126.969798,37.548808],[126.969743,37.548797],[126.969705,37.548794],[126.969669,37.548787],[126.969662,37.548786],[126.969641,37.548786],[126.969617,37.548791],[126.969593,37.548802],[126.969551,37.548777],[126.96952,37.54878],[126.969502,37.548815],[126.969488,37.548821],[126.969449,37.548835],[126.969442,37.548818],[126.969339,37.548838],[126.969327,37.548842],[126.969326,37.548843],[126.969323,37.548843],[126.969304,37.548851],[126.96927,37.548859],[126.969265,37.54886],[126.969259,37.54886],[126.969258,37.54886],[126.969254,37.54886],[126.969254,37.54886],[126.969245,37.548861],[126.969123,37.548867],[126.969122,37.548868],[126.968993,37.548866],[126.968896,37.54884],[126.968895,37.548841],[126.968692,37.54881],[126.968632,37.548748],[126.968519,37.548632],[126.968483,37.548589],[126.968471,37.548574],[126.968472,37.548572],[126.968474,37.548571],[126.96844,37.548526],[126.968411,37.548471],[126.968411,37.548471],[126.968406,37.548459],[126.968407,37.548434],[126.968417,37.548304],[126.96842,37.548228],[126.968383,37.548139],[126.968378,37.54813],[126.968358,37.54807],[126.968355,37.548063],[126.968342,37.548042],[126.968336,37.548021],[126.968298,37.547955],[126.968274,37.547936],[126.968284,37.547918],[126.96827,37.547897],[126.968236,37.547874],[126.96823,37.547871],[126.968181,37.547889],[126.968074,37.547927],[126.968012,37.54795],[126.967972,37.547965],[126.967927,37.547981],[126.967857,37.548006],[126.967824,37.548017],[126.967802,37.548025],[126.967768,37.548038],[126.967737,37.548052],[126.96774,37.548076],[126.967741,37.548081],[126.967749,37.548118],[126.967752,37.548129],[126.967748,37.548144],[126.967731,37.548189],[126.967748,37.548192],[126.967774,37.548245],[126.967814,37.548334],[126.967872,37.548296],[126.967918,37.548282],[126.967936,37.548283],[126.967967,37.548276],[126.967979,37.548288],[126.967991,37.548283],[126.968012,37.54833],[126.96805,37.548308],[126.968063,37.548292],[126.968116,37.548272],[126.968163,37.548255],[126.96817,37.548272],[126.968199,37.548261],[126.968223,37.548337],[126.968276,37.54833],[126.968291,37.548322],[126.968291,37.548307],[126.968323,37.5483],[126.968317,37.548402],[126.968313,37.54846],[126.96831,37.548504],[126.968308,37.548523],[126.968373,37.548553],[126.96837,37.548555],[126.96835,37.548574],[126.968347,37.548573],[126.968345,37.548574],[126.968321,37.548586],[126.968237,37.548638],[126.968222,37.548648],[126.968163,37.548592],[126.968152,37.548581],[126.968117,37.548554],[126.968082,37.548559],[126.968058,37.54855],[126.967993,37.548541],[126.968,37.54851],[126.968024,37.548508],[126.968036,37.548473],[126.967798,37.548441],[126.967783,37.548407],[126.967744,37.548401],[126.967723,37.548402],[126.967706,37.548402],[126.967689,37.548383],[126.967623,37.548356],[126.967572,37.548355],[126.967571,37.548352],[126.967564,37.548321],[126.967532,37.548264],[126.967518,37.548243],[126.96752,37.548224],[126.967529,37.548215],[126.967521,37.548148],[126.967512,37.548056],[126.967373,37.548056],[126.967338,37.548056],[126.967189,37.548057],[126.967086,37.548058],[126.96699,37.54806],[126.966917,37.548059],[126.966917,37.54808],[126.966919,37.54812],[126.96692,37.54816],[126.966921,37.548163],[126.966924,37.548233],[126.96693,37.548365],[126.96684,37.548366],[126.966756,37.548367],[126.966594,37.548369],[126.966512,37.54837],[126.966369,37.548371],[126.96625,37.548373],[126.966223,37.548374],[126.966139,37.548375],[126.966134,37.548375],[126.966001,37.548375],[126.965919,37.548375],[126.965855,37.548376],[126.965774,37.548375],[126.96564,37.548376],[126.965503,37.548377],[126.965425,37.548376],[126.965277,37.548379],[126.96514,37.548381],[126.965066,37.548381],[126.965051,37.54838],[126.96505,37.548367],[126.965049,37.54829],[126.965048,37.548262],[126.965037,37.548173],[126.965035,37.54816],[126.965034,37.548157],[126.965032,37.54815],[126.96497,37.548162],[126.964954,37.548165],[126.964909,37.548173],[126.964904,37.548174],[126.964902,37.548174],[126.96488,37.548178],[126.964813,37.54819],[126.964806,37.548192],[126.9648,37.548193],[126.96474,37.548204],[126.964668,37.548217],[126.964639,37.54823],[126.964568,37.548242],[126.964441,37.54826],[126.964432,37.548261],[126.964364,37.548265],[126.964267,37.54827],[126.964266,37.54827],[126.964101,37.548279],[126.964015,37.548283],[126.964011,37.548284],[126.963924,37.548288],[126.963883,37.548295],[126.963879,37.548295],[126.963833,37.548303],[126.963782,37.54832],[126.963769,37.548325],[126.963677,37.548362],[126.963528,37.548414],[126.963527,37.548414],[126.963504,37.548445],[126.963508,37.548499],[126.963513,37.548561],[126.963525,37.548696],[126.963546,37.548702],[126.96355,37.548743],[126.963554,37.548801],[126.963557,37.548833],[126.963559,37.548859],[126.963567,37.548954],[126.963575,37.54904],[126.96358,37.549096],[126.963584,37.549131],[126.963587,37.549158],[126.963593,37.549223],[126.963595,37.549239],[126.963599,37.549297],[126.963603,37.549344],[126.963607,37.549392],[126.96361,37.549422],[126.963614,37.54948],[126.963619,37.549536],[126.963621,37.549552],[126.963622,37.549571],[126.963626,37.549622],[126.963634,37.549645],[126.963639,37.54966],[126.96364,37.549674],[126.963637,37.549702],[126.963638,37.549762],[126.963643,37.549885],[126.963633,37.549914],[126.963665,37.54989],[126.963677,37.549881],[126.963736,37.549833],[126.96378,37.549804],[126.963885,37.549721],[126.963904,37.549717],[126.96394,37.549708],[126.963945,37.549692],[126.96396,37.549673],[126.963968,37.549661],[126.963969,37.549661],[126.963997,37.549639],[126.96401,37.549629],[126.964019,37.54962],[126.964051,37.549595],[126.964073,37.549579],[126.964092,37.549565],[126.96414,37.549543],[126.964213,37.549557],[126.964278,37.549576],[126.964304,37.549591],[126.964354,37.54962],[126.964434,37.54967],[126.964458,37.549684],[126.964527,37.549719],[126.964584,37.549748],[126.964609,37.549782],[126.964621,37.54981],[126.964633,37.54984],[126.964681,37.549861],[126.964728,37.549893],[126.964769,37.549918],[126.96491,37.550005],[126.96492,37.550012],[126.964982,37.550033],[126.965011,37.550047],[126.96505,37.550064],[126.965103,37.5501],[126.96516,37.550148],[126.965194,37.55018],[126.965216,37.55021],[126.965252,37.55026],[126.965286,37.550305],[126.965244,37.550378],[126.965276,37.550404],[126.965285,37.550417],[126.96538,37.550376],[126.965431,37.550354],[126.965442,37.550349],[126.965446,37.550349],[126.965505,37.550344],[126.965567,37.550343],[126.965667,37.550341],[126.96583,37.550339],[126.965886,37.550338],[126.966064,37.550337],[126.96622,37.550336],[126.966357,37.550335],[126.96636,37.550334],[126.966371,37.550329],[126.966373,37.550328],[126.966375,37.550326],[126.966379,37.550318],[126.966379,37.550245],[126.966381,37.550148],[126.966381,37.550127],[126.966443,37.550128],[126.966613,37.55013],[126.966792,37.550132],[126.966817,37.550112],[126.966819,37.549966],[126.966821,37.549835],[126.966823,37.5497],[126.966826,37.549551],[126.966827,37.549332],[126.966825,37.549283],[126.966839,37.549285],[126.966839,37.549286],[126.966845,37.549286],[126.966946,37.549292],[126.967044,37.549298],[126.967195,37.549324],[126.967203,37.549325],[126.967275,37.549341],[126.967386,37.549364],[126.967399,37.549366],[126.967565,37.549395],[126.967589,37.5494],[126.967704,37.549416],[126.967715,37.549419],[126.967733,37.549423],[126.967751,37.549427],[126.967788,37.5494],[126.967806,37.549407],[126.967796,37.549415],[126.967787,37.549424],[126.967804,37.549441],[126.96782,37.549458],[126.967834,37.549472],[126.967848,37.549486],[126.967853,37.549485],[126.967858,37.549483],[126.967866,37.549493],[126.967895,37.549528],[126.967911,37.549544],[126.967917,37.54955],[126.967951,37.549582],[126.967992,37.549618],[126.968024,37.549642],[126.968077,37.549673],[126.968096,37.549679],[126.968114,37.549679],[126.968117,37.549679],[126.968159,37.54966],[126.968174,37.549654],[126.968199,37.549643],[126.968235,37.549628],[126.968258,37.549618],[126.968286,37.549606],[126.968293,37.549603],[126.968314,37.549594],[126.96833,37.549587],[126.968337,37.549584],[126.968482,37.549527],[126.968492,37.549524],[126.968511,37.549516],[126.968582,37.549489],[126.96862,37.549474],[126.968719,37.549436],[126.968739,37.549428],[126.96875,37.549424],[126.968773,37.549415],[126.968827,37.549399],[126.968848,37.549393],[126.968887,37.549392],[126.968888,37.549392],[126.968918,37.549396],[126.968979,37.549406],[126.969024,37.549412],[126.969196,37.549438],[126.969202,37.549442],[126.969206,37.549444],[126.96921,37.549447],[126.969215,37.549445],[126.969219,37.549444],[126.969231,37.549435],[126.969242,37.549426],[126.969241,37.549421],[126.969239,37.549416]]]]},"properties":{"program":"신속통합기획","site":"청파2구역","selected":"2021.12 1차 공모","address":"용산구 청파동1가 89-18","area_m2":82360.0,"boundary_source":"정비구역"}},{"type":"Feature","geometry":{"type":"MultiPolygon","coordinates":[[[[127.043594,37.564642],[127.043639,37.564685],[127.043711,37.56464],[127.043776,37.5646],[127.043857,37.564549],[127.043938,37.564498],[127.043978,37.564473],[127.04406,37.564422],[127.044139,37.564372],[127.044221,37.564321],[127.044299,37.564271],[127.044381,37.56422],[127.044461,37.56417],[127.044533,37.564124],[127.044614,37.564073],[127.044685,37.564028],[127.044711,37.564011],[127.044738,37.563994],[127.044743,37.563987],[127.044746,37.563979],[127.044748,37.563975],[127.044748,37.563969],[127.044745,37.56397],[127.044745,37.563967],[127.044742,37.563958],[127.044738,37.56395],[127.044725,37.563932],[127.04472,37.563924],[127.044714,37.56392],[127.044681,37.563903],[127.044647,37.563885],[127.04464,37.563876],[127.044619,37.563854],[127.044614,37.563844],[127.044613,37.563826],[127.044614,37.563803],[127.044624,37.563786],[127.044636,37.563767],[127.044648,37.563754],[127.044675,37.563731],[127.044707,37.563709],[127.04474,37.56369],[127.044785,37.563669],[127.044822,37.563653],[127.044844,37.563646],[127.044848,37.563643],[127.044884,37.563604],[127.044907,37.563564],[127.044921,37.563532],[127.045019,37.563562],[127.04507,37.563495],[127.045191,37.563335],[127.045211,37.563307],[127.045239,37.56325],[127.045284,37.563243],[127.045312,37.56325],[127.045355,37.563259],[127.045368,37.563344],[127.045329,37.563372],[127.045303,37.563527],[127.045265,37.563606],[127.045265,37.56361],[127.045267,37.563613],[127.045367,37.563689],[127.04537,37.563875],[127.045446,37.563844],[127.045543,37.563805],[127.045554,37.563803],[127.045708,37.563777],[127.045766,37.563767],[127.046016,37.563795],[127.046062,37.563778],[127.046116,37.563758],[127.04621,37.563731],[127.046235,37.563722],[127.046253,37.563715],[127.046375,37.563673],[127.046279,37.563495],[127.046105,37.563338],[127.04599,37.563231],[127.045903,37.563117],[127.045841,37.563119],[127.045684,37.563134],[127.045683,37.563133],[127.045599,37.563135],[127.045357,37.563123],[127.045347,37.563104],[127.045315,37.562975],[127.045292,37.562902],[127.045273,37.562818],[127.045264,37.562671],[127.045297,37.562458],[127.045192,37.562391],[127.045087,37.562321],[127.045072,37.562348],[127.045022,37.562447],[127.045005,37.562479],[127.044954,37.562533],[127.044892,37.562599],[127.044819,37.562679],[127.044768,37.562701],[127.044725,37.56272],[127.044701,37.56273],[127.044684,37.562736],[127.044668,37.562734],[127.044611,37.562728],[127.044598,37.562671],[127.044578,37.56267],[127.044515,37.562713],[127.044489,37.56273],[127.044298,37.562869],[127.044116,37.563056],[127.044077,37.563096],[127.044071,37.563102],[127.044021,37.563153],[127.043985,37.56319],[127.043946,37.563229],[127.043928,37.563246],[127.043892,37.563284],[127.043832,37.563345],[127.043817,37.563362],[127.043869,37.563412],[127.043897,37.563438],[127.043963,37.563458],[127.044046,37.563484],[127.044084,37.563496],[127.044141,37.563551],[127.044215,37.563624],[127.04426,37.563669],[127.044321,37.563729],[127.04433,37.563738],[127.044335,37.563781],[127.044342,37.563834],[127.044358,37.563971],[127.044457,37.564103],[127.043594,37.564642]]]]},"properties":{"program":"신속통합기획","site":"마장동 382","selected":"2021.12 1차 공모","address":"성동구 마장동 382","area_m2":17824.84,"boundary_source":"토지거래허가구역"}},{"type":"Feature","geometry":{"type":"MultiPolygon","coordinates":[[[[127.048554,37.587222],[127.048578,37.587221],[127.048637,37.587198],[127.048683,37.587174],[127.048765,37.587151],[127.048805,37.587157],[127.048831,37.587105],[127.048859,37.587107],[127.04888,37.587071],[127.049039,37.587134],[127.049049,37.587137],[127.049015,37.587164],[127.049105,37.587228],[127.04911,37.587232],[127.049108,37.587235],[127.04927,37.587313],[127.049298,37.587278],[127.049426,37.587327],[127.04943,37.587328],[127.049427,37.587335],[127.049444,37.587341],[127.04957,37.58736],[127.049572,37.587361],[127.049557,37.587421],[127.049615,37.587415],[127.049608,37.587416],[127.049745,37.587011],[127.049748,37.586974],[127.049886,37.587008],[127.049924,37.586869],[127.049999,37.586887],[127.049948,37.587048],[127.050239,37.587057],[127.05026,37.587057],[127.050394,37.587098],[127.050398,37.587099],[127.050423,37.587037],[127.050424,37.587044],[127.050423,37.587054],[127.050424,37.58719],[127.050533,37.587214],[127.050563,37.587155],[127.050634,37.58716],[127.050639,37.587145],[127.050654,37.587147],[127.05083,37.587177],[127.050844,37.587122],[127.050922,37.587133],[127.05095,37.587137],[127.050953,37.587123],[127.050973,37.587056],[127.05099,37.587024],[127.051033,37.587031],[127.051098,37.587058],[127.051149,37.587079],[127.051195,37.587085],[127.051224,37.58709],[127.051385,37.587116],[127.051489,37.587134],[127.05161,37.587155],[127.05166,37.587163],[127.051728,37.587174],[127.051803,37.587186],[127.051949,37.58721],[127.052027,37.587223],[127.052121,37.587165],[127.052067,37.587112],[127.05219,37.587033],[127.052161,37.586998],[127.052141,37.586975],[127.052084,37.587011],[127.05202,37.58694],[127.052057,37.586916],[127.051979,37.586821],[127.051903,37.58673],[127.051826,37.586632],[127.05175,37.586542],[127.051736,37.586551],[127.051716,37.586563],[127.051668,37.586595],[127.051636,37.586615],[127.051535,37.586501],[127.051451,37.586554],[127.051399,37.586524],[127.051381,37.586533],[127.051346,37.586527],[127.051363,37.586474],[127.051366,37.586464],[127.051384,37.586405],[127.051407,37.586329],[127.051466,37.586133],[127.051471,37.58612],[127.051485,37.586112],[127.051466,37.586109],[127.051354,37.586167],[127.051306,37.58618],[127.051283,37.5862],[127.051287,37.586203],[127.051283,37.586206],[127.051138,37.586171],[127.051165,37.586114],[127.051154,37.586106],[127.051195,37.586114],[127.051219,37.586103],[127.051266,37.586062],[127.051076,37.586018],[127.051103,37.585944],[127.051158,37.585885],[127.051086,37.585901],[127.050906,37.585943],[127.050794,37.585969],[127.050674,37.585997],[127.050623,37.586008],[127.050505,37.586036],[127.050391,37.586062],[127.050332,37.586076],[127.050228,37.5861],[127.050172,37.586113],[127.049996,37.586154],[127.049896,37.586177],[127.04971,37.58622],[127.049677,37.586227],[127.049526,37.586262],[127.049423,37.586286],[127.049358,37.586301],[127.04929,37.586317],[127.049183,37.586342],[127.049152,37.586349],[127.049028,37.586378],[127.048876,37.586413],[127.048866,37.586415],[127.048709,37.586452],[127.048694,37.5865],[127.048691,37.586505],[127.048645,37.586595],[127.048704,37.586633],[127.048711,37.586631],[127.048756,37.586653],[127.048776,37.586635],[127.048884,37.586672],[127.048902,37.586679],[127.048882,37.586716],[127.048895,37.586736],[127.048855,37.586715],[127.048784,37.586809],[127.048936,37.586884],[127.048892,37.586948],[127.048876,37.586971],[127.048836,37.587021],[127.04881,37.587038],[127.048645,37.587165],[127.048554,37.587222]]]]},"properties":{"program":"신속통합기획","site":"청량리동 19","selected":"2021.12 1차 공모","address":"동대문구 청량리동 19","area_m2":28647.0,"boundary_source":"토지거래허가구역"}},{"type":"Feature","geometry":{"type":"MultiPolygon","coordinates":[[[[127.094195,37.587546],[127.094245,37.587389],[127.094262,37.587338],[127.094346,37.587075],[127.09443,37.586813],[127.094441,37.586778],[127.094143,37.586718],[127.094148,37.586702],[127.094184,37.586585],[127.094226,37.58645],[127.094243,37.586395],[127.094261,37.586336],[127.094293,37.586237],[127.09418,37.586216],[127.094083,37.586197],[127.093922,37.586193],[127.093829,37.586201],[127.093694,37.586213],[127.093646,37.586217],[127.093524,37.586227],[127.09342,37.586236],[127.093267,37.586248],[127.093167,37.586256],[127.092996,37.58627],[127.09296,37.586273],[127.092791,37.586287],[127.092692,37.586296],[127.092585,37.586305],[127.09248,37.586314],[127.092369,37.586323],[127.092339,37.586326],[127.092222,37.586336],[127.09209,37.586346],[127.091931,37.58636],[127.091851,37.586367],[127.091771,37.586373],[127.091669,37.586382],[127.091628,37.586421],[127.091635,37.586471],[127.091637,37.586484],[127.091647,37.586556],[127.091651,37.586585],[127.091666,37.586697],[127.091679,37.586791],[127.091696,37.586913],[127.091707,37.586994],[127.091719,37.587084],[127.091731,37.587174],[127.091736,37.587209],[127.091744,37.587265],[127.091757,37.587384],[127.091768,37.587459],[127.091781,37.587556],[127.091795,37.58766],[127.091808,37.587749],[127.091823,37.58786],[127.091836,37.587955],[127.09184,37.587989],[127.091854,37.58809],[127.091858,37.588116],[127.091879,37.588273],[127.091884,37.588305],[127.091892,37.58837],[127.091901,37.588441],[127.091919,37.588577],[127.091959,37.588612],[127.093072,37.588862],[127.09322,37.588895],[127.093726,37.589009],[127.093829,37.588688],[127.093872,37.588555],[127.093915,37.588422],[127.093949,37.588317],[127.09396,37.58828],[127.094026,37.588075],[127.094061,37.587966],[127.094069,37.58794],[127.094103,37.587833],[127.094167,37.587634],[127.094195,37.587546]]]]},"properties":{"program":"신속통합기획","site":"면목7구역","selected":"2021.12 1차 공모","address":"중랑구 면목동 69-14","area_m2":58400.0,"boundary_source":"정비구역"}},{"type":"Feature","geometry":{"type":"MultiPolygon","coordinates":[[[[127.036587,37.606609],[127.036612,37.606516],[127.036591,37.606531],[127.036454,37.606581],[127.036377,37.606555],[127.036342,37.606543],[127.036249,37.606514],[127.036234,37.606509],[127.036158,37.606483],[127.036126,37.606473],[127.036028,37.60644],[127.035959,37.606419],[127.035946,37.606414],[127.035933,37.606424],[127.035984,37.606337],[127.03589,37.606292],[127.035786,37.606243],[127.035667,37.606186],[127.035644,37.606151],[127.035607,37.606103],[127.035578,37.60609],[127.035517,37.606061],[127.03549,37.606051],[127.035283,37.605952],[127.035239,37.605933],[127.035219,37.605932],[127.035117,37.606048],[127.035107,37.606079],[127.035017,37.606213],[127.035025,37.606222],[127.035015,37.606231],[127.034985,37.606222],[127.034903,37.606322],[127.034863,37.606372],[127.034855,37.60637],[127.034762,37.606508],[127.034644,37.606684],[127.034626,37.606711],[127.034577,37.606764],[127.034505,37.606869],[127.034495,37.606881],[127.034426,37.606986],[127.034313,37.607113],[127.034286,37.607159],[127.034198,37.607306],[127.034161,37.607367],[127.034148,37.607396],[127.034131,37.607434],[127.034124,37.607445],[127.034109,37.607467],[127.034077,37.607521],[127.033977,37.607664],[127.033951,37.607728],[127.033918,37.607763],[127.033878,37.607842],[127.03385,37.607903],[127.033824,37.60796],[127.03378,37.608025],[127.033752,37.608059],[127.033723,37.608096],[127.033656,37.608165],[127.033646,37.608175],[127.033634,37.608192],[127.033586,37.608235],[127.033543,37.608264],[127.033507,37.608316],[127.033439,37.608421],[127.033425,37.60844],[127.033415,37.608455],[127.033348,37.608572],[127.033357,37.608614],[127.033306,37.608662],[127.03328,37.608683],[127.033272,37.608702],[127.033239,37.608763],[127.03323,37.608789],[127.033202,37.608822],[127.033186,37.608839],[127.033164,37.608873],[127.033124,37.608942],[127.033114,37.608957],[127.033106,37.608999],[127.033087,37.609033],[127.033085,37.609038],[127.033076,37.609075],[127.033059,37.609107],[127.033031,37.609186],[127.032979,37.609338],[127.032961,37.609393],[127.033017,37.60941],[127.033128,37.609445],[127.033245,37.609482],[127.03329,37.609493],[127.033414,37.609531],[127.033546,37.609573],[127.033589,37.609586],[127.033764,37.60964],[127.033973,37.609708],[127.034051,37.609735],[127.034068,37.60974],[127.034109,37.609754],[127.034162,37.609799],[127.034195,37.609827],[127.034207,37.609837],[127.034258,37.609854],[127.034266,37.609856],[127.034284,37.609861],[127.03438,37.609889],[127.03437,37.609905],[127.034381,37.60991],[127.034374,37.609923],[127.034373,37.609937],[127.034473,37.609998],[127.034515,37.610025],[127.034565,37.609927],[127.03458,37.609896],[127.034591,37.609878],[127.034596,37.609869],[127.034591,37.60987],[127.03464,37.609767],[127.034657,37.609771],[127.034705,37.609659],[127.034767,37.60965],[127.034783,37.609648],[127.0348,37.609653],[127.034887,37.609681],[127.035012,37.609719],[127.035038,37.609727],[127.035104,37.6097],[127.035216,37.609636],[127.035356,37.609548],[127.035543,37.609464],[127.035574,37.609437],[127.035628,37.609388],[127.035739,37.609291],[127.035764,37.60922],[127.035815,37.609052],[127.035848,37.608941],[127.035859,37.608905],[127.035887,37.608826],[127.035899,37.60878],[127.035936,37.608655],[127.035954,37.608612],[127.035966,37.608574],[127.036007,37.608441],[127.036042,37.608335],[127.036064,37.608339],[127.036072,37.608304],[127.036056,37.6083],[127.036085,37.608211],[127.036093,37.608185],[127.036099,37.608124],[127.036102,37.608087],[127.036112,37.60805],[127.03613,37.608053],[127.036176,37.607906],[127.036191,37.607857],[127.036201,37.607823],[127.036218,37.607768],[127.036223,37.607751],[127.036242,37.607689],[127.036269,37.607606],[127.036296,37.607521],[127.036324,37.607435],[127.036286,37.607425],[127.036287,37.607417],[127.036287,37.607401],[127.036306,37.607405],[127.03631,37.607399],[127.036345,37.607308],[127.036331,37.607303],[127.036362,37.607235],[127.036383,37.607184],[127.036397,37.607187],[127.036496,37.60694],[127.036479,37.606937],[127.036477,37.606895],[127.0365,37.606899],[127.036562,37.606706],[127.036549,37.606703],[127.036571,37.606671],[127.036586,37.606649],[127.036604,37.606613],[127.036587,37.606609]]]]},"properties":{"program":"신속통합기획","site":"하월곡1구역","selected":"2021.12 1차 공모","address":"성북구 하월곡동 70-1","area_m2":80699.0,"boundary_source":"토지거래허가구역"}},{"type":"Feature","geometry":{"type":"MultiPolygon","coordinates":[[[[127.026361,37.646563],[127.026452,37.646479],[127.02654,37.646399],[127.026548,37.646392],[127.026736,37.646243],[127.026791,37.646211],[127.026831,37.646176],[127.026876,37.646137],[127.026917,37.646101],[127.026923,37.646096],[127.02697,37.646055],[127.027018,37.646012],[127.027069,37.645967],[127.027088,37.64595],[127.027105,37.645936],[127.027148,37.645898],[127.027186,37.645864],[127.027206,37.645845],[127.02728,37.645774],[127.027294,37.645753],[127.027312,37.645726],[127.027372,37.645676],[127.0274,37.645653],[127.027502,37.64556],[127.027573,37.645496],[127.027645,37.645428],[127.027676,37.645398],[127.027684,37.645388],[127.027789,37.64525],[127.027841,37.645194],[127.027901,37.645139],[127.027916,37.645125],[127.027473,37.645301],[127.027098,37.645379],[127.027012,37.645405],[127.026813,37.645479],[127.025928,37.645951],[127.025898,37.645967],[127.025788,37.646026],[127.025659,37.646178],[127.025563,37.646309],[127.025447,37.646498],[127.025444,37.646504],[127.02539,37.646597],[127.025368,37.646628],[127.025391,37.646655],[127.025407,37.646673],[127.025503,37.646789],[127.025554,37.646845],[127.025591,37.646886],[127.025605,37.646901],[127.025628,37.646927],[127.025711,37.647025],[127.025788,37.647033],[127.025834,37.647029],[127.025916,37.646954],[127.025929,37.646942],[127.02593,37.646945],[127.026004,37.64688],[127.026017,37.646868],[127.026023,37.646863],[127.026086,37.646807],[127.026096,37.646798],[127.026167,37.646735],[127.026185,37.646719],[127.0262,37.646706],[127.026302,37.646616],[127.026361,37.646563]]]]},"properties":{"program":"신속통합기획","site":"쌍문3구역","selected":"2021.12 1차 공모","address":"도봉구 쌍문동 724","area_m2":15035.5,"boundary_source":"정비구역"}},{"type":"Feature","geometry":{"type":"MultiPolygon","coordinates":[[[[127.06846,37.664003],[127.068631,37.664047],[127.068664,37.664141],[127.06869,37.664217],[127.068726,37.664322],[127.068783,37.664488],[127.068843,37.664665],[127.068861,37.664717],[127.068896,37.664817],[127.068928,37.664913],[127.06897,37.665036],[127.068997,37.665044],[127.069028,37.665054],[127.069066,37.665119],[127.069066,37.665149],[127.069116,37.665301],[127.069152,37.665422],[127.069184,37.665523],[127.069214,37.665624],[127.069249,37.665735],[127.069296,37.665884],[127.06932,37.666058],[127.069372,37.666159],[127.06939,37.666198],[127.06939,37.666198],[127.069418,37.666248],[127.069467,37.666327],[127.069515,37.666408],[127.069527,37.666429],[127.069564,37.666492],[127.069615,37.666576],[127.069655,37.666643],[127.069543,37.666816],[127.06952,37.666921],[127.069497,37.667022],[127.069475,37.667121],[127.069453,37.667221],[127.069461,37.667222],[127.069439,37.667316],[127.069432,37.667316],[127.06941,37.667413],[127.069388,37.667512],[127.069372,37.667581],[127.069415,37.66761],[127.069465,37.667609],[127.069502,37.667597],[127.069666,37.667548],[127.069673,37.667545],[127.06972,37.667528],[127.069847,37.667481],[127.069978,37.66742],[127.06996,37.667386],[127.070013,37.667405],[127.070013,37.667405],[127.070065,37.667381],[127.070073,37.667378],[127.070266,37.667264],[127.070348,37.667217],[127.0704,37.667183],[127.070483,37.667127],[127.070506,37.667113],[127.070564,37.667069],[127.070719,37.666958],[127.070745,37.666938],[127.070782,37.666912],[127.070914,37.666819],[127.070994,37.666762],[127.071703,37.666271],[127.072141,37.665939],[127.07228,37.665834],[127.072772,37.665453],[127.072857,37.665394],[127.072968,37.665313],[127.073004,37.665288],[127.073122,37.665202],[127.073235,37.66512],[127.07335,37.665035],[127.073471,37.664948],[127.073587,37.664865],[127.073728,37.664765],[127.073753,37.664748],[127.073792,37.664715],[127.073803,37.664706],[127.073867,37.664657],[127.073944,37.664597],[127.07402,37.664539],[127.074094,37.664483],[127.074126,37.664458],[127.074199,37.664402],[127.074348,37.664289],[127.074424,37.664232],[127.074498,37.664176],[127.074575,37.664118],[127.074686,37.664036],[127.074731,37.664],[127.07456,37.663977],[127.074422,37.66396],[127.074411,37.663959],[127.074398,37.663958],[127.074383,37.663949],[127.074283,37.663903],[127.074189,37.663858],[127.074185,37.663856],[127.074151,37.663841],[127.074054,37.663794],[127.07395,37.663745],[127.073921,37.663731],[127.073852,37.663654],[127.0738,37.6636],[127.07374,37.663521],[127.073707,37.663464],[127.073606,37.663282],[127.073624,37.663266],[127.073582,37.66318],[127.073542,37.663131],[127.073538,37.663128],[127.073516,37.663117],[127.073487,37.663062],[127.073434,37.663028],[127.073423,37.663042],[127.073299,37.663],[127.073175,37.662957],[127.073125,37.66294],[127.073081,37.662904],[127.073017,37.662853],[127.072992,37.662834],[127.072848,37.66273],[127.072831,37.662717],[127.072733,37.662646],[127.072727,37.662649],[127.072724,37.662646],[127.072639,37.662574],[127.072564,37.662509],[127.072508,37.662453],[127.072418,37.662358],[127.072371,37.662307],[127.072329,37.662264],[127.0723,37.662233],[127.072208,37.662136],[127.072085,37.662201],[127.071911,37.662069],[127.071823,37.662002],[127.07174,37.661939],[127.071671,37.661887],[127.071592,37.66183],[127.071516,37.661774],[127.071395,37.661686],[127.071355,37.66169],[127.071315,37.661724],[127.071259,37.661774],[127.071201,37.661825],[127.071161,37.661859],[127.071161,37.661885],[127.071157,37.661928],[127.071078,37.661869],[127.071003,37.661813],[127.070997,37.661809],[127.070991,37.661805],[127.07091,37.661745],[127.070824,37.661681],[127.07073,37.661611],[127.070706,37.661594],[127.070706,37.661594],[127.070554,37.661721],[127.070472,37.661789],[127.070422,37.66183],[127.070303,37.66193],[127.070188,37.662026],[127.070154,37.662053],[127.070035,37.662154],[127.069931,37.662243],[127.069922,37.662251],[127.06989,37.662277],[127.069816,37.662342],[127.069699,37.662441],[127.069595,37.662529],[127.069587,37.662536],[127.069554,37.662566],[127.069378,37.662714],[127.06932,37.662765],[127.069206,37.662863],[127.06911,37.662943],[127.069051,37.662994],[127.069028,37.663014],[127.069,37.663039],[127.068918,37.663105],[127.068803,37.663198],[127.068766,37.663228],[127.068742,37.663241],[127.06877,37.663307],[127.068789,37.663338],[127.068839,37.66342],[127.068843,37.66343],[127.068852,37.663467],[127.068898,37.66364],[127.06872,37.663675],[127.068748,37.663765],[127.068786,37.663886],[127.068564,37.663966],[127.068483,37.663995],[127.06846,37.664003]]]]},"properties":{"program":"신속통합기획","site":"상계5구역","selected":"2021.12 1차 공모","address":"노원구 상계동 154-3","area_m2":192670.0,"boundary_source":"토지거래허가구역"}},{"type":"Feature","geometry":{"type":"MultiPolygon","coordinates":[[[[126.932665,37.61109],[126.932695,37.610994],[126.932707,37.610979],[126.93277,37.610899],[126.932705,37.610859],[126.932706,37.61084],[126.932721,37.610812],[126.932742,37.610711],[126.932743,37.61071],[126.932759,37.610643],[126.932774,37.610643],[126.932834,37.610637],[126.932871,37.610633],[126.932872,37.610616],[126.932834,37.610583],[126.932779,37.610534],[126.932681,37.610523],[126.932584,37.61051],[126.932443,37.610493],[126.932431,37.610491],[126.932237,37.610467],[126.932196,37.610461],[126.932058,37.610447],[126.931893,37.61042],[126.931869,37.610498],[126.931853,37.610561],[126.931847,37.610583],[126.931816,37.610728],[126.931803,37.610803],[126.931801,37.610867],[126.931796,37.611017],[126.931796,37.611131],[126.9318,37.611313],[126.931801,37.611385],[126.931796,37.611444],[126.931798,37.611455],[126.93181,37.611549],[126.931824,37.611627],[126.931849,37.611721],[126.931866,37.611787],[126.931882,37.611897],[126.931889,37.611951],[126.931906,37.61196],[126.931954,37.611956],[126.932001,37.611953],[126.932018,37.611948],[126.932108,37.611941],[126.93222,37.611933],[126.932237,37.611931],[126.932331,37.611924],[126.93242,37.611917],[126.932509,37.611912],[126.932536,37.611915],[126.93263,37.611908],[126.932705,37.611902],[126.932725,37.611901],[126.932827,37.611892],[126.932942,37.611882],[126.932931,37.611777],[126.9329,37.61172],[126.932848,37.611666],[126.932797,37.611595],[126.932753,37.611524],[126.93269,37.611421],[126.932684,37.611406],[126.932682,37.611391],[126.932679,37.611358],[126.932667,37.611266],[126.932556,37.611266],[126.932546,37.611267],[126.932548,37.61124],[126.932552,37.611194],[126.932632,37.611195],[126.932656,37.611118],[126.932665,37.61109]]]]},"properties":{"program":"신속통합기획","site":"불광8구역","selected":"2021.12 1차 공모","address":"은평구 불광동 600","area_m2":13105.0,"boundary_source":"정비구역"}},{"type":"Feature","geometry":{"type":"MultiPolygon","coordinates":[[[[126.947534,37.598772],[126.947548,37.598802],[126.947589,37.598901],[126.9476,37.598925],[126.94761,37.598947],[126.947775,37.599093],[126.947793,37.599107],[126.947866,37.599167],[126.947937,37.599199],[126.947995,37.599209],[126.948014,37.599214],[126.948036,37.599219],[126.948086,37.599221],[126.948168,37.599238],[126.948205,37.59924],[126.948256,37.599243],[126.948284,37.599246],[126.948372,37.599261],[126.948418,37.599281],[126.948454,37.599319],[126.948511,37.599367],[126.948546,37.59943],[126.948556,37.599427],[126.948579,37.599466],[126.948612,37.599511],[126.94862,37.599524],[126.948679,37.599649],[126.948707,37.599752],[126.948721,37.599749],[126.94875,37.599829],[126.948784,37.599941],[126.948894,37.600248],[126.94894,37.600376],[126.948942,37.600387],[126.948986,37.600502],[126.949001,37.600523],[126.949018,37.600593],[126.949028,37.600636],[126.94906,37.600714],[126.949097,37.600809],[126.949108,37.600838],[126.949144,37.600937],[126.949181,37.601026],[126.949228,37.601117],[126.949244,37.601135],[126.949298,37.601198],[126.949329,37.601233],[126.949363,37.601274],[126.949396,37.601314],[126.949419,37.601338],[126.949466,37.60139],[126.949613,37.601374],[126.949636,37.601365],[126.949676,37.601349],[126.94975,37.601315],[126.94974,37.601222],[126.949682,37.601116],[126.949679,37.601109],[126.949669,37.60109],[126.94963,37.601026],[126.94959,37.600957],[126.949579,37.600949],[126.949575,37.60094],[126.949549,37.600873],[126.949524,37.600807],[126.949517,37.600771],[126.949505,37.600747],[126.949474,37.600671],[126.949466,37.600624],[126.949461,37.600586],[126.949459,37.600578],[126.949449,37.600529],[126.949558,37.600524],[126.94963,37.600521],[126.949691,37.600519],[126.94977,37.600511],[126.949818,37.600505],[126.949897,37.600503],[126.949982,37.6005],[126.950088,37.600496],[126.950191,37.600493],[126.950281,37.60049],[126.950368,37.600478],[126.950451,37.600455],[126.95049,37.600389],[126.950499,37.600328],[126.950506,37.600297],[126.950504,37.600269],[126.950511,37.600216],[126.95064,37.600221],[126.950772,37.600248],[126.950825,37.60025],[126.950876,37.600254],[126.950918,37.60025],[126.950978,37.600249],[126.951049,37.600208],[126.951121,37.6002],[126.951157,37.600223],[126.951207,37.600237],[126.951223,37.60024],[126.951286,37.600106],[126.951304,37.600063],[126.951339,37.599977],[126.951488,37.599993],[126.95143,37.599816],[126.951375,37.599816],[126.951384,37.599762],[126.951378,37.599628],[126.951473,37.599564],[126.951518,37.599534],[126.951839,37.599578],[126.95191,37.599552],[126.952231,37.599317],[126.952015,37.599095],[126.951687,37.598569],[126.951687,37.598457],[126.951638,37.598445],[126.951561,37.598445],[126.95148,37.598329],[126.951474,37.598057],[126.95159,37.598125],[126.951687,37.597995],[126.951641,37.597984],[126.951657,37.597848],[126.95153,37.597791],[126.951545,37.597658],[126.951602,37.597535],[126.951646,37.597471],[126.951606,37.59747],[126.951594,37.597397],[126.951531,37.597385],[126.951534,37.597361],[126.951553,37.597366],[126.951567,37.597342],[126.951613,37.59735],[126.951632,37.597336],[126.951644,37.597294],[126.951549,37.597274],[126.951596,37.597193],[126.951595,37.597137],[126.951449,37.597062],[126.951438,37.597053],[126.951494,37.596909],[126.951519,37.596825],[126.951665,37.596766],[126.951787,37.596671],[126.951814,37.596693],[126.951912,37.596757],[126.952067,37.596808],[126.952127,37.596666],[126.952293,37.596694],[126.952298,37.596604],[126.952381,37.596568],[126.95253,37.596648],[126.952679,37.596727],[126.95261,37.596418],[126.952355,37.596271],[126.95224,37.596177],[126.952188,37.596133],[126.952111,37.596078],[126.95205,37.596035],[126.951973,37.596019],[126.951781,37.595978],[126.951541,37.59595],[126.951407,37.595949],[126.951306,37.595962],[126.951254,37.596002],[126.951149,37.596114],[126.951098,37.596188],[126.95096,37.596385],[126.950893,37.596572],[126.950866,37.596646],[126.950858,37.596682],[126.950848,37.596759],[126.950838,37.596838],[126.950833,37.59689],[126.950823,37.59691],[126.950781,37.596985],[126.950714,37.597106],[126.950604,37.597306],[126.950543,37.597417],[126.950501,37.59749],[126.950401,37.597624],[126.950259,37.597814],[126.950134,37.59793],[126.950123,37.59794],[126.949961,37.598051],[126.949831,37.598144],[126.949801,37.598165],[126.949758,37.598195],[126.949746,37.598204],[126.949547,37.598302],[126.949418,37.59835],[126.949349,37.598378],[126.949301,37.598398],[126.949249,37.598419],[126.949223,37.59843],[126.949197,37.598439],[126.949171,37.598449],[126.949134,37.598464],[126.949103,37.598477],[126.949071,37.598491],[126.949048,37.5985],[126.949025,37.598508],[126.949004,37.598516],[126.948935,37.598533],[126.948798,37.598557],[126.948711,37.598574],[126.948649,37.598586],[126.948474,37.598617],[126.948276,37.59864],[126.948062,37.598665],[126.947813,37.598696],[126.947682,37.598709],[126.947585,37.598719],[126.947555,37.598738],[126.947534,37.598772]]]]},"properties":{"program":"신속통합기획","site":"홍은15구역","selected":"2021.12 1차 공모","address":"서대문구 홍은동 8-400","area_m2":88211.0,"boundary_source":"토지거래허가구역"}},{"type":"Feature","geometry":{"type":"MultiPolygon","coordinates":[[[[126.95814,37.547232],[126.958237,37.547303],[126.958238,37.547305],[126.958295,37.547362],[126.958326,37.547391],[126.958374,37.547428],[126.958521,37.547555],[126.958571,37.547597],[126.958604,37.547626],[126.958618,37.547637],[126.958738,37.547578],[126.958839,37.547527],[126.95888,37.54758],[126.958904,37.54761],[126.958806,37.54766],[126.958799,37.547651],[126.958727,37.547689],[126.958696,37.547705],[126.958788,37.547785],[126.958789,37.547786],[126.958799,37.547793],[126.958867,37.547759],[126.958938,37.547723],[126.95898,37.547767],[126.958991,37.547762],[126.959024,37.5478],[126.959047,37.547773],[126.959074,37.547799],[126.959151,37.547867],[126.959101,37.547897],[126.959037,37.547934],[126.958994,37.547959],[126.959015,37.547978],[126.959079,37.548032],[126.959155,37.548095],[126.959198,37.548131],[126.959236,37.548173],[126.959277,37.548142],[126.959353,37.548091],[126.95939,37.548065],[126.959457,37.548124],[126.959465,37.548131],[126.959545,37.548201],[126.959604,37.548252],[126.959618,37.548261],[126.959677,37.548314],[126.959728,37.548358],[126.959778,37.548403],[126.959799,37.548436],[126.959841,37.548432],[126.959914,37.548462],[126.9599,37.548471],[126.959959,37.548516],[126.959994,37.548528],[126.960034,37.54855],[126.960056,37.54855],[126.96008,37.548559],[126.960126,37.54861],[126.96005,37.548644],[126.96012,37.548756],[126.960015,37.548809],[126.96003,37.548828],[126.960003,37.548867],[126.960012,37.548884],[126.959972,37.548948],[126.959954,37.548949],[126.959963,37.548963],[126.959997,37.549007],[126.960015,37.549029],[126.96002,37.549035],[126.960049,37.54907],[126.960084,37.549115],[126.960121,37.549159],[126.960178,37.549231],[126.960232,37.5493],[126.960284,37.549364],[126.960311,37.549352],[126.960474,37.549391],[126.960583,37.549417],[126.960643,37.54943],[126.960705,37.549461],[126.960695,37.549468],[126.960655,37.549501],[126.960646,37.549517],[126.960633,37.549538],[126.960587,37.549522],[126.96058,37.54952],[126.960481,37.549486],[126.960457,37.549531],[126.960409,37.549522],[126.96043,37.54955],[126.960444,37.549566],[126.960472,37.549602],[126.960568,37.549726],[126.96061,37.549784],[126.960648,37.549694],[126.960739,37.549716],[126.960812,37.549737],[126.960816,37.54975],[126.96091,37.549776],[126.960884,37.549842],[126.960844,37.549923],[126.960751,37.549907],[126.960701,37.5499],[126.960713,37.549915],[126.960756,37.549969],[126.960774,37.549992],[126.960776,37.549997],[126.960799,37.550023],[126.960812,37.55004],[126.960853,37.550086],[126.960857,37.550091],[126.960893,37.550183],[126.961577,37.550741],[126.961751,37.550826],[126.961773,37.550843],[126.961802,37.550867],[126.961816,37.550878],[126.961822,37.550884],[126.961862,37.550915],[126.961894,37.550939],[126.961924,37.55096],[126.961934,37.550967],[126.962025,37.55104],[126.962045,37.551057],[126.962067,37.551076],[126.962088,37.551095],[126.9621,37.551103],[126.962167,37.551154],[126.962181,37.551164],[126.962268,37.551233],[126.962323,37.551278],[126.96235,37.551301],[126.962369,37.551314],[126.962401,37.551339],[126.962453,37.551314],[126.962482,37.551293],[126.962509,37.55128],[126.962542,37.551263],[126.962568,37.551232],[126.962767,37.551054],[126.962836,37.55102],[126.96304,37.550828],[126.963186,37.550659],[126.963229,37.550576],[126.963233,37.550539],[126.963236,37.550523],[126.963235,37.550492],[126.963235,37.550481],[126.963235,37.550461],[126.963486,37.550175],[126.96352,37.550075],[126.963543,37.550049],[126.963545,37.550042],[126.963509,37.550012],[126.963507,37.549943],[126.963505,37.54988],[126.963504,37.549848],[126.963503,37.549788],[126.963499,37.549726],[126.963499,37.549724],[126.963498,37.549682],[126.963498,37.549634],[126.963498,37.549621],[126.963494,37.549598],[126.963479,37.549499],[126.963465,37.549346],[126.963462,37.549311],[126.963454,37.549236],[126.96345,37.549201],[126.96345,37.549199],[126.963434,37.549196],[126.963397,37.549189],[126.963324,37.549176],[126.963297,37.549182],[126.96317,37.549199],[126.963186,37.549154],[126.963215,37.549158],[126.96321,37.549124],[126.963212,37.549069],[126.963212,37.54904],[126.963217,37.548935],[126.963368,37.54893],[126.963378,37.548908],[126.963358,37.54887],[126.963349,37.548853],[126.963384,37.548848],[126.96342,37.548879],[126.963416,37.548835],[126.963418,37.54878],[126.963417,37.548767],[126.963377,37.548789],[126.963247,37.548789],[126.963163,37.54879],[126.963053,37.54879],[126.963013,37.548791],[126.962917,37.548791],[126.962657,37.548796],[126.962551,37.548799],[126.962441,37.548783],[126.962415,37.548778],[126.962386,37.54878],[126.962238,37.548793],[126.962187,37.548792],[126.962087,37.548791],[126.961967,37.548775],[126.961925,37.54877],[126.961844,37.548758],[126.961709,37.548737],[126.961683,37.548732],[126.96159,37.548679],[126.961552,37.548657],[126.961528,37.548642],[126.961433,37.548584],[126.961383,37.548535],[126.961356,37.548489],[126.961345,37.548443],[126.961355,37.548329],[126.96137,37.548205],[126.96138,37.548132],[126.961378,37.548063],[126.961332,37.54806],[126.961278,37.548056],[126.961243,37.548054],[126.961182,37.54805],[126.961095,37.548044],[126.961046,37.54804],[126.960948,37.548033],[126.960822,37.548026],[126.960632,37.548014],[126.960606,37.547987],[126.960639,37.547832],[126.960676,37.547655],[126.960725,37.54742],[126.960746,37.547318],[126.960738,37.547245],[126.960657,37.547244],[126.960533,37.547242],[126.960495,37.547242],[126.960243,37.54724],[126.960134,37.547239],[126.960036,37.547238],[126.959908,37.547237],[126.959584,37.54724],[126.9594,37.547241],[126.959256,37.547242],[126.959139,37.547228],[126.959097,37.547221],[126.959055,37.547215],[126.959006,37.547206],[126.958913,37.547191],[126.958793,37.5472],[126.958657,37.547218],[126.95854,37.547238],[126.958508,37.547249],[126.958408,37.547261],[126.958296,37.547255],[126.958218,37.547239],[126.95815,37.547232],[126.95814,37.547232]]]]},"properties":{"program":"신속통합기획","site":"공덕8구역","selected":"2021.12 1차 공모","address":"마포구 공덕동 11-24","area_m2":82586.0,"boundary_source":"토지거래허가구역"}},{"type":"Feature","geometry":{"type":"MultiPolygon","coordinates":[[[[126.831325,37.524491],[126.831271,37.524686],[126.831258,37.524731],[126.831249,37.524764],[126.83124,37.524795],[126.832576,37.525017],[126.832666,37.525027],[126.832757,37.525033],[126.832848,37.525036],[126.83294,37.525035],[126.833031,37.525032],[126.833122,37.525024],[126.833212,37.525014],[126.833301,37.524999],[126.83339,37.524982],[126.833477,37.524961],[126.833563,37.524937],[126.833648,37.52491],[126.83373,37.524879],[126.835398,37.52415],[126.835452,37.524121],[126.835503,37.524089],[126.835552,37.524054],[126.835599,37.524018],[126.835643,37.523979],[126.835684,37.523939],[126.835722,37.523896],[126.835756,37.523852],[126.835787,37.523807],[126.835837,37.523726],[126.836711,37.522276],[126.836327,37.522129],[126.836308,37.522087],[126.836395,37.521943],[126.835703,37.520375],[126.835717,37.520332],[126.836135,37.520031],[126.836055,37.519949],[126.835975,37.519866],[126.835956,37.519846],[126.83573,37.51983],[126.835538,37.519967],[126.835311,37.520129],[126.8353,37.520137],[126.835156,37.520239],[126.835063,37.520306],[126.835045,37.520319],[126.834993,37.520358],[126.834942,37.520399],[126.834927,37.520412],[126.834863,37.520468],[126.834803,37.520527],[126.834778,37.520553],[126.834738,37.520596],[126.834692,37.520649],[126.834649,37.520705],[126.834642,37.520714],[126.834596,37.520779],[126.834584,37.520798],[126.834553,37.520847],[126.834514,37.520911],[126.83441,37.521083],[126.834257,37.521337],[126.834208,37.521418],[126.834137,37.521536],[126.834072,37.521644],[126.834055,37.521672],[126.833964,37.521823],[126.833838,37.522033],[126.833796,37.522102],[126.833702,37.522258],[126.833583,37.522357],[126.833946,37.52278],[126.833638,37.522948],[126.833283,37.522538],[126.833209,37.522579],[126.833034,37.522674],[126.832942,37.522725],[126.832851,37.522775],[126.832499,37.522967],[126.832385,37.52303],[126.832207,37.523128],[126.831961,37.523309],[126.831826,37.523493],[126.831792,37.52357],[126.831648,37.523891],[126.831605,37.523985],[126.831574,37.524002],[126.831514,37.524134],[126.831467,37.524241],[126.831374,37.524315],[126.831325,37.524491]]]]},"properties":{"program":"신속통합기획","site":"신월7동1구역","selected":"2021.12 1차 공모","address":"양천구 신월동 102-33","area_m2":119137.0,"boundary_source":"정비구역"}},{"type":"Feature","geometry":{"type":"MultiPolygon","coordinates":[[[[126.811651,37.56734],[126.811654,37.567229],[126.811657,37.567194],[126.81166,37.567086],[126.811666,37.566992],[126.811668,37.566841],[126.811669,37.566782],[126.81167,37.566756],[126.811671,37.566717],[126.811566,37.566713],[126.811574,37.566602],[126.811582,37.566485],[126.811335,37.566486],[126.811335,37.566467],[126.811223,37.56647],[126.811203,37.56648],[126.811192,37.566464],[126.811182,37.566446],[126.81111,37.566502],[126.811062,37.56647],[126.811042,37.566484],[126.810977,37.566537],[126.810962,37.566521],[126.810921,37.566499],[126.810849,37.566472],[126.810799,37.566467],[126.810745,37.566476],[126.810603,37.566524],[126.810523,37.566552],[126.810446,37.566576],[126.810327,37.566617],[126.810211,37.566658],[126.810113,37.566692],[126.810007,37.566731],[126.809901,37.566771],[126.809766,37.566821],[126.809712,37.566823],[126.809519,37.566848],[126.809335,37.566873],[126.80931,37.566878],[126.809122,37.566904],[126.80896,37.566928],[126.808913,37.566933],[126.808782,37.566954],[126.808648,37.566973],[126.80851,37.566992],[126.808376,37.567012],[126.808227,37.567034],[126.808068,37.567056],[126.807924,37.567078],[126.807879,37.56708],[126.807846,37.567097],[126.80778,37.567131],[126.807759,37.567141],[126.807738,37.567248],[126.807725,37.567299],[126.807722,37.567381],[126.807724,37.567455],[126.807725,37.567491],[126.807716,37.567562],[126.807703,37.567652],[126.807714,37.567664],[126.807718,37.567664],[126.807789,37.567673],[126.807787,37.567685],[126.807786,37.567693],[126.807805,37.567693],[126.807832,37.567692],[126.807996,37.567692],[126.808329,37.567692],[126.808578,37.567689],[126.808876,37.567689],[126.808993,37.567688],[126.809032,37.567688],[126.809151,37.567686],[126.809296,37.567685],[126.809447,37.567684],[126.809591,37.567683],[126.809751,37.567682],[126.809833,37.567683],[126.810056,37.567683],[126.810201,37.567685],[126.81025,37.567684],[126.810401,37.567689],[126.810516,37.567689],[126.810677,37.567691],[126.810766,37.56769],[126.810816,37.56769],[126.810971,37.567688],[126.811125,37.567687],[126.811129,37.567687],[126.811192,37.567686],[126.811315,37.567685],[126.811373,37.567684],[126.811474,37.567682],[126.811522,37.567682],[126.811563,37.567681],[126.811636,37.567623],[126.811642,37.567547],[126.811645,37.567438],[126.811651,37.56734]]]]},"properties":{"program":"신속통합기획","site":"방화2구역","selected":"2021.12 1차 공모","address":"강서구 방화동 609-97","area_m2":34900.0,"boundary_source":"정비구역"}},{"type":"Feature","geometry":{"type":"MultiPolygon","coordinates":[[[[126.88552,37.483042],[126.885492,37.48306],[126.885435,37.483119],[126.88538,37.483132],[126.885239,37.483225],[126.885115,37.483313],[126.884968,37.483416],[126.884902,37.483454],[126.884799,37.483529],[126.884761,37.483546],[126.884744,37.483561],[126.88469,37.483596],[126.884605,37.483656],[126.884551,37.483693],[126.884543,37.483702],[126.884502,37.483731],[126.884495,37.483735],[126.884409,37.483792],[126.884356,37.483832],[126.884356,37.483832],[126.884232,37.483913],[126.884146,37.483971],[126.884119,37.483989],[126.884052,37.484032],[126.88396,37.48409],[126.883956,37.484092],[126.883922,37.484116],[126.883919,37.484119],[126.883896,37.484136],[126.883887,37.484143],[126.883886,37.484144],[126.883857,37.484163],[126.883913,37.484166],[126.883945,37.484193],[126.884002,37.484243],[126.884041,37.484277],[126.884059,37.484292],[126.884072,37.484303],[126.884074,37.484314],[126.883998,37.484376],[126.88395,37.484415],[126.883944,37.484434],[126.883919,37.484533],[126.88394,37.484533],[126.883933,37.484546],[126.883967,37.484578],[126.883983,37.484578],[126.884056,37.484669],[126.884069,37.484685],[126.884078,37.484697],[126.884085,37.48469],[126.884149,37.484779],[126.884252,37.484928],[126.884251,37.484941],[126.88426,37.484979],[126.88426,37.484981],[126.884369,37.485054],[126.884403,37.485027],[126.884455,37.484985],[126.884485,37.484959],[126.884522,37.484985],[126.88455,37.484953],[126.884568,37.484933],[126.884572,37.484929],[126.884578,37.484923],[126.884572,37.484919],[126.884621,37.484861],[126.884633,37.484847],[126.88465,37.484827],[126.884664,37.484834],[126.884675,37.484838],[126.884688,37.484844],[126.884754,37.484877],[126.884771,37.484885],[126.884816,37.484908],[126.884928,37.484964],[126.884942,37.484971],[126.885076,37.485043],[126.885106,37.48507],[126.88512,37.485083],[126.885148,37.485105],[126.885194,37.485138],[126.885247,37.485175],[126.885287,37.485212],[126.885292,37.485216],[126.885353,37.485258],[126.885394,37.485289],[126.885445,37.485323],[126.885498,37.485282],[126.885559,37.485238],[126.885596,37.485212],[126.885602,37.485208],[126.88561,37.485201],[126.885627,37.48519],[126.885749,37.485141],[126.885849,37.485103],[126.885883,37.48509],[126.885929,37.484937],[126.885935,37.48493],[126.886017,37.484742],[126.886028,37.484717],[126.886035,37.484702],[126.886067,37.484629],[126.886132,37.484479],[126.88614,37.484461],[126.886193,37.484349],[126.886202,37.48433],[126.886219,37.484292],[126.886303,37.484121],[126.88647,37.483765],[126.886505,37.483664],[126.88651,37.483617],[126.886533,37.483574],[126.886547,37.48355],[126.886568,37.483512],[126.886578,37.483493],[126.886629,37.483394],[126.886639,37.483376],[126.886692,37.483274],[126.886705,37.483254],[126.886754,37.483186],[126.886771,37.483163],[126.886885,37.483003],[126.886986,37.482862],[126.886961,37.482824],[126.886722,37.482829],[126.886639,37.48283],[126.886566,37.482831],[126.886464,37.482834],[126.886365,37.482835],[126.886277,37.482836],[126.886192,37.482838],[126.886063,37.48284],[126.885815,37.482843],[126.885718,37.482908],[126.885409,37.482638],[126.885364,37.482668],[126.88528,37.482727],[126.88527,37.482733],[126.885223,37.482766],[126.885213,37.482773],[126.88552,37.483042]]]]},"properties":{"program":"신속통합기획","site":"가리봉2구역","selected":"2021.12 1차 공모","address":"구로구 가리봉동 87-177","area_m2":40522.0,"boundary_source":"정비구역"}},{"type":"Feature","geometry":{"type":"MultiPolygon","coordinates":[[[[126.905251,37.458795],[126.905399,37.458813],[126.905527,37.45883],[126.905616,37.458841],[126.905703,37.458852],[126.905783,37.458862],[126.905907,37.458908],[126.906212,37.459176],[126.906242,37.459203],[126.906355,37.459302],[126.906443,37.45938],[126.906541,37.459424],[126.906799,37.459145],[126.906881,37.459195],[126.907019,37.459278],[126.9071,37.459327],[126.907259,37.459299],[126.907368,37.45928],[126.907568,37.459244],[126.907645,37.459231],[126.907764,37.459166],[126.907821,37.459137],[126.907877,37.459202],[126.907954,37.459292],[126.908,37.459346],[126.908045,37.459352],[126.908059,37.45933],[126.908082,37.459287],[126.908102,37.459241],[126.908116,37.459205],[126.908129,37.459162],[126.908137,37.459133],[126.908142,37.459104],[126.908147,37.459066],[126.908153,37.45886],[126.908157,37.458736],[126.908132,37.458632],[126.908108,37.458562],[126.90808,37.458503],[126.908059,37.458482],[126.908056,37.458427],[126.9082,37.458325],[126.9082,37.458304],[126.9082,37.458281],[126.908242,37.458243],[126.908243,37.458233],[126.908252,37.458181],[126.908252,37.458127],[126.908252,37.458101],[126.908265,37.45807],[126.908254,37.458001],[126.908234,37.457876],[126.908233,37.457867],[126.908204,37.457849],[126.908197,37.457844],[126.908231,37.457758],[126.908237,37.4577],[126.908046,37.457736],[126.907979,37.457749],[126.907973,37.45775],[126.90786,37.457772],[126.907835,37.457776],[126.907827,37.457778],[126.907813,37.45778],[126.907748,37.457793],[126.907717,37.457799],[126.907694,37.457785],[126.907659,37.457765],[126.907628,37.457747],[126.907598,37.45773],[126.90765,37.457713],[126.907656,37.457667],[126.907558,37.457431],[126.907563,37.457426],[126.907576,37.457426],[126.907454,37.457167],[126.907424,37.457058],[126.907414,37.457038],[126.907431,37.457009],[126.907434,37.456972],[126.907462,37.456934],[126.907502,37.456896],[126.907587,37.456846],[126.90771,37.456813],[126.907729,37.456815],[126.907769,37.456799],[126.907844,37.45674],[126.907876,37.456715],[126.907907,37.456656],[126.907924,37.456624],[126.907961,37.456553],[126.90779,37.456531],[126.907757,37.456527],[126.907625,37.45651],[126.907507,37.456494],[126.907473,37.45649],[126.907359,37.456475],[126.90724,37.45646],[126.90714,37.456447],[126.907073,37.456438],[126.906926,37.456419],[126.906784,37.456401],[126.906693,37.456389],[126.906603,37.456377],[126.906555,37.456371],[126.906409,37.456352],[126.906337,37.456343],[126.90625,37.456331],[126.906163,37.45632],[126.90606,37.456307],[126.906015,37.456301],[126.905911,37.456287],[126.90585,37.456279],[126.905756,37.456267],[126.905734,37.456374],[126.905718,37.456459],[126.905701,37.456544],[126.905682,37.456638],[126.905676,37.456665],[126.905665,37.456723],[126.905642,37.456837],[126.905625,37.456924],[126.90562,37.456951],[126.905603,37.457034],[126.905583,37.457134],[126.90556,37.457251],[126.905543,37.457338],[126.905525,37.457428],[126.905492,37.457591],[126.905468,37.457713],[126.905463,37.457735],[126.905433,37.457883],[126.905415,37.457976],[126.905411,37.457997],[126.905395,37.458075],[126.905389,37.458104],[126.905363,37.458234],[126.905358,37.458261],[126.905318,37.458461],[126.905295,37.458572],[126.905273,37.458683],[126.905251,37.458795]]]]},"properties":{"program":"신속통합기획","site":"시흥1구역","selected":"2021.12 1차 공모","address":"금천구 시흥동 810","area_m2":65899.0,"boundary_source":"토지거래허가구역"}},{"type":"Feature","geometry":{"type":"MultiPolygon","coordinates":[[[[126.903674,37.534773],[126.903688,37.534815],[126.903773,37.534864],[126.903775,37.534865],[126.90385,37.534908],[126.90396,37.53497],[126.904302,37.535009],[126.904397,37.535011],[126.904599,37.534923],[126.904732,37.534815],[126.904905,37.534678],[126.905095,37.534532],[126.905262,37.534394],[126.90536,37.534316],[126.905415,37.534268],[126.905444,37.534243],[126.905522,37.534176],[126.905579,37.534126],[126.905624,37.534084],[126.905725,37.533984],[126.905783,37.533923],[126.905865,37.533836],[126.905894,37.533802],[126.905969,37.533713],[126.905976,37.533704],[126.906049,37.533609],[126.906066,37.533584],[126.906112,37.533515],[126.906127,37.533491],[126.906179,37.533405],[126.906196,37.533377],[126.906221,37.533335],[126.906282,37.533227],[126.906283,37.533225],[126.906365,37.533077],[126.906597,37.532697],[126.906642,37.532683],[126.906546,37.532615],[126.906505,37.532585],[126.906401,37.53251],[126.906288,37.532435],[126.906172,37.532356],[126.906104,37.532359],[126.906022,37.532415],[126.905965,37.532453],[126.905875,37.532514],[126.905849,37.532531],[126.905811,37.532556],[126.905756,37.532594],[126.905677,37.532645],[126.905556,37.532743],[126.905456,37.532786],[126.905322,37.532782],[126.905244,37.532784],[126.905235,37.532783],[126.905185,37.532768],[126.905136,37.532754],[126.905068,37.532716],[126.905053,37.532782],[126.905046,37.532805],[126.905038,37.532831],[126.905017,37.532925],[126.905014,37.533014],[126.905013,37.533028],[126.905013,37.533078],[126.905013,37.533117],[126.904925,37.533205],[126.904899,37.533235],[126.904855,37.533288],[126.904812,37.533337],[126.904758,37.533438],[126.904731,37.533486],[126.904713,37.533557],[126.904695,37.533609],[126.904669,37.533674],[126.904652,37.533714],[126.90462,37.533776],[126.904587,37.533837],[126.904564,37.533881],[126.90452,37.533936],[126.904444,37.534023],[126.904436,37.534032],[126.904391,37.534074],[126.904378,37.534087],[126.90431,37.534134],[126.904287,37.534161],[126.904226,37.534229],[126.904203,37.534255],[126.904187,37.534267],[126.904128,37.534327],[126.904108,37.534344],[126.904044,37.534437],[126.90404,37.534443],[126.904036,37.534449],[126.903964,37.534549],[126.903945,37.534576],[126.903878,37.534665],[126.903738,37.534739],[126.903674,37.534773]]]]},"properties":{"program":"신속통합기획","site":"당산1구역","selected":"2021.12 1차 공모","address":"영등포구 당산동6가 104","area_m2":30973.0,"boundary_source":"토지거래허가구역"}},{"type":"Feature","geometry":{"type":"Point","coordinates":[126.934902,37.50029]},"properties":{"program":"신속통합기획","site":"상도14구역","selected":"2021.12 1차 공모","address":"동작구 상도동 244","area_m2":50788.0,"boundary_source":null}},{"type":"Feature","geometry":{"type":"MultiPolygon","coordinates":[[[[126.917025,37.463609],[126.917086,37.46369],[126.916947,37.463758],[126.91698,37.463801],[126.917001,37.463828],[126.917129,37.463992],[126.917138,37.464004],[126.917159,37.464034],[126.917261,37.463992],[126.917295,37.463978],[126.917352,37.463954],[126.917453,37.463911],[126.917536,37.463875],[126.91765,37.463825],[126.917801,37.463759],[126.917838,37.463794],[126.917971,37.463763],[126.91809,37.463644],[126.918222,37.463525],[126.918287,37.463462],[126.918346,37.463407],[126.918543,37.463221],[126.918586,37.463284],[126.918689,37.463347],[126.91869,37.463348],[126.91878,37.463395],[126.918844,37.463387],[126.918844,37.463381],[126.918844,37.463374],[126.918842,37.463294],[126.918836,37.4632],[126.918831,37.463123],[126.918839,37.463057],[126.91884,37.462967],[126.918642,37.462919],[126.918498,37.462884],[126.918497,37.462882],[126.918403,37.462856],[126.917844,37.462698],[126.917816,37.462703],[126.917677,37.462685],[126.917621,37.462672],[126.917528,37.462623],[126.917294,37.462404],[126.917251,37.462325],[126.917068,37.462323],[126.917042,37.462254],[126.917045,37.462201],[126.917014,37.4622],[126.916939,37.462151],[126.916787,37.462151],[126.916616,37.462119],[126.916473,37.462014],[126.916413,37.461906],[126.916018,37.461587],[126.915936,37.461461],[126.915859,37.461384],[126.915768,37.46131],[126.915675,37.461263],[126.915646,37.46126],[126.915585,37.461267],[126.915504,37.461187],[126.915506,37.461167],[126.915501,37.461146],[126.915378,37.460716],[126.915346,37.460556],[126.9153,37.460319],[126.915292,37.460277],[126.915291,37.460189],[126.915287,37.460001],[126.915288,37.45998],[126.915288,37.459959],[126.915266,37.459877],[126.915079,37.459871],[126.914904,37.459865],[126.91487,37.459864],[126.914839,37.459863],[126.914834,37.459918],[126.914822,37.460028],[126.914797,37.460298],[126.914785,37.460417],[126.914763,37.460652],[126.914759,37.460684],[126.914763,37.460716],[126.915022,37.461827],[126.914993,37.46213],[126.915016,37.462199],[126.915166,37.462409],[126.915148,37.462467],[126.914674,37.462662],[126.914322,37.463062],[126.914158,37.463253],[126.913955,37.463489],[126.913954,37.463516],[126.913978,37.46353],[126.914419,37.463588],[126.914625,37.46366],[126.915537,37.463977],[126.915571,37.463992],[126.91583,37.464107],[126.915926,37.464042],[126.916138,37.464214],[126.916183,37.464176],[126.916399,37.463992],[126.916692,37.463743],[126.916728,37.463712],[126.917025,37.463609]]]]},"properties":{"program":"신속통합기획","site":"신림7구역","selected":"2021.12 1차 공모","address":"관악구 신림동 1433","area_m2":75600.0,"boundary_source":"정비구역"}},{"type":"Feature","geometry":{"type":"MultiPolygon","coordinates":[[[[127.149745,37.5008],[127.149963,37.500705],[127.150123,37.500635],[127.150298,37.500559],[127.150365,37.50053],[127.15079,37.500345],[127.150818,37.500331],[127.150869,37.50031],[127.151015,37.500251],[127.151034,37.500209],[127.151101,37.500153],[127.151226,37.500046],[127.151351,37.499951],[127.151347,37.499947],[127.151444,37.499872],[127.151514,37.499821],[127.151651,37.499735],[127.151698,37.499714],[127.151741,37.499697],[127.151891,37.499647],[127.152006,37.499604],[127.152153,37.499548],[127.152167,37.499504],[127.152124,37.499462],[127.152047,37.499387],[127.151953,37.4993],[127.151927,37.499275],[127.151835,37.499186],[127.151718,37.499077],[127.151625,37.498992],[127.151531,37.498902],[127.151461,37.498834],[127.151385,37.498762],[127.151303,37.498686],[127.151286,37.498671],[127.151267,37.498655],[127.151245,37.498633],[127.151191,37.498631],[127.151096,37.498688],[127.150979,37.498762],[127.150949,37.49878],[127.150821,37.498864],[127.150758,37.498903],[127.150758,37.498904],[127.150678,37.498954],[127.150599,37.498879],[127.150578,37.49886],[127.150514,37.498803],[127.150499,37.49879],[127.150467,37.498761],[127.150471,37.49876],[127.150377,37.498681],[127.150317,37.498629],[127.150252,37.498575],[127.150199,37.498527],[127.150142,37.498478],[127.150085,37.498425],[127.150019,37.498367],[127.149933,37.498292],[127.14991,37.498267],[127.149828,37.498191],[127.149799,37.498163],[127.149718,37.498087],[127.14967,37.498042],[127.149638,37.498012],[127.149608,37.497983],[127.149663,37.497955],[127.149655,37.497947],[127.149749,37.497899],[127.149787,37.497877],[127.149879,37.497829],[127.149969,37.497783],[127.150002,37.497764],[127.150089,37.497719],[127.150168,37.497677],[127.150183,37.49767],[127.15022,37.49765],[127.150278,37.497618],[127.150279,37.497568],[127.150204,37.497487],[127.150176,37.497468],[127.150181,37.497463],[127.150167,37.497449],[127.150019,37.497294],[127.149936,37.497211],[127.149852,37.497128],[127.149812,37.497136],[127.149733,37.497145],[127.149589,37.497162],[127.14954,37.497169],[127.149458,37.497179],[127.149027,37.497177],[127.148995,37.497102],[127.148984,37.497082],[127.148979,37.497073],[127.148894,37.496948],[127.148853,37.496876],[127.148824,37.496892],[127.148693,37.496775],[127.148581,37.496652],[127.148246,37.496881],[127.148174,37.496932],[127.148064,37.497009],[127.148307,37.497234],[127.148278,37.497242],[127.148067,37.497274],[127.14795,37.497304],[127.148069,37.497413],[127.148118,37.497459],[127.148255,37.497587],[127.148293,37.497622],[127.148377,37.4977],[127.14827,37.497781],[127.148249,37.497797],[127.148193,37.497843],[127.14816,37.497838],[127.148169,37.497854],[127.14807,37.49793],[127.148024,37.497967],[127.147907,37.498048],[127.147809,37.498124],[127.147779,37.498139],[127.147688,37.498204],[127.1476,37.498266],[127.14757,37.498286],[127.147449,37.498378],[127.14733,37.498458],[127.147289,37.498485],[127.147258,37.498506],[127.147176,37.498563],[127.147263,37.498653],[127.147307,37.498703],[127.147296,37.498733],[127.147315,37.498739],[127.147449,37.498776],[127.147485,37.498786],[127.147572,37.498832],[127.147672,37.498876],[127.147649,37.498908],[127.147498,37.498952],[127.147541,37.49905],[127.147581,37.499076],[127.14764,37.499209],[127.147667,37.499263],[127.147579,37.499322],[127.147627,37.49943],[127.147671,37.499527],[127.14768,37.49955],[127.147739,37.499681],[127.147824,37.499872],[127.147622,37.499929],[127.147652,37.499997],[127.147726,37.500162],[127.14779,37.500305],[127.147851,37.500441],[127.148075,37.500378],[127.148091,37.500413],[127.148142,37.500528],[127.148196,37.500649],[127.148208,37.500675],[127.14824,37.500746],[127.148273,37.500822],[127.148283,37.500844],[127.148334,37.500958],[127.148339,37.500969],[127.14838,37.501059],[127.14854,37.501014],[127.148513,37.500954],[127.148624,37.500878],[127.148755,37.500788],[127.148848,37.500861],[127.148881,37.500893],[127.148951,37.500961],[127.149015,37.501023],[127.14905,37.501057],[127.149117,37.501073],[127.149209,37.501033],[127.149317,37.500986],[127.149413,37.500945],[127.149503,37.500905],[127.149594,37.500866],[127.149697,37.500821],[127.149745,37.5008]],[[127.148857,37.499329],[127.149074,37.499178],[127.149114,37.499182],[127.149184,37.499195],[127.14922,37.499213],[127.149273,37.499239],[127.149221,37.499318],[127.149217,37.499327],[127.149327,37.499324],[127.149332,37.499442],[127.149396,37.499442],[127.1494,37.499467],[127.14936,37.499468],[127.149193,37.499472],[127.149192,37.499511],[127.149186,37.499569],[127.14919,37.499635],[127.149187,37.499691],[127.149181,37.499736],[127.149157,37.499811],[127.149162,37.499861],[127.149071,37.499919],[127.148993,37.499911],[127.14878,37.499704],[127.14864,37.499568],[127.148615,37.499544],[127.148624,37.499487],[127.148721,37.499423],[127.148857,37.499329]]]]},"properties":{"program":"신속통합기획","site":"마천5구역","selected":"2021.12 1차 공모","address":"송파구 마천동 141","area_m2":108040.0,"boundary_source":"정비구역"}},{"type":"Feature","geometry":{"type":"Point","coordinates":[127.132058,37.541879]},"properties":{"program":"신속통합기획","site":"천호A1-2구역","selected":"2021.12 1차 공모","address":"강동구 천호동 397-419","area_m2":30670.0,"boundary_source":null}},{"type":"Feature","geometry":{"type":"MultiPolygon","coordinates":[[[[127.008429,37.579258],[127.008464,37.579358],[127.008474,37.579377],[127.008502,37.579462],[127.008505,37.579472],[127.00852,37.579514],[127.008531,37.579549],[127.008537,37.579564],[127.008541,37.579577],[127.008608,37.579607],[127.00863,37.579616],[127.008659,37.57963],[127.008801,37.579691],[127.008837,37.579706],[127.008966,37.579758],[127.008997,37.57977],[127.009088,37.579807],[127.009144,37.579829],[127.009132,37.579791],[127.009259,37.579767],[127.009293,37.579884],[127.00929,37.579888],[127.009313,37.579897],[127.009329,37.579844],[127.009393,37.579755],[127.009404,37.57974],[127.009922,37.579772],[127.009988,37.579804],[127.010249,37.580134],[127.010305,37.580145],[127.010333,37.580153],[127.010335,37.580153],[127.010376,37.580167],[127.010437,37.580194],[127.010518,37.580242],[127.010543,37.580257],[127.010556,37.580256],[127.010789,37.579748],[127.010802,37.579719],[127.010805,37.579708],[127.010863,37.579589],[127.010888,37.579468],[127.010898,37.579464],[127.010892,37.579427],[127.010867,37.579297],[127.01086,37.579258],[127.01084,37.579222],[127.010834,37.5792],[127.010851,37.579107],[127.010894,37.578868],[127.010901,37.578815],[127.010934,37.578777],[127.011169,37.578511],[127.011208,37.578466],[127.011275,37.578389],[127.011383,37.578265],[127.0116,37.578019],[127.011815,37.577775],[127.011968,37.577864],[127.011969,37.577862],[127.012107,37.577734],[127.012108,37.577733],[127.012155,37.577707],[127.012281,37.577638],[127.012284,37.577636],[127.012347,37.577632],[127.012354,37.577629],[127.012368,37.577623],[127.012383,37.57761],[127.0124,37.577591],[127.012406,37.577584],[127.012461,37.577555],[127.012571,37.577496],[127.012573,37.577495],[127.012596,37.57748],[127.012632,37.577459],[127.012728,37.577399],[127.012684,37.577373],[127.012376,37.57709],[127.012361,37.576966],[127.012393,37.576951],[127.012423,37.576926],[127.012458,37.576893],[127.012577,37.5766],[127.012595,37.576557],[127.012607,37.576488],[127.012649,37.576164],[127.012651,37.576146],[127.012665,37.575946],[127.012663,37.575845],[127.012757,37.575844],[127.012806,37.575831],[127.01293,37.575798],[127.012882,37.575692],[127.012877,37.575683],[127.012901,37.575676],[127.013027,37.575642],[127.012998,37.575631],[127.012943,37.575539],[127.012939,37.57553],[127.012914,37.575523],[127.012904,37.575515],[127.01291,37.575482],[127.012917,37.575441],[127.012904,37.57539],[127.012898,37.57539],[127.012903,37.575386],[127.012991,37.575335],[127.012998,37.575329],[127.013032,37.575308],[127.013111,37.575254],[127.013131,37.575242],[127.013178,37.57521],[127.013112,37.575156],[127.013156,37.575132],[127.013246,37.575077],[127.013316,37.575146],[127.013337,37.575149],[127.013357,37.57515],[127.01341,37.575136],[127.01345,37.575125],[127.013373,37.575093],[127.013344,37.575089],[127.013331,37.575077],[127.01326,37.575007],[127.013251,37.574999],[127.013193,37.574942],[127.013184,37.574934],[127.01314,37.574884],[127.013131,37.574877],[127.013072,37.574818],[127.013064,37.57481],[127.01301,37.574756],[127.012949,37.574694],[127.012935,37.57468],[127.012867,37.574614],[127.01281,37.574553],[127.012797,37.574542],[127.012754,37.5745],[127.012615,37.574364],[127.012523,37.574284],[127.012438,37.574218],[127.01243,37.574211],[127.012417,37.574201],[127.012404,37.574191],[127.012355,37.574153],[127.012331,37.574143],[127.01225,37.574113],[127.012094,37.574093],[127.012076,37.574081],[127.012004,37.57403],[127.011987,37.574017],[127.011878,37.573926],[127.011833,37.573881],[127.011819,37.573876],[127.011697,37.573824],[127.01169,37.573821],[127.011601,37.573782],[127.011591,37.57378],[127.011486,37.573763],[127.011487,37.573761],[127.011383,37.573724],[127.011331,37.573698],[127.011304,37.57368],[127.011244,37.573625],[127.011245,37.57363],[127.011213,37.573928],[127.011172,37.573976],[127.011152,37.574018],[127.011158,37.574054],[127.011164,37.574101],[127.011182,37.574136],[127.011189,37.574149],[127.011179,37.574241],[127.011178,37.574254],[127.011134,37.574252],[127.010974,37.574251],[127.010952,37.574263],[127.01096,37.5743],[127.010973,37.57437],[127.010975,37.574385],[127.010963,37.574469],[127.010962,37.574479],[127.010965,37.574516],[127.010967,37.574556],[127.010966,37.57462],[127.010966,37.57463],[127.010893,37.574633],[127.010891,37.574686],[127.010832,37.574684],[127.010834,37.574706],[127.01084,37.574778],[127.010819,37.574778],[127.010805,37.574827],[127.010783,37.574903],[127.010776,37.574949],[127.010768,37.574955],[127.010668,37.574923],[127.010649,37.574931],[127.010641,37.574958],[127.010641,37.574996],[127.010643,37.575105],[127.010644,37.575176],[127.010627,37.575195],[127.010618,37.575284],[127.01056,37.57544],[127.010552,37.575497],[127.010569,37.575556],[127.010566,37.575586],[127.01054,37.575657],[127.010526,37.575693],[127.010522,37.575703],[127.010482,37.57575],[127.010468,37.575759],[127.010412,37.575872],[127.010402,37.575909],[127.010378,37.575989],[127.010375,37.576065],[127.010376,37.576106],[127.010372,37.57615],[127.010371,37.576184],[127.010428,37.576267],[127.010429,37.576292],[127.010424,37.576389],[127.010419,37.576414],[127.0104,37.576456],[127.010383,37.576495],[127.010343,37.576536],[127.010349,37.576559],[127.01032,37.576588],[127.010244,37.57666],[127.010229,37.576668],[127.010202,37.576685],[127.010165,37.576719],[127.010106,37.576732],[127.010066,37.576739],[127.010058,37.57674],[127.010028,37.576753],[127.009802,37.576839],[127.009759,37.576856],[127.009737,37.576874],[127.009693,37.576911],[127.009636,37.576967],[127.009608,37.576988],[127.009596,37.576999],[127.009587,37.577008],[127.009553,37.577063],[127.009547,37.57708],[127.009541,37.5771],[127.009538,37.577122],[127.009533,37.577178],[127.009536,37.577178],[127.009537,37.577178],[127.009535,37.577192],[127.009524,37.577261],[127.009521,37.57727],[127.009512,37.577295],[127.009509,37.57731],[127.009494,37.577311],[127.009487,37.577333],[127.009468,37.577397],[127.009439,37.577426],[127.0094,37.577469],[127.009373,37.577495],[127.009325,37.577548],[127.009302,37.577574],[127.009287,37.577578],[127.009282,37.577579],[127.009167,37.577576],[127.009156,37.577562],[127.009163,37.577513],[127.009092,37.577526],[127.009089,37.577526],[127.009028,37.577536],[127.008985,37.577543],[127.008975,37.577544],[127.008897,37.577554],[127.008882,37.577555],[127.008784,37.57751],[127.008753,37.577495],[127.008746,37.577492],[127.008743,37.577502],[127.008676,37.577705],[127.008675,37.57771],[127.008607,37.577724],[127.008642,37.577773],[127.008642,37.577773],[127.0086,37.577803],[127.008597,37.577861],[127.008594,37.577897],[127.008593,37.577908],[127.008584,37.577967],[127.008579,37.578017],[127.008572,37.57805],[127.008548,37.578175],[127.00854,37.578201],[127.008538,37.57821],[127.008532,37.578262],[127.008525,37.578278],[127.008506,37.578323],[127.0085,37.578339],[127.008494,37.578353],[127.008505,37.57847],[127.008507,37.578507],[127.008507,37.578542],[127.00851,37.578542],[127.008507,37.578552],[127.008507,37.578596],[127.008507,37.578612],[127.00849,37.578686],[127.008491,37.578694],[127.008491,37.5787],[127.008489,37.5787],[127.00848,37.578742],[127.008476,37.578759],[127.008474,37.578771],[127.008472,37.57878],[127.008449,37.578873],[127.008445,37.578887],[127.008443,37.578894],[127.008444,37.578953],[127.008444,37.579151],[127.008444,37.57917],[127.008443,37.579188],[127.008429,37.579258]]]]},"properties":{"program":"신속통합기획","site":"창신9구역","selected":"2022.12 2차 공모","address":"종로구 창신동 23-606","area_m2":133845.0,"boundary_source":"토지거래허가구역"}},{"type":"Feature","geometry":{"type":"MultiPolygon","coordinates":[[[[127.008741,37.57749],[127.008746,37.577492],[127.008753,37.577495],[127.008784,37.57751],[127.008882,37.577555],[127.008897,37.577554],[127.008975,37.577544],[127.008985,37.577543],[127.009028,37.577536],[127.009089,37.577526],[127.009092,37.577526],[127.009163,37.577513],[127.009156,37.577562],[127.009167,37.577576],[127.009282,37.577579],[127.009287,37.577578],[127.009302,37.577574],[127.009325,37.577548],[127.009373,37.577495],[127.0094,37.577469],[127.009439,37.577426],[127.009468,37.577397],[127.009487,37.577333],[127.009494,37.577311],[127.009509,37.57731],[127.009512,37.577295],[127.009521,37.57727],[127.009524,37.577261],[127.009535,37.577192],[127.009537,37.577178],[127.009533,37.577178],[127.009538,37.577122],[127.009541,37.5771],[127.009547,37.57708],[127.009553,37.577063],[127.009587,37.577008],[127.009596,37.576999],[127.009608,37.576988],[127.009636,37.576967],[127.009693,37.576911],[127.009737,37.576874],[127.009759,37.576856],[127.009802,37.576839],[127.010028,37.576753],[127.010058,37.57674],[127.010066,37.576739],[127.010106,37.576732],[127.010165,37.576719],[127.010202,37.576685],[127.010229,37.576668],[127.010244,37.57666],[127.01032,37.576588],[127.010349,37.576559],[127.010343,37.576536],[127.010383,37.576495],[127.0104,37.576456],[127.010419,37.576414],[127.010424,37.576389],[127.010429,37.576292],[127.010428,37.576267],[127.010371,37.576184],[127.010372,37.57615],[127.010376,37.576106],[127.010375,37.576065],[127.010378,37.575989],[127.010402,37.575909],[127.010412,37.575872],[127.010468,37.575759],[127.010482,37.57575],[127.010522,37.575703],[127.010526,37.575693],[127.01054,37.575657],[127.010566,37.575586],[127.010569,37.575556],[127.010552,37.575497],[127.01056,37.57544],[127.010618,37.575284],[127.010627,37.575195],[127.010644,37.575176],[127.010643,37.575105],[127.010641,37.574996],[127.010641,37.574958],[127.010649,37.574931],[127.010668,37.574923],[127.010768,37.574955],[127.010776,37.574949],[127.010783,37.574903],[127.010805,37.574827],[127.010819,37.574778],[127.01084,37.574778],[127.010834,37.574706],[127.010832,37.574684],[127.010891,37.574686],[127.010893,37.574633],[127.010966,37.57463],[127.010966,37.57462],[127.010967,37.574556],[127.010965,37.574516],[127.010962,37.574479],[127.010963,37.574469],[127.010975,37.574385],[127.010973,37.57437],[127.01096,37.5743],[127.010952,37.574263],[127.010974,37.574251],[127.011134,37.574252],[127.011178,37.574254],[127.011179,37.574241],[127.011189,37.574149],[127.011182,37.574136],[127.011164,37.574101],[127.011158,37.574054],[127.011152,37.574018],[127.011172,37.573976],[127.011213,37.573928],[127.011245,37.57363],[127.011244,37.573625],[127.011248,37.573581],[127.011249,37.573571],[127.011291,37.573498],[127.011311,37.57346],[127.011335,37.573412],[127.011376,37.573329],[127.011387,37.573308],[127.011398,37.57329],[127.011432,37.573239],[127.011454,37.573208],[127.011467,37.573198],[127.011475,37.573192],[127.01149,37.57318],[127.011496,37.573175],[127.011567,37.573121],[127.011651,37.573055],[127.011661,37.573047],[127.011706,37.573001],[127.011732,37.572975],[127.011749,37.572947],[127.011756,37.572936],[127.011784,37.572891],[127.011823,37.572828],[127.01185,37.572783],[127.011861,37.572771],[127.01189,37.572732],[127.011897,37.572722],[127.011904,37.572714],[127.011931,37.572687],[127.011962,37.572656],[127.01199,37.572627],[127.012001,37.572616],[127.012098,37.572559],[127.012108,37.572555],[127.012127,37.572546],[127.012155,37.572539],[127.01229,37.572498],[127.012322,37.572465],[127.012329,37.572445],[127.012331,37.572438],[127.012376,37.572384],[127.012405,37.572352],[127.012452,37.572306],[127.01249,37.572265],[127.012506,37.572251],[127.012483,37.572246],[127.012453,37.572236],[127.012339,37.57221],[127.012292,37.5722],[127.012144,37.572168],[127.012124,37.572161],[127.012052,37.572147],[127.012031,37.572142],[127.012022,37.572175],[127.012008,37.572174],[127.012007,37.572249],[127.011994,37.572292],[127.011985,37.572303],[127.011981,37.572316],[127.011972,37.572315],[127.011966,37.572321],[127.011954,37.572321],[127.011945,37.572347],[127.011883,37.572333],[127.011824,37.572325],[127.011787,37.572321],[127.011737,37.572321],[127.011736,37.572383],[127.011626,37.572382],[127.011626,37.57239],[127.011607,37.57239],[127.011483,37.572388],[127.011349,37.572386],[127.011349,37.572392],[127.011314,37.572384],[127.011314,37.572219],[127.011265,37.572219],[127.011218,37.572231],[127.011205,37.572235],[127.011183,37.57224],[127.011152,37.572244],[127.011053,37.572252],[127.011004,37.572253],[127.010919,37.572261],[127.010877,37.572261],[127.010757,37.57227],[127.010735,37.572295],[127.010704,37.572243],[127.010697,37.572222],[127.010617,37.572137],[127.010581,37.572101],[127.010587,37.572098],[127.010527,37.572024],[127.010489,37.571977],[127.010427,37.571901],[127.010398,37.571867],[127.010392,37.571854],[127.010293,37.571885],[127.010192,37.571947],[127.01014,37.57197],[127.010079,37.572],[127.010087,37.57201],[127.009986,37.572058],[127.009982,37.572029],[127.009927,37.572031],[127.009826,37.572017],[127.009806,37.572016],[127.009802,37.571981],[127.00979,37.571946],[127.009753,37.572072],[127.009749,37.572089],[127.009718,37.572145],[127.009707,37.572165],[127.009691,37.572194],[127.009636,37.572294],[127.009631,37.572299],[127.009577,37.572299],[127.009565,37.572299],[127.009514,37.572373],[127.009455,37.572434],[127.009495,37.572436],[127.009452,37.572478],[127.009407,37.572524],[127.009384,37.572546],[127.009372,37.572558],[127.009323,37.572608],[127.009331,37.572627],[127.00934,37.572652],[127.00929,37.572684],[127.00927,37.572703],[127.009259,37.572717],[127.009238,37.572755],[127.009247,37.572753],[127.009221,37.572787],[127.009217,37.572883],[127.009216,37.572925],[127.009216,37.572947],[127.009217,37.572986],[127.009217,37.573018],[127.009217,37.573029],[127.009216,37.573086],[127.009214,37.57315],[127.009211,37.573255],[127.009209,37.573326],[127.009209,37.57334],[127.009208,37.573381],[127.009208,37.573393],[127.009207,37.573424],[127.009198,37.573487],[127.009196,37.573501],[127.009189,37.573551],[127.009178,37.573637],[127.009165,37.573738],[127.009167,37.573741],[127.009171,37.573819],[127.009172,37.573831],[127.009175,37.573895],[127.009177,37.573922],[127.009175,37.573929],[127.009175,37.573937],[127.009183,37.574061],[127.009188,37.574139],[127.009192,37.574211],[127.009196,37.574286],[127.009196,37.574287],[127.009196,37.574297],[127.009197,37.574328],[127.009198,37.574365],[127.009198,37.574365],[127.0092,37.574392],[127.009205,37.574463],[127.009206,37.574465],[127.009207,37.574475],[127.009208,37.574478],[127.009214,37.57449],[127.009216,37.574521],[127.009215,37.574531],[127.009216,37.574623],[127.009216,37.574794],[127.009218,37.574829],[127.009195,37.574824],[127.009194,37.574833],[127.009195,37.574901],[127.009188,37.574936],[127.009174,37.574978],[127.009137,37.575076],[127.009111,37.575147],[127.009102,37.575163],[127.009085,37.575189],[127.009075,37.575206],[127.009072,37.575208],[127.009065,37.575213],[127.009033,37.575267],[127.009014,37.575286],[127.009009,37.575343],[127.00901,37.575344],[127.009007,37.575364],[127.009,37.57538],[127.00897,37.575445],[127.008987,37.575474],[127.00899,37.57548],[127.008983,37.575558],[127.008981,37.575585],[127.008978,37.575628],[127.008969,37.575691],[127.008969,37.575693],[127.008968,37.575698],[127.008929,37.575697],[127.008906,37.575697],[127.008906,37.575702],[127.008911,37.575702],[127.008913,37.575714],[127.008917,37.575737],[127.008925,37.575795],[127.008924,37.575817],[127.008924,37.57583],[127.008923,37.57586],[127.008921,37.575923],[127.00892,37.575962],[127.00892,37.575974],[127.008918,37.575974],[127.008887,37.576064],[127.008876,37.576135],[127.008873,37.57615],[127.008886,37.576224],[127.008887,37.576241],[127.00889,37.576267],[127.008895,37.576319],[127.00891,37.576347],[127.00888,37.576414],[127.008868,37.576437],[127.008835,37.576518],[127.008831,37.576536],[127.008827,37.576555],[127.008826,37.576571],[127.008825,37.576578],[127.00882,37.576615],[127.008815,37.576639],[127.008813,37.576654],[127.008812,37.576666],[127.00881,37.576677],[127.008802,37.576737],[127.008809,37.576749],[127.008852,37.576803],[127.008888,37.576849],[127.008928,37.576903],[127.008951,37.576937],[127.008976,37.576967],[127.008985,37.576979],[127.008985,37.576982],[127.008953,37.577041],[127.008918,37.577109],[127.008916,37.577111],[127.008883,37.577173],[127.00884,37.577253],[127.008833,37.577268],[127.008796,37.577336],[127.008785,37.577357],[127.008774,37.577385],[127.008756,37.57744],[127.008741,37.57749]]]]},"properties":{"program":"신속통합기획","site":"창신10구역","selected":"2022.12 2차 공모","address":"종로구 창신동 629","area_m2":81370.0,"boundary_source":"토지거래허가구역"}},{"type":"Feature","geometry":{"type":"MultiPolygon","coordinates":[[[[126.963097,37.551854],[126.9633,37.552006],[126.963385,37.552073],[126.963464,37.552136],[126.963571,37.552225],[126.963616,37.552262],[126.963647,37.552289],[126.963702,37.552334],[126.963722,37.55235],[126.963742,37.552367],[126.963768,37.552389],[126.96377,37.552391],[126.963796,37.552414],[126.9638,37.552418],[126.963846,37.552459],[126.963878,37.552486],[126.96388,37.552486],[126.963957,37.552556],[126.964027,37.552619],[126.964055,37.552651],[126.964141,37.552731],[126.964161,37.552748],[126.96421,37.552793],[126.964253,37.552835],[126.964276,37.552859],[126.964323,37.552903],[126.964361,37.552938],[126.964397,37.552971],[126.964476,37.55304],[126.964542,37.5531],[126.964588,37.553142],[126.964624,37.553173],[126.964639,37.553187],[126.964665,37.553211],[126.964673,37.553216],[126.964721,37.553256],[126.964791,37.553312],[126.964856,37.55336],[126.964901,37.553394],[126.965003,37.553465],[126.965135,37.553557],[126.965145,37.553565],[126.965172,37.553584],[126.965192,37.553597],[126.965257,37.553642],[126.965287,37.553662],[126.965292,37.553659],[126.965324,37.553633],[126.965358,37.553598],[126.965363,37.553594],[126.965405,37.553568],[126.965434,37.553545],[126.965513,37.553477],[126.965551,37.553447],[126.965627,37.553384],[126.96567,37.553351],[126.965697,37.553345],[126.965787,37.553299],[126.96582,37.553286],[126.965867,37.553269],[126.965932,37.553245],[126.966011,37.553216],[126.966013,37.55321],[126.966031,37.553197],[126.966052,37.553198],[126.96609,37.553193],[126.966131,37.553182],[126.966155,37.553165],[126.966167,37.553168],[126.966208,37.553158],[126.966243,37.553117],[126.966255,37.553004],[126.966257,37.552985],[126.966273,37.552936],[126.966296,37.552741],[126.966295,37.552739],[126.966324,37.552734],[126.966408,37.552719],[126.966444,37.552714],[126.96653,37.552698],[126.966664,37.552675],[126.966693,37.552672],[126.96671,37.55267],[126.966742,37.552678],[126.966751,37.55268],[126.966812,37.552687],[126.966838,37.552688],[126.966849,37.552688],[126.966935,37.55268],[126.966931,37.552663],[126.966937,37.552662],[126.966981,37.552653],[126.966985,37.552664],[126.967107,37.552622],[126.967105,37.552613],[126.967129,37.552611],[126.967167,37.552596],[126.967265,37.552572],[126.967275,37.552594],[126.96731,37.55259],[126.967328,37.5526],[126.967404,37.552603],[126.967445,37.552607],[126.967511,37.552612],[126.967545,37.552615],[126.967613,37.552623],[126.967647,37.552621],[126.967668,37.552621],[126.96767,37.552632],[126.967671,37.552654],[126.967781,37.552695],[126.967852,37.552701],[126.967913,37.552691],[126.967929,37.552688],[126.967926,37.552658],[126.967927,37.552652],[126.967921,37.552641],[126.967905,37.552592],[126.967899,37.55256],[126.967893,37.552533],[126.967891,37.552518],[126.967884,37.552512],[126.967877,37.552507],[126.967841,37.552453],[126.967823,37.552446],[126.967772,37.552388],[126.967756,37.552283],[126.967786,37.552279],[126.967781,37.552263],[126.967766,37.552181],[126.967765,37.552176],[126.967756,37.55212],[126.967781,37.552119],[126.967871,37.552119],[126.967945,37.552122],[126.968201,37.552139],[126.968348,37.552116],[126.968402,37.55212],[126.968489,37.552155],[126.96852,37.552163],[126.968661,37.552147],[126.968696,37.552142],[126.968735,37.552131],[126.968777,37.55212],[126.968789,37.552143],[126.968801,37.552142],[126.968837,37.552152],[126.968865,37.552157],[126.968943,37.552169],[126.968948,37.55217],[126.969106,37.552196],[126.969112,37.552171],[126.96913,37.552096],[126.969134,37.552076],[126.969192,37.551829],[126.969198,37.551801],[126.969223,37.551689],[126.969125,37.551698],[126.969113,37.551701],[126.969103,37.551707],[126.969102,37.551711],[126.968985,37.551713],[126.968942,37.551703],[126.968891,37.551675],[126.968861,37.551661],[126.968763,37.55163],[126.968697,37.551613],[126.968672,37.551615],[126.968647,37.551608],[126.968637,37.551528],[126.968606,37.551519],[126.968644,37.55144],[126.968653,37.551424],[126.968668,37.551426],[126.968679,37.551412],[126.968563,37.551401],[126.968585,37.551303],[126.968582,37.551266],[126.968617,37.55123],[126.968618,37.551208],[126.968584,37.551167],[126.968506,37.55115],[126.968444,37.551162],[126.968312,37.551188],[126.968312,37.551287],[126.968311,37.551392],[126.968184,37.551404],[126.96816,37.55121],[126.968108,37.551214],[126.968108,37.551216],[126.968028,37.551241],[126.967918,37.551276],[126.967903,37.551281],[126.967858,37.551298],[126.967792,37.551313],[126.967671,37.551339],[126.967538,37.551369],[126.96753,37.55137],[126.967486,37.551153],[126.967481,37.551126],[126.967479,37.551095],[126.967473,37.551006],[126.967472,37.551003],[126.967539,37.550995],[126.967537,37.55098],[126.967578,37.550977],[126.967595,37.550961],[126.967594,37.55094],[126.9677,37.550923],[126.967812,37.550904],[126.967816,37.550918],[126.96792,37.550901],[126.96794,37.550817],[126.968022,37.550764],[126.968065,37.550699],[126.968033,37.550679],[126.968044,37.550671],[126.967945,37.550542],[126.967855,37.550537],[126.967847,37.550536],[126.967843,37.550507],[126.967894,37.550441],[126.967895,37.550428],[126.967981,37.550392],[126.968088,37.550348],[126.968102,37.55032],[126.968091,37.550267],[126.968077,37.550215],[126.968033,37.550192],[126.968023,37.550187],[126.968016,37.550188],[126.967939,37.550187],[126.967891,37.550186],[126.967758,37.550186],[126.96767,37.550185],[126.967488,37.550184],[126.96734,37.550183],[126.967264,37.550183],[126.967073,37.550181],[126.966899,37.550178],[126.966819,37.550179],[126.96665,37.550179],[126.966463,37.550177],[126.96645,37.550181],[126.966443,37.550187],[126.966443,37.550329],[126.966443,37.55039],[126.966388,37.550389],[126.966379,37.55039],[126.96634,37.550389],[126.966087,37.550392],[126.9659,37.550393],[126.965829,37.550389],[126.965766,37.55039],[126.965649,37.550392],[126.965623,37.550393],[126.965618,37.550393],[126.965551,37.550394],[126.965547,37.550394],[126.96551,37.550394],[126.965502,37.550401],[126.965442,37.550399],[126.96531,37.550433],[126.965301,37.550441],[126.965243,37.550481],[126.965039,37.550531],[126.965017,37.550535],[126.964958,37.550547],[126.964883,37.550562],[126.964859,37.550566],[126.964756,37.550585],[126.964694,37.550602],[126.964641,37.5506],[126.964546,37.550631],[126.964535,37.550638],[126.964513,37.550652],[126.964477,37.55069],[126.96445,37.550705],[126.964413,37.550726],[126.964349,37.550749],[126.964327,37.550759],[126.964275,37.550783],[126.964188,37.550801],[126.964163,37.550831],[126.964163,37.55084],[126.964166,37.550873],[126.964168,37.550911],[126.964175,37.551006],[126.96418,37.551077],[126.964182,37.551101],[126.964181,37.551112],[126.964174,37.551185],[126.964145,37.551199],[126.96415,37.551309],[126.964157,37.551321],[126.964145,37.551323],[126.964139,37.551361],[126.964109,37.551394],[126.964107,37.551435],[126.964105,37.551485],[126.963968,37.551552],[126.963843,37.551612],[126.963816,37.551629],[126.96373,37.551671],[126.963642,37.551714],[126.963614,37.55173],[126.963519,37.551778],[126.963424,37.551826],[126.963337,37.551775],[126.963285,37.551745],[126.963264,37.551755],[126.963243,37.551763],[126.963205,37.551782],[126.963177,37.551797],[126.963163,37.551797],[126.963097,37.551854]]]]},"properties":{"program":"신속통합기획","site":"서계동통합구역","selected":"2022.12 2차 공모","address":"용산구 서계동 33","area_m2":112599.0,"boundary_source":"토지거래허가구역"}},{"type":"Feature","geometry":{"type":"MultiPolygon","coordinates":[[[[127.046022,37.56307],[127.046048,37.563084],[127.046063,37.563092],[127.046164,37.563147],[127.046198,37.563165],[127.046206,37.563164],[127.046217,37.563161],[127.046252,37.563154],[127.046266,37.563128],[127.046268,37.563125],[127.046278,37.563124],[127.04637,37.56312],[127.046391,37.563116],[127.046399,37.563115],[127.046411,37.563129],[127.046404,37.563271],[127.046478,37.56327],[127.046478,37.563286],[127.046515,37.563352],[127.046406,37.563412],[127.046433,37.563466],[127.046466,37.563531],[127.046479,37.563645],[127.046483,37.563685],[127.046462,37.563696],[127.046438,37.563723],[127.046461,37.563801],[127.046522,37.563812],[127.046543,37.56379],[127.046602,37.563898],[127.046669,37.563895],[127.046727,37.564024],[127.046747,37.564068],[127.046758,37.564145],[127.046775,37.564196],[127.046785,37.564222],[127.046792,37.564248],[127.046801,37.564277],[127.046816,37.564324],[127.046822,37.564345],[127.046791,37.564398],[127.046786,37.564446],[127.046784,37.564475],[127.046804,37.564532],[127.046776,37.564539],[127.046694,37.56456],[127.046676,37.564564],[127.046582,37.564588],[127.046545,37.564598],[127.046534,37.564706],[127.046524,37.56482],[127.046521,37.564857],[127.046517,37.56491],[127.046647,37.564917],[127.046668,37.564917],[127.046651,37.564986],[127.046635,37.565049],[127.046598,37.565041],[127.046512,37.565121],[127.046517,37.565139],[127.04659,37.565121],[127.046595,37.56512],[127.046626,37.56513],[127.046697,37.565152],[127.046718,37.565257],[127.046738,37.565354],[127.046808,37.56538],[127.046819,37.565378],[127.047017,37.565334],[127.047094,37.565326],[127.047119,37.565327],[127.047119,37.565322],[127.047238,37.565321],[127.047243,37.565321],[127.047332,37.565321],[127.047338,37.565155],[127.04734,37.565149],[127.047369,37.565093],[127.047372,37.565087],[127.047452,37.564927],[127.047559,37.564695],[127.047581,37.564653],[127.047591,37.564641],[127.047728,37.56447],[127.047769,37.564414],[127.047772,37.56441],[127.047794,37.56437],[127.04782,37.564324],[127.047847,37.564274],[127.047872,37.564238],[127.047897,37.564196],[127.047966,37.564079],[127.048157,37.563754],[127.04817,37.563733],[127.048155,37.563738],[127.048136,37.563719],[127.048134,37.563692],[127.04813,37.563653],[127.04809,37.563589],[127.048027,37.563589],[127.048003,37.563589],[127.047924,37.563562],[127.04787,37.563545],[127.047816,37.563526],[127.047722,37.563477],[127.047708,37.56347],[127.04774,37.563356],[127.047492,37.563311],[127.047525,37.563236],[127.047422,37.563198],[127.047405,37.563104],[127.047399,37.563072],[127.047399,37.563071],[127.047397,37.563063],[127.047375,37.562997],[127.04728,37.562973],[127.047276,37.562926],[127.047253,37.562909],[127.047244,37.562903],[127.047227,37.562862],[127.047216,37.562846],[127.047192,37.56283],[127.047164,37.562844],[127.047142,37.562829],[127.047134,37.562823],[127.047131,37.562815],[127.047115,37.562734],[127.047127,37.562732],[127.0471,37.562615],[127.047075,37.562584],[127.047062,37.562587],[127.047048,37.562562],[127.046985,37.562584],[127.046971,37.562569],[127.046928,37.562572],[127.046897,37.562571],[127.046851,37.562572],[127.046802,37.562587],[127.046788,37.562571],[127.046748,37.562601],[127.046695,37.5626],[127.046681,37.56262],[127.046612,37.562722],[127.046531,37.562731],[127.046526,37.562732],[127.046399,37.562786],[127.046369,37.562814],[127.046316,37.562872],[127.046289,37.562909],[127.04627,37.562943],[127.046233,37.563008],[127.046213,37.563034],[127.046199,37.563039],[127.04615,37.563042],[127.046061,37.563048],[127.046033,37.563041],[127.046022,37.56307]]]]},"properties":{"program":"신속통합기획","site":"사근동 293","selected":"2022.12 2차 공모","address":"성동구 사근동 293","area_m2":28465.0,"boundary_source":"토지거래허가구역"}},{"type":"Feature","geometry":{"type":"MultiPolygon","coordinates":[[[[127.060389,37.534971],[127.060392,37.535035],[127.060399,37.535163],[127.060406,37.535195],[127.060424,37.535272],[127.060459,37.535364],[127.060476,37.535394],[127.06065,37.535704],[127.060738,37.535861],[127.06076,37.535901],[127.060828,37.536023],[127.060902,37.536154],[127.060989,37.53631],[127.061003,37.536334],[127.061041,37.536401],[127.061225,37.536727],[127.061241,37.536755],[127.0613,37.536861],[127.061314,37.536883],[127.06135,37.536944],[127.061351,37.536952],[127.061411,37.536974],[127.061519,37.537015],[127.061578,37.536999],[127.061955,37.536898],[127.062028,37.536879],[127.062181,37.536837],[127.062326,37.536799],[127.062501,37.536752],[127.062645,37.536713],[127.063034,37.536609],[127.063086,37.536597],[127.063145,37.536584],[127.063372,37.536525],[127.063712,37.536438],[127.063801,37.536415],[127.063854,37.536401],[127.064012,37.536361],[127.064141,37.536329],[127.064345,37.536278],[127.064443,37.536253],[127.064648,37.536202],[127.064778,37.536169],[127.064822,37.536158],[127.065061,37.536098],[127.065188,37.536066],[127.065307,37.536036],[127.065358,37.536024],[127.065494,37.535991],[127.065599,37.535966],[127.065762,37.535914],[127.065828,37.535897],[127.066009,37.53585],[127.066149,37.535814],[127.066287,37.535778],[127.066402,37.535748],[127.066535,37.535714],[127.066609,37.535694],[127.066633,37.535688],[127.066795,37.535646],[127.066955,37.535605],[127.066988,37.535596],[127.067144,37.535556],[127.067378,37.535495],[127.067343,37.535416],[127.067292,37.535298],[127.067234,37.535165],[127.067183,37.535048],[127.067173,37.535026],[127.067134,37.534935],[127.067066,37.53478],[127.067014,37.534673],[127.06698,37.5346],[127.066932,37.53452],[127.066869,37.534416],[127.066846,37.534378],[127.066788,37.534281],[127.066782,37.534271],[127.066729,37.534166],[127.066715,37.534141],[127.066673,37.53405],[127.066658,37.534015],[127.066596,37.53388],[127.066584,37.533866],[127.066575,37.533847],[127.066504,37.533688],[127.066464,37.533675],[127.066434,37.533664],[127.066288,37.5337],[127.066238,37.533714],[127.066177,37.53373],[127.066069,37.533758],[127.066028,37.533769],[127.065918,37.533798],[127.065814,37.533826],[127.065769,37.533838],[127.065649,37.53387],[127.065507,37.533907],[127.065467,37.533918],[127.065462,37.533923],[127.065416,37.533934],[127.065198,37.533999],[127.065028,37.534042],[127.064868,37.534082],[127.064812,37.534095],[127.064833,37.534109],[127.064943,37.534183],[127.064858,37.534256],[127.064771,37.534331],[127.064688,37.534403],[127.064573,37.534464],[127.064482,37.534404],[127.064476,37.534401],[127.064385,37.534348],[127.064348,37.534327],[127.064338,37.534321],[127.064199,37.534254],[127.06418,37.534259],[127.063995,37.53431],[127.063862,37.534345],[127.063848,37.534349],[127.06362,37.53441],[127.063458,37.534454],[127.063355,37.534481],[127.063195,37.534523],[127.063061,37.534561],[127.062926,37.534597],[127.062873,37.53447],[127.062784,37.534271],[127.062769,37.534237],[127.062708,37.534101],[127.062717,37.534085],[127.062689,37.53408],[127.062673,37.53405],[127.062627,37.53407],[127.062523,37.534106],[127.062545,37.534052],[127.062484,37.534057],[127.062344,37.534069],[127.062224,37.53408],[127.062008,37.534099],[127.061895,37.53411],[127.061791,37.534101],[127.0617,37.534121],[127.061459,37.534139],[127.061338,37.534144],[127.061335,37.534145],[127.061177,37.534152],[127.061162,37.534178],[127.061144,37.534171],[127.061093,37.53415],[127.061093,37.53415],[127.060902,37.534108],[127.060587,37.534473],[127.060526,37.534555],[127.060482,37.53463],[127.060446,37.534714],[127.060417,37.534818],[127.060389,37.534971]]]]},"properties":{"program":"신속통합기획","site":"자양4동통합구역","selected":"2022.12 2차 공모","address":"광진구 자양동 57-90","area_m2":139130.0,"boundary_source":"토지거래허가구역"}},{"type":"Feature","geometry":{"type":"MultiPolygon","coordinates":[[[[127.042651,37.575189],[127.042705,37.575299],[127.042743,37.575381],[127.042781,37.575462],[127.04282,37.575545],[127.042859,37.575627],[127.042886,37.575686],[127.042909,37.575735],[127.04295,37.575802],[127.042992,37.575891],[127.04303,37.575974],[127.043068,37.576056],[127.043106,37.576138],[127.04315,37.576234],[127.043179,37.576295],[127.043234,37.576412],[127.043239,37.576424],[127.043357,37.576685],[127.043607,37.57661],[127.043665,37.576729],[127.043781,37.576978],[127.043862,37.577147],[127.043943,37.577317],[127.043945,37.577316],[127.044023,37.577294],[127.044075,37.577402],[127.044095,37.577392],[127.044166,37.577358],[127.044239,37.577324],[127.04428,37.577305],[127.044329,37.577279],[127.044386,37.577249],[127.044403,37.57724],[127.044455,37.577213],[127.04451,37.577179],[127.044528,37.577167],[127.044574,37.577136],[127.044625,37.577101],[127.044641,37.577089],[127.044691,37.577054],[127.044713,37.577039],[127.04472,37.577034],[127.044769,37.577],[127.044762,37.576994],[127.044698,37.57693],[127.04462,37.576853],[127.044605,37.576729],[127.044599,37.576678],[127.044586,37.576566],[127.044585,37.57655],[127.044573,37.576455],[127.044567,37.576404],[127.044565,37.576396],[127.044542,37.576365],[127.04451,37.576323],[127.044471,37.576271],[127.044421,37.576204],[127.044408,37.576186],[127.044335,37.576089],[127.044325,37.576075],[127.044251,37.575977],[127.044207,37.57592],[127.044182,37.575887],[127.044146,37.575839],[127.044114,37.575796],[127.044082,37.575753],[127.044049,37.575708],[127.044032,37.575686],[127.044017,37.575666],[127.043986,37.575624],[127.043953,37.575581],[127.043922,37.57554],[127.043906,37.575518],[127.04386,37.575457],[127.043774,37.575344],[127.043697,37.575243],[127.043645,37.575176],[127.043589,37.575102],[127.043529,37.575022],[127.0435,37.574983],[127.043471,37.574945],[127.043442,37.574935],[127.043345,37.574964],[127.043276,37.574984],[127.043239,37.574995],[127.043224,37.575],[127.043147,37.575022],[127.043042,37.575053],[127.042942,37.575083],[127.042939,37.575085],[127.042864,37.575108],[127.042762,37.575138],[127.042664,37.575167],[127.042651,37.575189]]]]},"properties":{"program":"신속통합기획","site":"용두제3구역","selected":"2022.12 2차 공모","address":"동대문구 용두동 39-361","area_m2":24957.0,"boundary_source":"토지거래허가구역"}},{"type":"Feature","geometry":{"type":"Point","coordinates":[127.099404,37.595728]},"properties":{"program":"신속통합기획","site":"망우동 461","selected":"2022.12 2차 공모","address":"중랑구 망우동 461","area_m2":45598.0,"boundary_source":null}},{"type":"Feature","geometry":{"type":"MultiPolygon","coordinates":[[[[127.039039,37.596838],[127.039122,37.597022],[127.039129,37.597038],[127.03915,37.597091],[127.039167,37.597119],[127.039211,37.597198],[127.039269,37.597305],[127.039291,37.597384],[127.039321,37.597451],[127.039371,37.597569],[127.03939,37.59761],[127.039398,37.597629],[127.039454,37.597762],[127.039496,37.597856],[127.039497,37.597861],[127.039521,37.597912],[127.039537,37.597951],[127.039563,37.597997],[127.039609,37.598103],[127.039716,37.598247],[127.039756,37.598262],[127.039796,37.598278],[127.039882,37.598321],[127.039994,37.598366],[127.04009,37.598309],[127.040349,37.598203],[127.040356,37.598202],[127.040392,37.598199],[127.040397,37.598198],[127.040421,37.598197],[127.040455,37.598192],[127.040465,37.598191],[127.040489,37.598181],[127.040488,37.598057],[127.040484,37.597682],[127.040482,37.597587],[127.040482,37.597523],[127.040474,37.597282],[127.040463,37.597205],[127.040446,37.597096],[127.040419,37.596962],[127.04042,37.596944],[127.04042,37.596941],[127.04041,37.596855],[127.040288,37.596252],[127.040286,37.596238],[127.040279,37.596204],[127.040241,37.596015],[127.040206,37.595854],[127.040199,37.595813],[127.04019,37.595771],[127.040184,37.595738],[127.040175,37.595698],[127.040172,37.595682],[127.040168,37.595654],[127.040145,37.595536],[127.040135,37.595529],[127.040105,37.595425],[127.040082,37.595338],[127.040062,37.595261],[127.040042,37.595186],[127.040022,37.595112],[127.04,37.595046],[127.039961,37.594929],[127.039971,37.595008],[127.039929,37.595015],[127.039909,37.595018],[127.039875,37.594992],[127.039902,37.595095],[127.039928,37.595202],[127.039906,37.595348],[127.039887,37.595447],[127.039875,37.595509],[127.039763,37.59575],[127.039702,37.595858],[127.03957,37.596071],[127.039625,37.596091],[127.039604,37.596126],[127.039576,37.596166],[127.039522,37.596245],[127.03946,37.596327],[127.039431,37.596369],[127.039417,37.59639],[127.039335,37.596503],[127.039316,37.59653],[127.039258,37.596603],[127.039202,37.596673],[127.039114,37.596756],[127.039074,37.596793],[127.039044,37.596829],[127.039039,37.596838]]]]},"properties":{"program":"신속통합기획","site":"종암동 3-10","selected":"2022.12 2차 공모","address":"성북구 종암동 3-10","area_m2":25351.0,"boundary_source":"토지거래허가구역"}},{"type":"Feature","geometry":{"type":"MultiPolygon","coordinates":[[[[127.061334,37.608365],[127.061466,37.608386],[127.061578,37.608404],[127.061601,37.608406],[127.061649,37.608414],[127.061709,37.608425],[127.061835,37.608447],[127.061935,37.608463],[127.061962,37.608468],[127.061956,37.608489],[127.06193,37.608582],[127.061915,37.608638],[127.061905,37.608678],[127.061935,37.608684],[127.062013,37.608697],[127.062137,37.608717],[127.062256,37.608739],[127.062342,37.608755],[127.062531,37.608783],[127.062568,37.608786],[127.06264,37.608805],[127.062661,37.608807],[127.06273,37.608818],[127.062906,37.608847],[127.063063,37.608874],[127.063093,37.608882],[127.063223,37.608908],[127.063381,37.608938],[127.063422,37.608945],[127.063551,37.608971],[127.063687,37.608998],[127.063716,37.609003],[127.063886,37.609033],[127.064044,37.609064],[127.064175,37.609091],[127.064238,37.609025],[127.064307,37.608954],[127.06432,37.60894],[127.064376,37.60888],[127.064498,37.608751],[127.064565,37.608682],[127.06464,37.608601],[127.064728,37.60851],[127.064804,37.60843],[127.064869,37.608362],[127.064934,37.608292],[127.064995,37.608229],[127.065052,37.608166],[127.065122,37.608091],[127.065186,37.608026],[127.065262,37.607947],[127.065323,37.607883],[127.065348,37.607855],[127.065374,37.607827],[127.065434,37.607757],[127.065489,37.607688],[127.065543,37.607618],[127.065592,37.607539],[127.065638,37.607464],[127.065683,37.607384],[127.065735,37.607296],[127.065707,37.607261],[127.065646,37.607259],[127.065527,37.607252],[127.065497,37.607251],[127.065405,37.607247],[127.065381,37.607247],[127.065262,37.607236],[127.065226,37.607237],[127.065125,37.607229],[127.064956,37.60721],[127.064938,37.607209],[127.064821,37.607199],[127.064784,37.607193],[127.064648,37.607182],[127.064523,37.60717],[127.064494,37.607168],[127.064368,37.607157],[127.064236,37.607144],[127.064036,37.607136],[127.063953,37.607131],[127.063843,37.607122],[127.063836,37.607122],[127.063806,37.60712],[127.063697,37.607112],[127.063579,37.607104],[127.063556,37.607102],[127.063443,37.607095],[127.063317,37.607087],[127.063283,37.607084],[127.063166,37.607075],[127.063049,37.607067],[127.063008,37.607066],[127.062944,37.607055],[127.06276,37.607046],[127.062637,37.607037],[127.062512,37.607027],[127.062479,37.607025],[127.062369,37.607017],[127.062276,37.60701],[127.062251,37.607008],[127.062219,37.607005],[127.062102,37.606996],[127.061979,37.606986],[127.061941,37.606984],[127.061815,37.606973],[127.061732,37.606966],[127.061686,37.607001],[127.061662,37.607105],[127.061647,37.607171],[127.061627,37.607256],[127.061609,37.607341],[127.061579,37.607434],[127.061554,37.607551],[127.061539,37.607597],[127.061537,37.607608],[127.061531,37.607629],[127.061515,37.607692],[127.061507,37.607718],[127.061484,37.607803],[127.061471,37.607853],[127.061469,37.607857],[127.061461,37.607889],[127.061438,37.607976],[127.061423,37.608034],[127.061414,37.60807],[127.061393,37.60815],[127.061387,37.608171],[127.06136,37.608267],[127.061334,37.608365]]]]},"properties":{"program":"신속통합기획","site":"석관동 62-1","selected":"2022.12 2차 공모","address":"성북구 석관동 62-1","area_m2":62086.0,"boundary_source":"토지거래허가구역"}},{"type":"Feature","geometry":{"type":"MultiPolygon","coordinates":[[[[127.026739,37.63392],[127.026783,37.633979],[127.026924,37.634156],[127.026943,37.63418],[127.027002,37.634255],[127.027046,37.634309],[127.027142,37.634429],[127.027168,37.634462],[127.027183,37.634481],[127.027337,37.634675],[127.027424,37.634632],[127.027422,37.634631],[127.02747,37.634606],[127.027464,37.634569],[127.027471,37.634564],[127.027925,37.634597],[127.027927,37.634773],[127.027915,37.634897],[127.028017,37.634904],[127.028023,37.634904],[127.028134,37.634912],[127.028183,37.634916],[127.028192,37.634917],[127.028508,37.63494],[127.028607,37.634947],[127.028676,37.634952],[127.028712,37.634954],[127.028821,37.634962],[127.028834,37.634856],[127.028844,37.63477],[127.028854,37.634683],[127.028865,37.634595],[127.028875,37.634508],[127.028955,37.634514],[127.029093,37.634526],[127.02911,37.634527],[127.02929,37.634539],[127.029436,37.634549],[127.029426,37.634639],[127.029416,37.63473],[127.029409,37.634791],[127.029402,37.634847],[127.029395,37.634911],[127.029385,37.635002],[127.029523,37.635012],[127.029546,37.635014],[127.02964,37.635021],[127.029666,37.635023],[127.029763,37.63503],[127.029937,37.635042],[127.029951,37.635043],[127.029964,37.635044],[127.030112,37.635055],[127.030234,37.635063],[127.030272,37.635035],[127.03028,37.634976],[127.030291,37.634886],[127.0303,37.634799],[127.03031,37.634709],[127.030319,37.634632],[127.030326,37.634561],[127.030339,37.634441],[127.03032,37.634402],[127.030191,37.634281],[127.030162,37.634254],[127.030143,37.634236],[127.030102,37.634198],[127.030038,37.634138],[127.029911,37.63402],[127.029853,37.633964],[127.029835,37.633955],[127.0298,37.633932],[127.029734,37.633928],[127.029734,37.633927],[127.029682,37.633903],[127.029618,37.633878],[127.029616,37.633878],[127.029581,37.633896],[127.029519,37.633905],[127.029451,37.633903],[127.029376,37.633902],[127.029285,37.6339],[127.029179,37.633897],[127.02911,37.633894],[127.028994,37.63388],[127.028958,37.633816],[127.028937,37.63378],[127.028912,37.633774],[127.028803,37.63375],[127.028666,37.633719],[127.028646,37.633715],[127.028554,37.633694],[127.02842,37.633665],[127.028233,37.633625],[127.028164,37.633611],[127.028043,37.633585],[127.027919,37.633558],[127.027696,37.633511],[127.027635,37.633498],[127.027626,37.633496],[127.027602,37.633491],[127.027591,37.633488],[127.027588,37.633492],[127.027566,37.633522],[127.027522,37.633554],[127.027449,37.633567],[127.027417,37.633589],[127.027355,37.633627],[127.027271,37.633657],[127.027229,37.633672],[127.027098,37.63372],[127.027017,37.633749],[127.026933,37.633779],[127.026896,37.633837],[127.026894,37.63384],[127.026862,37.63389],[127.02684,37.633922],[127.026822,37.633914],[127.02682,37.633895],[127.026799,37.633893],[127.026754,37.633889],[127.026739,37.63392]]]]},"properties":{"program":"신속통합기획","site":"번동 441-3","selected":"2022.12 2차 공모","address":"강북구 번동 441-3","area_m2":32877.0,"boundary_source":"토지거래허가구역"}},{"type":"Feature","geometry":{"type":"MultiPolygon","coordinates":[[[[127.013235,37.622516],[127.013272,37.622513],[127.013425,37.6225],[127.013457,37.622497],[127.013528,37.622491],[127.013586,37.622504],[127.013637,37.622515],[127.013655,37.622519],[127.01372,37.622533],[127.013746,37.622538],[127.01375,37.622619],[127.013765,37.62263],[127.013852,37.622634],[127.01394,37.622638],[127.014005,37.622839],[127.014018,37.622881],[127.014066,37.622882],[127.014054,37.622894],[127.01406,37.623003],[127.014055,37.623014],[127.01402,37.623083],[127.014011,37.623101],[127.013954,37.623213],[127.013939,37.623245],[127.013939,37.623245],[127.013935,37.623246],[127.013925,37.623254],[127.013914,37.623261],[127.013911,37.623298],[127.01394,37.623329],[127.013969,37.62336],[127.01399,37.623394],[127.013995,37.623392],[127.014,37.623389],[127.014072,37.623374],[127.014144,37.623359],[127.014162,37.623356],[127.01418,37.623352],[127.014197,37.623348],[127.014212,37.623327],[127.014227,37.623306],[127.014242,37.623284],[127.014261,37.623272],[127.01428,37.623259],[127.014307,37.623244],[127.014321,37.623237],[127.014345,37.623226],[127.014378,37.623211],[127.014412,37.623195],[127.01447,37.623183],[127.014529,37.62317],[127.014587,37.623157],[127.014646,37.623143],[127.014728,37.623131],[127.0148,37.623127],[127.014888,37.623139],[127.014976,37.623151],[127.015013,37.623162],[127.01505,37.623173],[127.015069,37.623178],[127.015088,37.623184],[127.015117,37.623199],[127.015146,37.623209],[127.01517,37.623217],[127.015194,37.623225],[127.015245,37.623242],[127.015296,37.623259],[127.015547,37.623267],[127.015636,37.623269],[127.015667,37.623262],[127.015698,37.623255],[127.015721,37.62325],[127.015747,37.623245],[127.015772,37.623239],[127.015801,37.623225],[127.015831,37.623212],[127.015873,37.623173],[127.015916,37.623134],[127.015945,37.623107],[127.015974,37.62308],[127.015991,37.623064],[127.016052,37.623007],[127.016113,37.622949],[127.016268,37.623005],[127.016335,37.623029],[127.01639,37.623049],[127.016445,37.623068],[127.016468,37.62305],[127.016526,37.623105],[127.016584,37.62316],[127.016626,37.62314],[127.016667,37.623121],[127.016683,37.623114],[127.016699,37.623106],[127.016709,37.623102],[127.016713,37.6231],[127.016729,37.623086],[127.016752,37.623063],[127.016776,37.623041],[127.016758,37.623021],[127.016787,37.623004],[127.016815,37.622986],[127.016868,37.622954],[127.016922,37.622922],[127.016975,37.62289],[127.017067,37.622898],[127.017112,37.622902],[127.017147,37.62299],[127.017183,37.623081],[127.017243,37.623072],[127.017303,37.623062],[127.017356,37.623054],[127.017408,37.623045],[127.017464,37.623034],[127.017519,37.623023],[127.017549,37.623019],[127.017579,37.623015],[127.01762,37.623016],[127.017662,37.623017],[127.01772,37.623026],[127.017779,37.623036],[127.017798,37.623037],[127.017864,37.623042],[127.01793,37.623047],[127.017993,37.623052],[127.018056,37.623056],[127.018059,37.623053],[127.018049,37.623106],[127.018039,37.623156],[127.018027,37.623216],[127.018005,37.623232],[127.017983,37.623248],[127.017931,37.623286],[127.017883,37.623321],[127.01787,37.623328],[127.017857,37.623335],[127.017991,37.623355],[127.018048,37.623364],[127.018105,37.623374],[127.018173,37.623387],[127.018272,37.623398],[127.018358,37.623408],[127.018375,37.62341],[127.018392,37.623412],[127.01846,37.623418],[127.018529,37.623424],[127.01853,37.623426],[127.018566,37.623431],[127.018602,37.623436],[127.01861,37.623437],[127.018637,37.623517],[127.018737,37.623477],[127.018799,37.623394],[127.018824,37.623366],[127.018865,37.62332],[127.018984,37.623199],[127.019075,37.623098],[127.019111,37.623057],[127.019139,37.62303],[127.019147,37.623022],[127.019205,37.62296],[127.019324,37.622833],[127.019409,37.622745],[127.01945,37.622703],[127.019547,37.622605],[127.019622,37.62253],[127.019705,37.622437],[127.019744,37.622393],[127.019753,37.622383],[127.019818,37.622316],[127.019825,37.622309],[127.019855,37.622274],[127.019946,37.62217],[127.01998,37.622126],[127.02003,37.622048],[127.020116,37.621916],[127.020171,37.621828],[127.020276,37.621602],[127.020101,37.621557],[127.019973,37.621524],[127.019945,37.621518],[127.019857,37.621495],[127.019839,37.621524],[127.019796,37.621539],[127.019708,37.62154],[127.019642,37.621541],[127.019544,37.621545],[127.019513,37.621545],[127.019444,37.621546],[127.019373,37.621587],[127.019372,37.621587],[127.019234,37.621576],[127.019233,37.621551],[127.019236,37.62154],[127.01925,37.621527],[127.019272,37.621506],[127.019272,37.621494],[127.019243,37.621441],[127.019234,37.621424],[127.019214,37.621413],[127.019168,37.621508],[127.0191,37.621492],[127.019041,37.621478],[127.019014,37.621541],[127.018962,37.621518],[127.018954,37.621523],[127.018913,37.621551],[127.018893,37.621563],[127.018827,37.621603],[127.018818,37.621608],[127.018807,37.621614],[127.018788,37.621616],[127.018675,37.621622],[127.018648,37.621624],[127.018651,37.62173],[127.018654,37.621849],[127.018658,37.621917],[127.018617,37.621902],[127.018516,37.621905],[127.018466,37.621906],[127.018391,37.62191],[127.018305,37.621917],[127.018277,37.62192],[127.018182,37.62193],[127.018103,37.621938],[127.01807,37.621929],[127.017965,37.621899],[127.017945,37.621893],[127.017856,37.621883],[127.017767,37.621893],[127.017771,37.621886],[127.017777,37.62179],[127.017773,37.621608],[127.017772,37.621581],[127.01777,37.621459],[127.01777,37.621438],[127.017791,37.621424],[127.017955,37.621319],[127.018012,37.621287],[127.018044,37.621267],[127.018139,37.621159],[127.018215,37.621072],[127.01824,37.620873],[127.018258,37.620747],[127.018267,37.620685],[127.018268,37.620678],[127.01827,37.620576],[127.018271,37.620498],[127.018269,37.62048],[127.018267,37.620393],[127.018268,37.62037],[127.018272,37.62028],[127.018282,37.620044],[127.018158,37.62005],[127.018059,37.620055],[127.018052,37.620055],[127.01802,37.620057],[127.01792,37.620062],[127.017439,37.620089],[127.017411,37.620091],[127.017257,37.620098],[127.017243,37.620099],[127.017219,37.6201],[127.016977,37.620111],[127.016941,37.620113],[127.016936,37.620113],[127.016817,37.620123],[127.016695,37.620132],[127.01666,37.620135],[127.016538,37.620145],[127.016416,37.620155],[127.016362,37.620159],[127.016357,37.620159],[127.016242,37.620168],[127.016118,37.620177],[127.016081,37.620179],[127.015958,37.620188],[127.015833,37.620197],[127.015801,37.620199],[127.015676,37.620209],[127.01556,37.620217],[127.015525,37.62022],[127.015402,37.620229],[127.015277,37.620239],[127.015244,37.620241],[127.015241,37.620242],[127.015119,37.620251],[127.014994,37.62026],[127.014964,37.620262],[127.014839,37.620271],[127.014714,37.620281],[127.014663,37.620284],[127.014542,37.620293],[127.014416,37.620302],[127.014377,37.620305],[127.014383,37.620499],[127.014389,37.620693],[127.01439,37.620718],[127.014391,37.620742],[127.014392,37.620766],[127.014395,37.620807],[127.014398,37.620848],[127.014394,37.620856],[127.014391,37.620864],[127.014392,37.620908],[127.014393,37.620951],[127.014394,37.620989],[127.014395,37.621027],[127.014396,37.621051],[127.014397,37.621076],[127.014398,37.621107],[127.014399,37.621138],[127.014399,37.621164],[127.0144,37.621191],[127.014401,37.621231],[127.014402,37.62127],[127.014404,37.62131],[127.014405,37.62135],[127.014406,37.62139],[127.014407,37.62143],[127.014408,37.621484],[127.01441,37.621539],[127.014411,37.621565],[127.014412,37.621591],[127.014396,37.621595],[127.014381,37.621594],[127.014316,37.62159],[127.014251,37.621585],[127.014122,37.621576],[127.013993,37.621566],[127.013923,37.621561],[127.013854,37.621556],[127.013792,37.621552],[127.013731,37.621547],[127.013676,37.621543],[127.013603,37.621634],[127.013551,37.6217],[127.013543,37.62171],[127.013535,37.62172],[127.013499,37.621768],[127.013464,37.62181],[127.013435,37.621846],[127.013434,37.621847],[127.013424,37.621859],[127.013414,37.621871],[127.013412,37.621872],[127.013401,37.621916],[127.013389,37.62196],[127.013388,37.621963],[127.013373,37.622022],[127.01337,37.62203],[127.013368,37.62204],[127.013359,37.622071],[127.013338,37.622152],[127.013323,37.622206],[127.013319,37.622218],[127.013304,37.622273],[127.013288,37.62233],[127.01327,37.622394],[127.013254,37.622454],[127.013235,37.622516]],[[127.017492,37.622531],[127.017439,37.622519],[127.017373,37.622505],[127.017359,37.622503],[127.017347,37.6225],[127.017262,37.622484],[127.017201,37.622472],[127.017136,37.622453],[127.017162,37.622406],[127.017177,37.6223],[127.017193,37.62218],[127.017209,37.622066],[127.017219,37.621996],[127.017276,37.621962],[127.017257,37.621923],[127.017606,37.621923],[127.01763,37.621918],[127.017719,37.621898],[127.017767,37.621938],[127.017779,37.621948],[127.017802,37.622003],[127.017809,37.622021],[127.017812,37.622022],[127.017806,37.622067],[127.017697,37.622111],[127.017659,37.622126],[127.017703,37.622134],[127.017642,37.622149],[127.017638,37.622149],[127.017641,37.622166],[127.017642,37.622169],[127.017652,37.622244],[127.017641,37.622245],[127.017554,37.622254],[127.017538,37.622341],[127.017519,37.622438],[127.017517,37.622454],[127.017513,37.622475],[127.017513,37.622475],[127.017492,37.622531]]]]},"properties":{"program":"신속통합기획","site":"미아동 791-2882","selected":"2022.12 2차 공모","address":"강북구 미아동 791-2882","area_m2":140696.0,"boundary_source":"토지거래허가구역"}},{"type":"Feature","geometry":{"type":"MultiPolygon","coordinates":[[[[127.037264,37.665607],[127.037354,37.665669],[127.037441,37.665729],[127.037475,37.665752],[127.037524,37.665786],[127.037608,37.665844],[127.037705,37.665911],[127.037731,37.665928],[127.037832,37.665998],[127.037857,37.666015],[127.037958,37.666084],[127.038032,37.666136],[127.038112,37.666191],[127.038129,37.666202],[127.038219,37.666264],[127.038245,37.666282],[127.038331,37.666341],[127.038336,37.666344],[127.038427,37.666407],[127.038479,37.666443],[127.038582,37.666514],[127.038679,37.66658],[127.038705,37.666598],[127.038813,37.666496],[127.038897,37.666417],[127.03898,37.666339],[127.038985,37.666341],[127.039078,37.666405],[127.039126,37.666363],[127.039118,37.66621],[127.039123,37.666205],[127.039121,37.666166],[127.039156,37.666137],[127.040407,37.666125],[127.040442,37.666151],[127.040447,37.666495],[127.040414,37.666523],[127.04006,37.666527],[127.040053,37.666905],[127.04007,37.666904],[127.04007,37.666992],[127.040069,37.667076],[127.040069,37.667204],[127.040136,37.667212],[127.040234,37.667221],[127.04033,37.667226],[127.040426,37.667228],[127.040522,37.667226],[127.040618,37.667221],[127.040674,37.667216],[127.040714,37.667212],[127.040864,37.667196],[127.040864,37.667137],[127.040863,37.667077],[127.040863,37.666949],[127.040862,37.666799],[127.040862,37.666747],[127.040861,37.666638],[127.041135,37.666609],[127.04126,37.666596],[127.041408,37.66658],[127.041524,37.666568],[127.041589,37.666561],[127.041602,37.666559],[127.041687,37.666483],[127.041785,37.666394],[127.041845,37.66634],[127.041908,37.666283],[127.042068,37.666139],[127.042068,37.666085],[127.042067,37.665977],[127.042066,37.665869],[127.042066,37.665819],[127.041904,37.665707],[127.041718,37.665578],[127.041745,37.66553],[127.041795,37.665438],[127.041847,37.665345],[127.041896,37.665255],[127.041939,37.665179],[127.041976,37.665055],[127.041975,37.665004],[127.041974,37.664917],[127.041973,37.664849],[127.041972,37.664831],[127.041971,37.664762],[127.041971,37.664744],[127.04197,37.664685],[127.041929,37.664653],[127.041929,37.664653],[127.041592,37.664657],[127.041558,37.664657],[127.041435,37.664658],[127.041314,37.66466],[127.041198,37.664661],[127.041089,37.664662],[127.041001,37.664663],[127.040808,37.664665],[127.040719,37.664666],[127.040589,37.664668],[127.040577,37.664668],[127.040557,37.664668],[127.040424,37.66467],[127.040313,37.664672],[127.040279,37.664672],[127.040165,37.664674],[127.040048,37.664675],[127.040003,37.664676],[127.039877,37.664677],[127.03976,37.664679],[127.039726,37.664679],[127.039609,37.664681],[127.039461,37.664683],[127.039322,37.664684],[127.039171,37.664683],[127.039067,37.664684],[127.03892,37.664685],[127.038784,37.664686],[127.038659,37.664687],[127.038536,37.664689],[127.038379,37.66469],[127.038333,37.66469],[127.038256,37.664691],[127.038169,37.664771],[127.038094,37.66484],[127.038065,37.664868],[127.037984,37.664942],[127.0379,37.665019],[127.037822,37.665092],[127.03777,37.665139],[127.037659,37.665242],[127.037593,37.665304],[127.037523,37.665368],[127.03745,37.665436],[127.03742,37.665463],[127.037346,37.665532],[127.037264,37.665607]]]]},"properties":{"program":"신속통합기획","site":"방학3구역","selected":"2022.12 2차 공모","address":"도봉구 방학동 685","area_m2":72533.0,"boundary_source":"토지거래허가구역"}},{"type":"Feature","geometry":{"type":"MultiPolygon","coordinates":[[[[126.905784,37.597626],[126.905786,37.597628],[126.905888,37.597704],[126.905941,37.597748],[126.905942,37.597749],[126.906027,37.597818],[126.906143,37.597751],[126.906253,37.597687],[126.906438,37.597594],[126.906655,37.597488],[126.906661,37.597484],[126.906701,37.597466],[126.907133,37.597243],[126.907239,37.597191],[126.90739,37.597115],[126.907417,37.597104],[126.907456,37.597083],[126.907623,37.596996],[126.9077,37.596955],[126.907805,37.5969],[126.9079,37.59685],[126.908074,37.596761],[126.908042,37.596715],[126.908033,37.596698],[126.907978,37.596676],[126.907803,37.596606],[126.907774,37.596594],[126.907742,37.596582],[126.90765,37.596543],[126.907567,37.596511],[126.907533,37.5965],[126.907497,37.596485],[126.907465,37.596472],[126.907346,37.596427],[126.90728,37.596399],[126.90728,37.596399],[126.90729,37.596373],[126.907137,37.596316],[126.907052,37.596283],[126.906965,37.596249],[126.906879,37.596217],[126.906818,37.596194],[126.906746,37.596171],[126.906677,37.596144],[126.906621,37.596122],[126.90655,37.596099],[126.906453,37.596059],[126.906389,37.596035],[126.906318,37.596008],[126.906238,37.595976],[126.906175,37.595951],[126.906094,37.595926],[126.906018,37.595893],[126.905957,37.595869],[126.905847,37.595815],[126.905766,37.595779],[126.905663,37.595733],[126.905575,37.595694],[126.905487,37.595654],[126.905316,37.595573],[126.905286,37.595559],[126.90516,37.595504],[126.905148,37.595499],[126.905093,37.595473],[126.904978,37.595416],[126.904953,37.59545],[126.904923,37.59549],[126.904916,37.595501],[126.904882,37.595547],[126.904873,37.59556],[126.904837,37.595604],[126.904827,37.595616],[126.904811,37.595641],[126.904788,37.595666],[126.904781,37.595674],[126.904779,37.595673],[126.904672,37.595673],[126.904634,37.595674],[126.904618,37.595674],[126.904609,37.595674],[126.904539,37.595673],[126.904491,37.595673],[126.904485,37.595673],[126.90437,37.595672],[126.904366,37.595672],[126.904319,37.595672],[126.904184,37.595863],[126.904181,37.595909],[126.904153,37.595901],[126.904191,37.596002],[126.904539,37.596213],[126.904742,37.596337],[126.904606,37.596698],[126.904538,37.596661],[126.904528,37.596656],[126.90443,37.59661],[126.904335,37.596565],[126.904239,37.596522],[126.904147,37.596478],[126.90406,37.596438],[126.903787,37.596314],[126.90364,37.596246],[126.903598,37.596467],[126.903586,37.596534],[126.903572,37.596605],[126.903559,37.596675],[126.903551,37.596726],[126.903535,37.596806],[126.903521,37.596886],[126.903503,37.596976],[126.903477,37.597127],[126.903563,37.597146],[126.903635,37.597159],[126.903701,37.597172],[126.903812,37.597195],[126.90385,37.597203],[126.903933,37.59722],[126.903953,37.597224],[126.904006,37.597231],[126.904019,37.597235],[126.904013,37.597267],[126.903988,37.597295],[126.904066,37.597313],[126.904084,37.597324],[126.904078,37.59739],[126.90411,37.597401],[126.904183,37.597426],[126.904355,37.597485],[126.904385,37.597495],[126.904273,37.597297],[126.904258,37.597269],[126.904242,37.597239],[126.904285,37.597236],[126.904413,37.597218],[126.904461,37.597212],[126.904537,37.597201],[126.904642,37.597186],[126.904863,37.597151],[126.904958,37.597203],[126.904976,37.597213],[126.905044,37.59725],[126.905054,37.597255],[126.905118,37.59729],[126.905367,37.597429],[126.905401,37.597447],[126.905417,37.597456],[126.905485,37.597493],[126.905505,37.597504],[126.905521,37.597512],[126.905554,37.59753],[126.905598,37.597546],[126.905672,37.597562],[126.905676,37.597562],[126.905681,37.597563],[126.905691,37.597565],[126.905725,37.597577],[126.905776,37.597619],[126.905784,37.597626]]]]},"properties":{"program":"신속통합기획","site":"산새마을","selected":"2022.12 2차 공모","address":"은평구 신사동 237","area_m2":49822.0,"boundary_source":"토지거래허가구역"}},{"type":"Feature","geometry":{"type":"MultiPolygon","coordinates":[[[[126.904756,37.595283],[126.904778,37.59531],[126.904891,37.595361],[126.904917,37.595372],[126.904992,37.595396],[126.904978,37.595416],[126.905093,37.595474],[126.905149,37.595499],[126.90516,37.595504],[126.905287,37.595559],[126.905316,37.595573],[126.905488,37.595655],[126.905576,37.595694],[126.905664,37.595733],[126.905766,37.595779],[126.905847,37.595815],[126.905957,37.59587],[126.906018,37.595893],[126.906094,37.595926],[126.906175,37.595951],[126.906238,37.595976],[126.906319,37.596008],[126.906389,37.596035],[126.906453,37.596059],[126.906551,37.5961],[126.906622,37.596123],[126.906678,37.596144],[126.906747,37.596171],[126.906818,37.596195],[126.90688,37.596217],[126.906965,37.596249],[126.907053,37.596284],[126.907137,37.596317],[126.90729,37.596373],[126.907306,37.596329],[126.907341,37.596276],[126.907348,37.596266],[126.90743,37.596117],[126.90748,37.596033],[126.90754,37.59599],[126.907622,37.595943],[126.907662,37.595891],[126.907683,37.595867],[126.907773,37.595861],[126.907806,37.595859],[126.907944,37.595871],[126.908017,37.595889],[126.908057,37.595891],[126.908077,37.59589],[126.908176,37.595874],[126.908201,37.59586],[126.908302,37.595804],[126.908314,37.595803],[126.908431,37.59576],[126.908457,37.595734],[126.908501,37.595719],[126.908649,37.595671],[126.908728,37.595638],[126.908745,37.595629],[126.908757,37.595622],[126.908654,37.595437],[126.908628,37.595397],[126.908586,37.595306],[126.908523,37.595195],[126.908505,37.595141],[126.90848,37.59509],[126.908407,37.594951],[126.90836,37.594867],[126.908321,37.594793],[126.908289,37.594696],[126.908188,37.59452],[126.908149,37.594432],[126.908052,37.594253],[126.908021,37.594221],[126.907953,37.594081],[126.907861,37.593886],[126.907831,37.593839],[126.907811,37.593861],[126.907774,37.593876],[126.907759,37.593874],[126.907576,37.593841],[126.90751,37.593835],[126.907315,37.593826],[126.907221,37.59384],[126.90709,37.593864],[126.906925,37.593914],[126.906795,37.593963],[126.905784,37.594006],[126.905775,37.594006],[126.905775,37.593979],[126.905801,37.593978],[126.905791,37.593866],[126.905785,37.593796],[126.905765,37.593796],[126.905765,37.593744],[126.90578,37.593723],[126.905787,37.593713],[126.905854,37.593624],[126.905875,37.593596],[126.905841,37.593543],[126.905606,37.593641],[126.90556,37.59366],[126.905438,37.593708],[126.905449,37.593797],[126.905428,37.5938],[126.905436,37.593925],[126.905435,37.593948],[126.905437,37.594009],[126.905443,37.594009],[126.905447,37.594072],[126.905455,37.594141],[126.905447,37.59437],[126.905448,37.594557],[126.905447,37.594634],[126.90544,37.594645],[126.905419,37.594711],[126.905374,37.594754],[126.905376,37.594787],[126.905396,37.594821],[126.90536,37.59485],[126.905344,37.594886],[126.905281,37.595038],[126.905196,37.595075],[126.905023,37.595147],[126.904908,37.59519],[126.904908,37.595203],[126.904761,37.595265],[126.904756,37.595283]]]]},"properties":{"program":"신속통합기획","site":"편백마을","selected":"2022.12 2차 공모","address":"은평구 신사동 200","area_m2":62270.3,"boundary_source":"토지거래허가구역"}},{"type":"Feature","geometry":{"type":"MultiPolygon","coordinates":[[[[126.868896,37.540437],[126.868906,37.54048],[126.868927,37.540581],[126.868945,37.540673],[126.868964,37.540762],[126.868973,37.54081],[126.868985,37.540859],[126.869013,37.54096],[126.869017,37.540993],[126.869026,37.541076],[126.869028,37.541082],[126.869062,37.541208],[126.869094,37.541326],[126.869112,37.541374],[126.869116,37.541392],[126.869148,37.541526],[126.869164,37.541605],[126.869208,37.541622],[126.86932,37.541605],[126.869502,37.541578],[126.869721,37.541545],[126.86989,37.54152],[126.869943,37.541512],[126.870123,37.541487],[126.870141,37.541459],[126.870093,37.541382],[126.870082,37.541321],[126.870073,37.541313],[126.87012,37.541304],[126.870236,37.541171],[126.870314,37.541106],[126.870392,37.541002],[126.870427,37.540834],[126.870459,37.540694],[126.87046,37.540683],[126.870538,37.540703],[126.870582,37.540721],[126.870601,37.540736],[126.870691,37.540689],[126.870541,37.540479],[126.870541,37.540457],[126.870541,37.540422],[126.870534,37.540383],[126.870534,37.54037],[126.870537,37.54021],[126.870539,37.540147],[126.870537,37.540125],[126.870533,37.540034],[126.870527,37.539994],[126.870511,37.539891],[126.87052,37.539885],[126.87051,37.539857],[126.870545,37.539803],[126.870556,37.539784],[126.870557,37.539782],[126.870573,37.539757],[126.870571,37.539696],[126.870574,37.539635],[126.870574,37.539632],[126.870574,37.539623],[126.870553,37.539519],[126.870546,37.539475],[126.870532,37.539386],[126.870476,37.539367],[126.870436,37.539354],[126.870338,37.539408],[126.870063,37.53956],[126.870009,37.53959],[126.869798,37.539707],[126.869876,37.540082],[126.86988,37.540105],[126.869901,37.540207],[126.869921,37.540303],[126.869852,37.540312],[126.869732,37.540328],[126.86958,37.540348],[126.86951,37.540357],[126.869164,37.540402],[126.869124,37.540407],[126.868896,37.540437]]]]},"properties":{"program":"신속통합기획","site":"목동 232","selected":"2022.12 2차 공모","address":"양천구 목동 232","area_m2":21161.0,"boundary_source":"토지거래허가구역"}},{"type":"Feature","geometry":{"type":"MultiPolygon","coordinates":[[[[126.847933,37.505289],[126.84794,37.505303],[126.84805,37.50534],[126.848123,37.505364],[126.848233,37.505404],[126.84829,37.505423],[126.848352,37.505443],[126.848422,37.505464],[126.84854,37.505503],[126.84865,37.50554],[126.84872,37.505562],[126.848844,37.505601],[126.848999,37.505653],[126.849065,37.505675],[126.849222,37.505725],[126.849377,37.505776],[126.849393,37.505779],[126.849528,37.505824],[126.849643,37.505862],[126.849847,37.505927],[126.849852,37.506012],[126.849811,37.50609],[126.849967,37.506185],[126.850033,37.506122],[126.850109,37.506051],[126.85018,37.505986],[126.850253,37.505918],[126.850323,37.505852],[126.850433,37.505749],[126.850446,37.50575],[126.850493,37.505723],[126.850564,37.505662],[126.850587,37.505613],[126.85059,37.505609],[126.850712,37.505565],[126.850818,37.505528],[126.850928,37.505486],[126.851034,37.505449],[126.851145,37.505409],[126.851246,37.505372],[126.851361,37.50533],[126.851409,37.505318],[126.851547,37.505281],[126.851542,37.505209],[126.851535,37.505105],[126.851528,37.505],[126.851522,37.5049],[126.85152,37.504874],[126.851515,37.504803],[126.851514,37.504775],[126.851509,37.504703],[126.851506,37.504652],[126.851526,37.504634],[126.851523,37.504586],[126.851517,37.504479],[126.851515,37.504435],[126.851525,37.504428],[126.851612,37.50437],[126.851617,37.504282],[126.851624,37.504196],[126.851629,37.504101],[126.851631,37.504041],[126.851631,37.504001],[126.851822,37.503684],[126.851561,37.503584],[126.851554,37.503582],[126.851527,37.503571],[126.851401,37.503526],[126.851193,37.503449],[126.851051,37.503394],[126.850933,37.50335],[126.850894,37.503336],[126.850691,37.503259],[126.850678,37.503254],[126.850521,37.503197],[126.850422,37.50316],[126.850031,37.503012],[126.849955,37.502983],[126.849939,37.502976],[126.849816,37.50293],[126.849645,37.502871],[126.849594,37.502854],[126.849593,37.502848],[126.849406,37.502778],[126.849366,37.502762],[126.849356,37.502758],[126.849298,37.502737],[126.849249,37.502746],[126.849201,37.502833],[126.849156,37.50292],[126.849124,37.502973],[126.849082,37.503056],[126.849039,37.503141],[126.84901,37.503199],[126.848966,37.50328],[126.848923,37.50336],[126.848891,37.503419],[126.848845,37.50351],[126.848806,37.50359],[126.848774,37.503647],[126.848728,37.503734],[126.848683,37.503814],[126.848658,37.503874],[126.848632,37.503922],[126.848609,37.503964],[126.848727,37.503997],[126.848848,37.504031],[126.848967,37.504064],[126.849088,37.504097],[126.849211,37.504131],[126.849322,37.504162],[126.849441,37.504197],[126.849565,37.504232],[126.849687,37.504266],[126.849734,37.504279],[126.849896,37.504327],[126.849896,37.504336],[126.849871,37.504424],[126.849862,37.504505],[126.849862,37.504514],[126.849856,37.504549],[126.849831,37.504662],[126.849827,37.504679],[126.849823,37.504701],[126.84982,37.504759],[126.84981,37.50488],[126.849801,37.505005],[126.849797,37.505066],[126.849781,37.505113],[126.849745,37.505214],[126.849706,37.505306],[126.849701,37.505317],[126.849631,37.505384],[126.849596,37.505418],[126.849232,37.505289],[126.849206,37.50528],[126.849039,37.505222],[126.848901,37.505173],[126.848863,37.505158],[126.848735,37.505113],[126.848609,37.505069],[126.848566,37.505053],[126.848429,37.505005],[126.848345,37.504973],[126.848385,37.504873],[126.848423,37.504778],[126.848457,37.504694],[126.848494,37.504609],[126.848532,37.504519],[126.848562,37.504438],[126.848597,37.504352],[126.848634,37.504268],[126.848643,37.504242],[126.848572,37.504167],[126.848542,37.504097],[126.848488,37.504204],[126.848438,37.504296],[126.848397,37.504379],[126.848356,37.504459],[126.848313,37.504543],[126.848289,37.50459],[126.84827,37.504626],[126.848229,37.504706],[126.84818,37.504802],[126.848173,37.504818],[126.848132,37.504898],[126.848089,37.504982],[126.848041,37.505075],[126.848,37.50516],[126.847995,37.505168],[126.847933,37.505289]]]]},"properties":{"program":"신속통합기획","site":"고척동 253","selected":"2022.12 2차 공모","address":"구로구 고척동 253","area_m2":62239.0,"boundary_source":"토지거래허가구역"}},{"type":"Feature","geometry":{"type":"MultiPolygon","coordinates":[[[[126.886859,37.483425],[126.886926,37.483467],[126.886949,37.483456],[126.88703,37.483516],[126.887074,37.483528],[126.887084,37.483547],[126.887129,37.483584],[126.887324,37.48369],[126.887331,37.483697],[126.887336,37.483693],[126.887416,37.483746],[126.887457,37.483773],[126.887498,37.483808],[126.887581,37.483877],[126.887664,37.483947],[126.887744,37.484015],[126.887829,37.484087],[126.887913,37.484149],[126.887986,37.484209],[126.888107,37.484308],[126.88813,37.484326],[126.888161,37.484352],[126.888209,37.484391],[126.888262,37.484434],[126.888388,37.484537],[126.888445,37.484521],[126.888479,37.484512],[126.888534,37.484497],[126.888645,37.484468],[126.888738,37.484437],[126.888774,37.484426],[126.888847,37.484403],[126.888928,37.484391],[126.88901,37.484364],[126.889299,37.484279],[126.889327,37.484273],[126.889357,37.484263],[126.889432,37.484238],[126.889467,37.484229],[126.889488,37.484223],[126.889518,37.484222],[126.889572,37.484201],[126.889599,37.48419],[126.889656,37.484179],[126.889664,37.484178],[126.88968,37.484176],[126.889767,37.484148],[126.889849,37.484116],[126.889955,37.484093],[126.890053,37.484073],[126.890058,37.484072],[126.890071,37.48407],[126.890216,37.484047],[126.890231,37.48404],[126.890235,37.484039],[126.890354,37.484008],[126.890465,37.48398],[126.890567,37.483953],[126.890596,37.483946],[126.890653,37.483932],[126.890665,37.483928],[126.890821,37.483886],[126.890842,37.483881],[126.890862,37.483875],[126.890938,37.483859],[126.890971,37.483849],[126.89114,37.483796],[126.891234,37.483764],[126.891244,37.483759],[126.891307,37.483728],[126.89131,37.483726],[126.891366,37.483698],[126.891373,37.483695],[126.891386,37.483688],[126.891415,37.483674],[126.891434,37.483664],[126.891532,37.483623],[126.891514,37.483605],[126.891335,37.483425],[126.891334,37.483424],[126.891205,37.483312],[126.891148,37.483262],[126.89113,37.483243],[126.891055,37.483194],[126.890943,37.483125],[126.8909,37.483116],[126.890811,37.482967],[126.890825,37.482971],[126.890912,37.482996],[126.89092,37.482998],[126.890929,37.483001],[126.890948,37.483006],[126.890974,37.482899],[126.89098,37.482874],[126.891013,37.482738],[126.891025,37.482691],[126.891057,37.482656],[126.891189,37.482509],[126.891216,37.482481],[126.891337,37.48235],[126.891409,37.482274],[126.891504,37.482172],[126.891529,37.482146],[126.891554,37.482119],[126.891599,37.482071],[126.891643,37.482025],[126.891679,37.481987],[126.891689,37.481977],[126.89173,37.481933],[126.891814,37.481851],[126.89186,37.481883],[126.891917,37.481685],[126.891846,37.481583],[126.891859,37.481576],[126.891849,37.481558],[126.891723,37.481508],[126.891732,37.481501],[126.891669,37.481436],[126.891613,37.481379],[126.891588,37.481377],[126.891564,37.481379],[126.891552,37.481381],[126.891552,37.481381],[126.891517,37.481342],[126.89146,37.481276],[126.891459,37.481275],[126.891398,37.481204],[126.891388,37.481193],[126.891259,37.481045],[126.891204,37.481055],[126.891151,37.48119],[126.891123,37.481264],[126.891093,37.48134],[126.89106,37.48142],[126.891007,37.481557],[126.891001,37.481572],[126.890971,37.481646],[126.890935,37.481736],[126.8909,37.481824],[126.890872,37.481893],[126.890905,37.481933],[126.890905,37.481971],[126.890834,37.481961],[126.890765,37.48198],[126.890667,37.481956],[126.890598,37.481938],[126.890565,37.48193],[126.890554,37.481927],[126.89039,37.481893],[126.890375,37.481967],[126.890384,37.482064],[126.890399,37.482072],[126.890376,37.482092],[126.890321,37.48214],[126.890365,37.482161],[126.890313,37.482306],[126.890243,37.482365],[126.890199,37.482409],[126.890111,37.482483],[126.890112,37.482505],[126.890093,37.482538],[126.889934,37.482458],[126.889881,37.482432],[126.889861,37.482422],[126.88967,37.482326],[126.889569,37.482342],[126.889491,37.482291],[126.889486,37.482288],[126.889474,37.482261],[126.889469,37.48225],[126.889453,37.482212],[126.889444,37.48218],[126.889435,37.482142],[126.889452,37.482093],[126.889327,37.482088],[126.889288,37.482083],[126.889317,37.481996],[126.889348,37.481905],[126.88935,37.481899],[126.889373,37.481828],[126.889383,37.481799],[126.889273,37.481775],[126.889237,37.481767],[126.889121,37.481746],[126.889114,37.481769],[126.889022,37.481751],[126.88899,37.481744],[126.888966,37.481818],[126.888876,37.481802],[126.888891,37.481757],[126.888908,37.481705],[126.888918,37.481676],[126.888818,37.481655],[126.888776,37.481646],[126.888774,37.481654],[126.888746,37.481739],[126.888717,37.481825],[126.888618,37.481801],[126.888566,37.481812],[126.888483,37.481768],[126.88847,37.481762],[126.888402,37.481726],[126.888321,37.481683],[126.888191,37.481615],[126.888123,37.481701],[126.888097,37.481734],[126.888059,37.481781],[126.888034,37.481814],[126.888004,37.481853],[126.887939,37.481934],[126.887938,37.481936],[126.887873,37.482018],[126.887855,37.482041],[126.887772,37.482146],[126.887727,37.482203],[126.887708,37.482227],[126.887617,37.482348],[126.887534,37.482445],[126.887422,37.482578],[126.887402,37.482614],[126.887328,37.482699],[126.887292,37.48274],[126.887271,37.482804],[126.88724,37.482874],[126.887239,37.482877],[126.88717,37.482971],[126.887115,37.483049],[126.887103,37.483064],[126.886993,37.48322],[126.886904,37.483345],[126.886859,37.483425]],[[126.889458,37.483934],[126.8894,37.483898],[126.889375,37.483884],[126.889213,37.483693],[126.889183,37.483656],[126.889083,37.483532],[126.889077,37.483525],[126.889093,37.483502],[126.889098,37.483473],[126.889108,37.483414],[126.889128,37.483302],[126.889144,37.483188],[126.889145,37.483184],[126.889165,37.483085],[126.889111,37.483006],[126.889204,37.482855],[126.889206,37.482855],[126.889223,37.482859],[126.889249,37.482861],[126.889373,37.482874],[126.889384,37.482789],[126.889394,37.482713],[126.889421,37.482709],[126.889423,37.48269],[126.889469,37.482666],[126.889486,37.482657],[126.889591,37.482712],[126.889567,37.482765],[126.889491,37.482926],[126.889586,37.482975],[126.889625,37.482996],[126.889651,37.483096],[126.889652,37.483102],[126.889665,37.483146],[126.889678,37.483235],[126.889697,37.483233],[126.889677,37.483383],[126.889694,37.48342],[126.889597,37.483418],[126.889571,37.483542],[126.889548,37.483651],[126.889546,37.483658],[126.889548,37.483743],[126.889547,37.483758],[126.889543,37.483841],[126.889542,37.483896],[126.889474,37.483927],[126.889458,37.483934]]]]},"properties":{"program":"신속통합기획","site":"가리봉중심1구역","selected":"2022.12 2차 공모","address":"구로구 가리봉동 115","area_m2":90875.0,"boundary_source":"토지거래허가구역"}},{"type":"Feature","geometry":{"type":"MultiPolygon","coordinates":[[[[126.901611,37.460558],[126.901623,37.460475],[126.90164,37.460365],[126.901652,37.460286],[126.901657,37.460251],[126.901661,37.460227],[126.901671,37.460159],[126.90168,37.460098],[126.901688,37.460047],[126.901706,37.459927],[126.901712,37.459888],[126.901714,37.45987],[126.90172,37.459834],[126.901735,37.459729],[126.901755,37.459597],[126.901769,37.459509],[126.901773,37.459478],[126.901797,37.459352],[126.901813,37.459274],[126.901829,37.459194],[126.901845,37.459115],[126.901851,37.459089],[126.901867,37.45901],[126.901882,37.458937],[126.901904,37.458829],[126.901931,37.4587],[126.901937,37.458669],[126.901952,37.458597],[126.901967,37.458523],[126.901969,37.45851],[126.901984,37.458454],[126.902009,37.458363],[126.902029,37.458289],[126.902052,37.458201],[126.902075,37.458118],[126.902087,37.458072],[126.902098,37.458031],[126.902122,37.45794],[126.902217,37.457801],[126.902273,37.457764],[126.902386,37.457692],[126.902403,37.457682],[126.902471,37.457638],[126.902587,37.457566],[126.902531,37.45756],[126.902475,37.457503],[126.902353,37.457379],[126.90234,37.457364],[126.902276,37.4573],[126.902255,37.457278],[126.902252,37.457275],[126.902173,37.457194],[126.902111,37.45713],[126.902048,37.457065],[126.901982,37.456999],[126.901969,37.456985],[126.901955,37.45697],[126.90189,37.456904],[126.901843,37.456857],[126.901744,37.456755],[126.90171,37.45672],[126.901669,37.456678],[126.901644,37.456653],[126.901532,37.456603],[126.901355,37.456652],[126.901329,37.456659],[126.901207,37.456693],[126.901174,37.456702],[126.901147,37.456709],[126.901111,37.456719],[126.900996,37.456751],[126.900964,37.45676],[126.900777,37.456726],[126.900771,37.456719],[126.900641,37.456719],[126.900584,37.45687],[126.900551,37.456957],[126.900525,37.457023],[126.900518,37.457044],[126.900497,37.457097],[126.900487,37.457123],[126.90046,37.457194],[126.900434,37.457264],[126.900421,37.457299],[126.900378,37.457411],[126.900346,37.457496],[126.900336,37.457522],[126.900296,37.457625],[126.900287,37.457651],[126.90025,37.457748],[126.90021,37.457854],[126.9002,37.45788],[126.900161,37.457982],[126.900127,37.45807],[126.900124,37.458079],[126.900074,37.4581],[126.899952,37.45807],[126.899947,37.458068],[126.899812,37.458035],[126.899569,37.457976],[126.899559,37.458001],[126.899549,37.458027],[126.899491,37.458177],[126.899632,37.45821],[126.899679,37.458221],[126.899859,37.458263],[126.899866,37.458245],[126.899989,37.458277],[126.899903,37.458392],[126.89989,37.45841],[126.89988,37.458424],[126.899857,37.458455],[126.899846,37.458555],[126.89984,37.458611],[126.899824,37.458762],[126.899818,37.458813],[126.899814,37.458854],[126.899804,37.458947],[126.899791,37.459065],[126.899784,37.459126],[126.899779,37.459175],[126.899777,37.459189],[126.899776,37.459203],[126.899764,37.459314],[126.899763,37.459319],[126.899753,37.459414],[126.899752,37.459421],[126.899742,37.459509],[126.899735,37.459576],[126.899721,37.459696],[126.899701,37.459852],[126.899695,37.4599],[126.899693,37.459917],[126.899691,37.459936],[126.899676,37.460052],[126.899674,37.460066],[126.899637,37.460124],[126.899603,37.460176],[126.899582,37.460209],[126.899523,37.4603],[126.899517,37.460309],[126.899512,37.460316],[126.899453,37.460408],[126.89944,37.460428],[126.899379,37.460523],[126.899374,37.46053],[126.899296,37.460651],[126.899291,37.460658],[126.899286,37.460667],[126.89927,37.460691],[126.899217,37.460772],[126.899214,37.460777],[126.899078,37.46072],[126.898938,37.460662],[126.898866,37.46068],[126.898809,37.460694],[126.898766,37.460709],[126.898669,37.460723],[126.898599,37.460723],[126.898516,37.460698],[126.898488,37.46077],[126.898489,37.460771],[126.898421,37.460771],[126.898464,37.460832],[126.898646,37.460999],[126.898677,37.461027],[126.898768,37.461111],[126.898892,37.461225],[126.899027,37.461224],[126.899059,37.461174],[126.899062,37.46117],[126.899078,37.461145],[126.899213,37.461113],[126.899307,37.46109],[126.89933,37.461084],[126.899454,37.461055],[126.899486,37.461047],[126.899521,37.461038],[126.899617,37.461015],[126.899768,37.460979],[126.899911,37.460945],[126.900404,37.460826],[126.900475,37.460809],[126.90046,37.460835],[126.900523,37.460948],[126.900589,37.461064],[126.90064,37.461155],[126.900696,37.461255],[126.900729,37.461262],[126.900759,37.461245],[126.900849,37.461191],[126.900954,37.461128],[126.901058,37.461065],[126.901135,37.461019],[126.901205,37.460977],[126.901216,37.46097],[126.901223,37.460966],[126.90129,37.460926],[126.901323,37.460906],[126.901401,37.460859],[126.901497,37.460801],[126.901591,37.460691],[126.901607,37.460582],[126.901611,37.460558]]]]},"properties":{"program":"신속통합기획","site":"독산시흥구역","selected":"2022.12 2차 공모","address":"금천구 시흥동 871","area_m2":88326.0,"boundary_source":"정비구역"}},{"type":"Feature","geometry":{"type":"MultiPolygon","coordinates":[[[[126.901291,37.493304],[126.901405,37.493381],[126.90148,37.493433],[126.901508,37.493443],[126.901563,37.49348],[126.90162,37.493518],[126.9017,37.49357],[126.901764,37.493613],[126.901781,37.493626],[126.901855,37.49368],[126.901944,37.493748],[126.901994,37.493781],[126.902011,37.493793],[126.902057,37.493825],[126.9021,37.493855],[126.902151,37.493892],[126.902248,37.493962],[126.902338,37.494027],[126.90241,37.49408],[126.902482,37.49413],[126.902554,37.494181],[126.902627,37.494233],[126.902677,37.494268],[126.902701,37.494285],[126.902807,37.494355],[126.902975,37.494467],[126.903034,37.494384],[126.903106,37.494282],[126.903172,37.494189],[126.903217,37.494126],[126.903288,37.494153],[126.903287,37.494155],[126.90331,37.494159],[126.903322,37.494166],[126.903346,37.49418],[126.903418,37.494181],[126.903489,37.494182],[126.903513,37.494182],[126.903548,37.494158],[126.903557,37.494139],[126.90357,37.49413],[126.903582,37.49413],[126.903627,37.494142],[126.903629,37.494135],[126.903674,37.494147],[126.90368,37.494154],[126.903734,37.494213],[126.903829,37.494253],[126.903829,37.494313],[126.903943,37.494357],[126.904029,37.49439],[126.904051,37.494398],[126.904062,37.494381],[126.904146,37.494268],[126.904168,37.49424],[126.904305,37.494101],[126.904329,37.494074],[126.904357,37.494046],[126.90438,37.494024],[126.904403,37.494001],[126.904415,37.493989],[126.904447,37.493957],[126.904481,37.493925],[126.904525,37.49388],[126.904586,37.49382],[126.904627,37.493779],[126.90464,37.493768],[126.904635,37.493762],[126.904578,37.49371],[126.904505,37.493639],[126.904427,37.493565],[126.904301,37.493487],[126.904301,37.493486],[126.90416,37.493359],[126.904107,37.493312],[126.903924,37.493151],[126.903825,37.493065],[126.903616,37.492881],[126.903599,37.492861],[126.903511,37.492794],[126.90344,37.492727],[126.903361,37.492652],[126.903286,37.492582],[126.903232,37.492532],[126.903224,37.492525],[126.903146,37.492455],[126.903115,37.492426],[126.903024,37.492344],[126.902934,37.492262],[126.902881,37.492214],[126.902846,37.492182],[126.902756,37.492101],[126.902723,37.492071],[126.902685,37.492036],[126.902635,37.491991],[126.902551,37.491912],[126.902524,37.491909],[126.902457,37.491898],[126.902391,37.491977],[126.90234,37.49204],[126.90232,37.492049],[126.902324,37.492059],[126.902224,37.492176],[126.902196,37.492209],[126.902168,37.492242],[126.902088,37.492335],[126.902011,37.492425],[126.901969,37.492474],[126.901888,37.492569],[126.901901,37.492582],[126.901846,37.492646],[126.901786,37.492715],[126.901721,37.492789],[126.901691,37.492823],[126.901678,37.49284],[126.901635,37.492891],[126.901586,37.49295],[126.901533,37.493013],[126.901385,37.493191],[126.901291,37.493304]]]]},"properties":{"program":"신속통합기획","site":"대림1구역","selected":"2022.12 2차 공모","address":"영등포구 대림동 855-1","area_m2":42505.0,"boundary_source":"토지거래허가구역"}},{"type":"Feature","geometry":{"type":"MultiPolygon","coordinates":[[[[126.967639,37.480079],[126.967663,37.48009],[126.967682,37.480105],[126.967695,37.480122],[126.967698,37.480128],[126.967699,37.480136],[126.967709,37.480189],[126.967711,37.480194],[126.967725,37.480221],[126.967743,37.480243],[126.96776,37.480261],[126.967792,37.480297],[126.967802,37.480314],[126.96781,37.480327],[126.967812,37.480331],[126.967822,37.480345],[126.967825,37.480352],[126.967852,37.480431],[126.967857,37.480473],[126.967871,37.480516],[126.967899,37.480617],[126.967915,37.480631],[126.967948,37.480662],[126.96778,37.480715],[126.967763,37.480733],[126.967829,37.480841],[126.967862,37.480883],[126.967915,37.480951],[126.967921,37.480957],[126.96793,37.481022],[126.967947,37.481064],[126.967953,37.481118],[126.968074,37.481251],[126.968125,37.481251],[126.968252,37.481336],[126.968278,37.481346],[126.968337,37.48137],[126.968408,37.481416],[126.968429,37.481429],[126.968502,37.481428],[126.968562,37.481434],[126.968749,37.481454],[126.968874,37.481468],[126.968994,37.481457],[126.969021,37.481454],[126.969035,37.481418],[126.969065,37.481445],[126.969091,37.48144],[126.969225,37.481516],[126.96925,37.48153],[126.969302,37.481559],[126.969383,37.481638],[126.969385,37.481644],[126.96939,37.481657],[126.969369,37.481695],[126.969411,37.481758],[126.969479,37.481862],[126.96954,37.481957],[126.969587,37.482029],[126.969656,37.482057],[126.969735,37.482047],[126.969878,37.482023],[126.969969,37.482009],[126.97009,37.481989],[126.970132,37.481982],[126.970263,37.481963],[126.970423,37.481939],[126.970455,37.481875],[126.970392,37.481775],[126.970318,37.481658],[126.97029,37.481615],[126.970272,37.481593],[126.970204,37.48151],[126.970108,37.48136],[126.970045,37.481263],[126.970025,37.481231],[126.969959,37.48113],[126.96995,37.481113],[126.969906,37.481049],[126.96986,37.480976],[126.969853,37.480979],[126.969838,37.480958],[126.969828,37.48094],[126.969663,37.480697],[126.969602,37.480623],[126.969576,37.480579],[126.969519,37.480566],[126.969441,37.480596],[126.969343,37.480635],[126.969189,37.480704],[126.969109,37.480683],[126.969132,37.480672],[126.969152,37.480662],[126.969124,37.480661],[126.969124,37.480661],[126.969029,37.480598],[126.968882,37.480524],[126.968808,37.480446],[126.968695,37.480308],[126.968601,37.480215],[126.968582,37.480161],[126.968547,37.480054],[126.968525,37.479988],[126.968481,37.479981],[126.968477,37.479977],[126.968417,37.479951],[126.968406,37.479949],[126.968191,37.479993],[126.968114,37.480008],[126.968088,37.480014],[126.968051,37.480028],[126.967933,37.480015],[126.967897,37.480011],[126.96776,37.480029],[126.967732,37.480032],[126.967645,37.480025],[126.967641,37.480056],[126.967639,37.480079]]]]},"properties":{"program":"신속통합기획","site":"사당4동","selected":"2022.12 2차 공모","address":"동작구 사당동 288","area_m2":26177.0,"boundary_source":"토지거래허가구역"}},{"type":"Feature","geometry":{"type":"MultiPolygon","coordinates":[[[[126.936352,37.495927],[126.936451,37.495856],[126.936531,37.495774],[126.936634,37.495671],[126.936733,37.495569],[126.936838,37.495463],[126.936935,37.495364],[126.937009,37.495289],[126.937115,37.495179],[126.937188,37.4951],[126.937284,37.495004],[126.937351,37.494935],[126.937363,37.49492],[126.93738,37.494904],[126.937447,37.494836],[126.937522,37.494761],[126.937663,37.494615],[126.937689,37.494583],[126.937717,37.494548],[126.937731,37.494554],[126.93786,37.494459],[126.937857,37.494444],[126.937796,37.494421],[126.937788,37.494417],[126.937727,37.49436],[126.937678,37.494316],[126.93754,37.494216],[126.937423,37.494113],[126.937372,37.494058],[126.93729,37.493963],[126.937249,37.493981],[126.937161,37.49402],[126.937134,37.494033],[126.93703,37.494077],[126.936933,37.49412],[126.93687,37.494146],[126.936793,37.494181],[126.936686,37.494231],[126.936662,37.494238],[126.936648,37.494244],[126.936566,37.494278],[126.936482,37.494312],[126.93638,37.494329],[126.936348,37.494151],[126.936339,37.494088],[126.936317,37.493965],[126.93631,37.493916],[126.936301,37.493866],[126.9363,37.493864],[126.936285,37.493781],[126.936313,37.49377],[126.93631,37.493749],[126.936189,37.493656],[126.936035,37.493537],[126.935964,37.493482],[126.935959,37.493505],[126.935862,37.493565],[126.935727,37.493648],[126.935694,37.493675],[126.935632,37.493714],[126.935581,37.493745],[126.935545,37.493789],[126.935471,37.493875],[126.935446,37.493905],[126.935412,37.493945],[126.935403,37.493955],[126.935367,37.493965],[126.935267,37.493991],[126.935236,37.493999],[126.935204,37.494007],[126.935212,37.493933],[126.93521,37.493869],[126.935194,37.493835],[126.935164,37.493759],[126.935165,37.493709],[126.935082,37.493676],[126.935007,37.493711],[126.934971,37.49381],[126.934746,37.493811],[126.934706,37.493798],[126.934624,37.493773],[126.934567,37.493741],[126.934539,37.493726],[126.934517,37.493772],[126.934472,37.493866],[126.934456,37.493899],[126.934455,37.493903],[126.934438,37.494002],[126.934404,37.494019],[126.934357,37.494068],[126.934284,37.494143],[126.93421,37.494222],[126.934149,37.494285],[126.934116,37.494322],[126.934103,37.494361],[126.934091,37.494401],[126.934064,37.494493],[126.934043,37.494538],[126.934002,37.494589],[126.933962,37.494632],[126.933935,37.494649],[126.933877,37.494675],[126.933861,37.494679],[126.933823,37.494691],[126.933805,37.494697],[126.93366,37.494724],[126.93351,37.494752],[126.933485,37.494751],[126.933433,37.494751],[126.933422,37.494751],[126.933379,37.494751],[126.933261,37.494742],[126.933164,37.494716],[126.933126,37.494703],[126.933116,37.494852],[126.933185,37.494945],[126.933248,37.495032],[126.933315,37.495124],[126.933323,37.495135],[126.933396,37.495215],[126.933402,37.495221],[126.933382,37.495269],[126.933374,37.495282],[126.933307,37.495411],[126.933387,37.495444],[126.93346,37.495477],[126.933467,37.49548],[126.933492,37.495563],[126.933593,37.495657],[126.93359,37.495707],[126.933674,37.495778],[126.933718,37.495815],[126.933786,37.495872],[126.933788,37.495874],[126.933843,37.495922],[126.933999,37.496053],[126.934035,37.496081],[126.933985,37.496125],[126.933876,37.496215],[126.933875,37.496246],[126.933875,37.496283],[126.933876,37.496292],[126.93384,37.496414],[126.933821,37.496431],[126.933818,37.496431],[126.933775,37.496465],[126.93368,37.49663],[126.933684,37.49667],[126.933581,37.496828],[126.933493,37.49697],[126.933442,37.497041],[126.933355,37.497192],[126.933258,37.497346],[126.933262,37.497365],[126.93343,37.497432],[126.933584,37.497496],[126.933578,37.497504],[126.933621,37.497539],[126.933689,37.497595],[126.933699,37.497606],[126.933717,37.497624],[126.933776,37.497682],[126.933886,37.497794],[126.933954,37.497861],[126.934023,37.497927],[126.934097,37.497999],[126.934111,37.498014],[126.934126,37.498028],[126.934237,37.49813],[126.934331,37.498033],[126.934427,37.497937],[126.934421,37.497932],[126.934326,37.497834],[126.934224,37.497736],[126.934188,37.497699],[126.934126,37.497635],[126.934097,37.497605],[126.933868,37.497389],[126.933893,37.497372],[126.933955,37.497331],[126.933989,37.497308],[126.933993,37.497305],[126.934117,37.497222],[126.934118,37.497196],[126.934203,37.497281],[126.934268,37.497347],[126.934376,37.497451],[126.934478,37.497553],[126.934579,37.497652],[126.934579,37.497659],[126.93458,37.497787],[126.934599,37.497771],[126.93465,37.497766],[126.934678,37.49775],[126.93482,37.49769],[126.934853,37.497676],[126.934961,37.497634],[126.935118,37.497612],[126.93524,37.497603],[126.935325,37.497596],[126.935412,37.497594],[126.935467,37.497597],[126.935507,37.497601],[126.935556,37.497612],[126.93559,37.497619],[126.935723,37.497656],[126.935775,37.49767],[126.935796,37.497676],[126.935875,37.497697],[126.936075,37.497747],[126.936118,37.497756],[126.93621,37.497779],[126.936398,37.497828],[126.936439,37.497839],[126.936462,37.497844],[126.936547,37.497866],[126.936772,37.497923],[126.936947,37.497967],[126.937068,37.497997],[126.937095,37.498004],[126.937154,37.498019],[126.937275,37.49805],[126.937304,37.498058],[126.937456,37.498096],[126.937615,37.498142],[126.937674,37.498055],[126.937696,37.498019],[126.937697,37.498017],[126.937673,37.497951],[126.937648,37.497885],[126.937641,37.49787],[126.937715,37.497864],[126.937726,37.497764],[126.937632,37.497764],[126.937605,37.497777],[126.937586,37.497725],[126.937646,37.4977],[126.937749,37.497656],[126.937767,37.497644],[126.937777,37.497636],[126.937879,37.497564],[126.937954,37.497512],[126.938049,37.497443],[126.938177,37.497354],[126.938166,37.497347],[126.938082,37.497287],[126.938051,37.497266],[126.93803,37.497279],[126.938012,37.497265],[126.937853,37.497158],[126.937703,37.497054],[126.93768,37.497054],[126.937628,37.49702],[126.937712,37.496938],[126.93779,37.496864],[126.937786,37.496821],[126.937676,37.49675],[126.93765,37.496733],[126.937519,37.496648],[126.937466,37.496653],[126.93739,37.496729],[126.937369,37.496751],[126.937288,37.496832],[126.937186,37.496934],[126.93708,37.497039],[126.936998,37.497122],[126.936998,37.497149],[126.936946,37.497148],[126.936863,37.49712],[126.936769,37.497057],[126.936755,37.497046],[126.936676,37.496995],[126.936624,37.496957],[126.936557,37.49692],[126.936389,37.496808],[126.936343,37.496779],[126.936257,37.49672],[126.936199,37.496716],[126.936116,37.496781],[126.93604,37.496843],[126.93597,37.496901],[126.935947,37.496915],[126.935903,37.496966],[126.935893,37.496976],[126.935833,37.497007],[126.935805,37.497031],[126.935783,37.497052],[126.935687,37.497137],[126.935666,37.497077],[126.935596,37.496966],[126.935576,37.496939],[126.935533,37.49687],[126.935425,37.49682],[126.935376,37.496751],[126.93537,37.496742],[126.935338,37.496676],[126.935301,37.496622],[126.935312,37.496579],[126.935343,37.496577],[126.935358,37.496575],[126.935376,37.496573],[126.935379,37.496568],[126.935397,37.496556],[126.935437,37.496543],[126.935547,37.496507],[126.935558,37.496503],[126.935575,37.496495],[126.93572,37.496445],[126.93575,37.496431],[126.935842,37.496383],[126.935871,37.496368],[126.93591,37.496347],[126.935963,37.496319],[126.936018,37.496279],[126.936047,37.496245],[126.936108,37.496182],[126.936129,37.496159],[126.936189,37.496095],[126.936269,37.496013],[126.936352,37.495927]]]]},"properties":{"program":"신속통합기획","site":"상도15구역","selected":"2022.12 2차 공모","address":"동작구 상도동 279","area_m2":126218.0,"boundary_source":"토지거래허가구역"}},{"type":"Feature","geometry":{"type":"MultiPolygon","coordinates":[[[[126.927922,37.47628],[126.927999,37.47642],[126.928032,37.47648],[126.928044,37.476502],[126.928133,37.476667],[126.928177,37.476749],[126.928181,37.476753],[126.928195,37.476858],[126.928209,37.476951],[126.92822,37.47705],[126.928234,37.477155],[126.92825,37.477261],[126.928267,37.477385],[126.928278,37.477385],[126.92829,37.477471],[126.928309,37.477614],[126.928323,37.477722],[126.928298,37.477722],[126.928253,37.477712],[126.928253,37.47786],[126.928236,37.477898],[126.928232,37.478043],[126.928229,37.47806],[126.928257,37.478165],[126.928272,37.478219],[126.928277,37.478237],[126.928271,37.478307],[126.928261,37.478354],[126.928243,37.478438],[126.928236,37.47847],[126.928209,37.478594],[126.928186,37.4787],[126.928145,37.478887],[126.928136,37.478929],[126.928135,37.478935],[126.92811,37.47905],[126.928082,37.479179],[126.928065,37.479257],[126.928132,37.479266],[126.928176,37.47927],[126.928256,37.479275],[126.92828,37.479276],[126.928335,37.479277],[126.928415,37.479276],[126.928428,37.479276],[126.928494,37.479272],[126.928567,37.479265],[126.928574,37.479265],[126.928652,37.479254],[126.928703,37.479245],[126.928773,37.479231],[126.928782,37.479136],[126.928796,37.478992],[126.9288,37.478956],[126.928814,37.478812],[126.928846,37.478775],[126.92888,37.478762],[126.92901,37.478713],[126.92903,37.478705],[126.929048,37.478699],[126.929164,37.478654],[126.929265,37.478616],[126.929397,37.478566],[126.929482,37.478534],[126.929613,37.478484],[126.929737,37.478437],[126.929757,37.478429],[126.929777,37.478421],[126.929904,37.478373],[126.930017,37.478331],[126.930101,37.478298],[126.930155,37.478313],[126.93021,37.478404],[126.930226,37.478431],[126.930287,37.478533],[126.930358,37.47865],[126.93042,37.478627],[126.930536,37.478582],[126.93058,37.478566],[126.930642,37.478542],[126.930777,37.478491],[126.930902,37.478443],[126.930927,37.478434],[126.930942,37.478442],[126.931037,37.478413],[126.931179,37.478368],[126.931258,37.478342],[126.931283,37.478332],[126.931283,37.478314],[126.931378,37.47831],[126.931398,37.478321],[126.931467,37.478324],[126.931452,37.478249],[126.931464,37.47823],[126.931542,37.478174],[126.931634,37.478106],[126.931725,37.47804],[126.931815,37.477977],[126.931905,37.477912],[126.932001,37.477842],[126.932103,37.477768],[126.932206,37.477693],[126.932335,37.477602],[126.932384,37.477593],[126.932582,37.47756],[126.932652,37.477547],[126.932724,37.477535],[126.932781,37.477529],[126.932819,37.477675],[126.932822,37.477694],[126.932845,37.477776],[126.932819,37.477796],[126.932834,37.477833],[126.932896,37.47798],[126.932953,37.478185],[126.932984,37.478169],[126.933095,37.478129],[126.933121,37.47812],[126.933047,37.477859],[126.933074,37.477715],[126.933045,37.477606],[126.933033,37.477609],[126.933,37.477487],[126.933099,37.47747],[126.933246,37.477445],[126.933409,37.477416],[126.933572,37.477388],[126.933723,37.477361],[126.933885,37.477332],[126.933947,37.477319],[126.934124,37.477286],[126.93417,37.477278],[126.934266,37.47726],[126.934417,37.477232],[126.934556,37.477206],[126.93458,37.477202],[126.934692,37.477182],[126.934844,37.477155],[126.934862,37.47725],[126.934868,37.477281],[126.934867,37.477303],[126.934864,37.477334],[126.934863,37.477349],[126.934893,37.477444],[126.934907,37.477463],[126.934952,37.47765],[126.935119,37.477625],[126.935072,37.477434],[126.935059,37.477309],[126.935133,37.477296],[126.935177,37.477289],[126.935364,37.477258],[126.935508,37.477236],[126.935498,37.47715],[126.935491,37.477028],[126.935487,37.476963],[126.935481,37.476868],[126.935476,37.476755],[126.935465,37.476643],[126.935464,37.476625],[126.935458,37.476528],[126.935457,37.476509],[126.935449,37.476416],[126.935447,37.476393],[126.935447,37.476379],[126.935443,37.476334],[126.935435,37.476222],[126.935439,37.47622],[126.935437,37.476202],[126.935427,37.476071],[126.935423,37.476035],[126.93542,37.476004],[126.935398,37.475936],[126.935368,37.475844],[126.935353,37.475814],[126.93531,37.475725],[126.935182,37.475638],[126.935169,37.475628],[126.935015,37.475585],[126.934881,37.475547],[126.934832,37.475533],[126.934753,37.475691],[126.934678,37.475825],[126.93457,37.475976],[126.934494,37.475967],[126.934428,37.475959],[126.934412,37.475933],[126.934294,37.475891],[126.934196,37.475868],[126.934179,37.475864],[126.934083,37.475855],[126.933927,37.475841],[126.93391,37.475841],[126.933804,37.47584],[126.933792,37.475841],[126.933526,37.475848],[126.933485,37.475857],[126.932815,37.476007],[126.932799,37.475905],[126.932754,37.475911],[126.932641,37.475861],[126.932539,37.475816],[126.932492,37.475817],[126.932352,37.475819],[126.932339,37.475819],[126.932337,37.475832],[126.932259,37.47586],[126.932252,37.475912],[126.93225,37.475929],[126.932086,37.475934],[126.932056,37.475845],[126.931923,37.475846],[126.931882,37.475869],[126.931812,37.475918],[126.931756,37.475925],[126.931687,37.475942],[126.931612,37.47596],[126.931578,37.475977],[126.931496,37.475965],[126.931451,37.475959],[126.931422,37.475935],[126.931366,37.475932],[126.931218,37.475674],[126.931175,37.47562],[126.931096,37.475544],[126.931015,37.47548],[126.930935,37.475445],[126.930846,37.475416],[126.930706,37.475417],[126.930398,37.475433],[126.930414,37.475414],[126.930229,37.475348],[126.930249,37.475332],[126.930187,37.475312],[126.930253,37.475251],[126.930157,37.475206],[126.930026,37.475145],[126.929865,37.475202],[126.929854,37.475206],[126.929827,37.475217],[126.929748,37.475248],[126.929695,37.475268],[126.929666,37.475272],[126.929591,37.475249],[126.929555,37.47526],[126.9295,37.475294],[126.929408,37.475351],[126.929358,37.47546],[126.929271,37.475455],[126.929234,37.475465],[126.929054,37.475489],[126.928761,37.475518],[126.928691,37.475543],[126.928632,37.47556],[126.92858,37.475566],[126.92855,37.475563],[126.928434,37.475584],[126.928338,37.475593],[126.928004,37.475577],[126.927989,37.475602],[126.927949,37.475752],[126.927946,37.475763],[126.927934,37.475998],[126.927926,37.476181],[126.927922,37.47628]]]]},"properties":{"program":"신속통합기획","site":"신림5구역","selected":"2022.12 2차 공모","address":"관악구 신림동 412","area_m2":160392.0,"boundary_source":"토지거래허가구역"}},{"type":"Feature","geometry":{"type":"MultiPolygon","coordinates":[[[[127.150845,37.495838],[127.150957,37.495917],[127.150987,37.495933],[127.151108,37.496027],[127.151259,37.496142],[127.151267,37.496117],[127.151335,37.496121],[127.151368,37.496152],[127.151582,37.496302],[127.151769,37.496453],[127.151799,37.49643],[127.151809,37.496436],[127.151863,37.496473],[127.151884,37.496459],[127.151888,37.496409],[127.151891,37.496369],[127.151903,37.496239],[127.151917,37.496218],[127.151953,37.496201],[127.152147,37.496105],[127.152263,37.496055],[127.152382,37.496121],[127.152483,37.496176],[127.152585,37.496231],[127.152521,37.496303],[127.15249,37.496334],[127.15247,37.496355],[127.152431,37.496397],[127.152353,37.496355],[127.152337,37.496347],[127.152329,37.496355],[127.152272,37.496412],[127.152244,37.496441],[127.152343,37.496497],[127.15228,37.496564],[127.152366,37.496578],[127.152415,37.496573],[127.152478,37.49661],[127.152536,37.496641],[127.152549,37.496628],[127.152655,37.496684],[127.152707,37.496659],[127.152732,37.496653],[127.152866,37.496899],[127.152913,37.49689],[127.152922,37.49689],[127.152949,37.496957],[127.153058,37.496993],[127.153183,37.497035],[127.153345,37.497082],[127.153427,37.497109],[127.153539,37.497145],[127.153684,37.497197],[127.153684,37.497197],[127.153707,37.4972],[127.153758,37.497218],[127.153783,37.497227],[127.153804,37.497235],[127.15385,37.497246],[127.15385,37.497246],[127.153985,37.497251],[127.15399,37.497201],[127.153975,37.497177],[127.154015,37.496915],[127.154026,37.496847],[127.154,37.496663],[127.154102,37.496365],[127.154133,37.49628],[127.154181,37.496139],[127.154199,37.496078],[127.154219,37.496026],[127.154263,37.49591],[127.15431,37.495798],[127.154321,37.495768],[127.154342,37.495699],[127.154368,37.495642],[127.154406,37.495572],[127.154435,37.4955],[127.154452,37.495459],[127.154463,37.495436],[127.154469,37.495424],[127.154459,37.495419],[127.154482,37.495373],[127.154513,37.495306],[127.15455,37.495245],[127.15455,37.495244],[127.154572,37.495209],[127.154594,37.49517],[127.154657,37.495103],[127.154712,37.495042],[127.15472,37.495046],[127.154852,37.494899],[127.154905,37.494835],[127.154949,37.494791],[127.154992,37.494745],[127.155022,37.49472],[127.155123,37.494618],[127.15513,37.49461],[127.155176,37.494564],[127.155155,37.49456],[127.155032,37.49452],[127.15501,37.49451],[127.154937,37.494477],[127.154891,37.494447],[127.154901,37.494438],[127.154794,37.494384],[127.15479,37.49439],[127.154773,37.49438],[127.154689,37.494332],[127.15467,37.494321],[127.154654,37.494331],[127.154634,37.494317],[127.154594,37.494281],[127.15461,37.494267],[127.154585,37.49426],[127.154509,37.494237],[127.154369,37.494199],[127.154369,37.494181],[127.15423,37.494153],[127.154242,37.494119],[127.154198,37.494111],[127.154217,37.494043],[127.154095,37.494027],[127.154003,37.494007],[127.153996,37.494004],[127.153992,37.494009],[127.153906,37.493974],[127.153843,37.493947],[127.153875,37.493914],[127.153773,37.493852],[127.153782,37.493826],[127.153769,37.493819],[127.153625,37.493746],[127.153541,37.493698],[127.153448,37.493647],[127.153443,37.493658],[127.153397,37.493621],[127.153375,37.493638],[127.153298,37.493707],[127.153262,37.493682],[127.153223,37.493648],[127.153241,37.493629],[127.153168,37.493591],[127.153094,37.493554],[127.153002,37.493512],[127.152965,37.493549],[127.152962,37.493551],[127.152857,37.493494],[127.152853,37.493498],[127.15273,37.49343],[127.152674,37.4934],[127.152701,37.493369],[127.152602,37.493326],[127.152575,37.493314],[127.152572,37.493312],[127.152492,37.493275],[127.152423,37.493243],[127.152309,37.493377],[127.152221,37.493482],[127.152375,37.493564],[127.152391,37.493547],[127.1525,37.493607],[127.152406,37.493716],[127.152334,37.4938],[127.152271,37.493891],[127.152263,37.493859],[127.152158,37.493808],[127.152077,37.493904],[127.152072,37.4939],[127.151998,37.493985],[127.152132,37.494053],[127.152061,37.49414],[127.151929,37.494068],[127.151904,37.494092],[127.151757,37.494018],[127.151555,37.494263],[127.151602,37.494261],[127.151699,37.494324],[127.151798,37.494389],[127.151917,37.49447],[127.152005,37.49453],[127.152082,37.49458],[127.152192,37.494672],[127.15228,37.494678],[127.152358,37.494733],[127.152419,37.494776],[127.152546,37.494865],[127.152681,37.494965],[127.15269,37.49497],[127.15283,37.495068],[127.152979,37.495172],[127.153104,37.495257],[127.153101,37.495262],[127.153094,37.495276],[127.153041,37.495384],[127.153,37.495461],[127.152941,37.495583],[127.152917,37.495663],[127.152883,37.495786],[127.152873,37.495788],[127.152857,37.495781],[127.152794,37.495745],[127.152659,37.495824],[127.15262,37.495808],[127.152595,37.495815],[127.152573,37.495797],[127.152314,37.495925],[127.152145,37.495826],[127.15176,37.495599],[127.151619,37.495514],[127.151516,37.495454],[127.151491,37.495399],[127.151852,37.495022],[127.151676,37.494909],[127.151655,37.494896],[127.151761,37.494781],[127.151773,37.494771],[127.151896,37.494845],[127.151991,37.494741],[127.151872,37.494668],[127.151919,37.494618],[127.151867,37.494586],[127.15185,37.494574],[127.151795,37.494537],[127.15174,37.494498],[127.151662,37.494584],[127.151527,37.494505],[127.151457,37.494577],[127.151449,37.494586],[127.151586,37.494666],[127.151503,37.494753],[127.151452,37.49472],[127.151432,37.494762],[127.151347,37.494866],[127.151328,37.494888],[127.151272,37.494979],[127.151198,37.4951],[127.151123,37.495224],[127.151163,37.495237],[127.151167,37.495238],[127.151023,37.495528],[127.150985,37.495604],[127.150941,37.495692],[127.150927,37.495686],[127.150846,37.495772],[127.15085,37.495779],[127.150845,37.495838]]]]},"properties":{"program":"신속통합기획","site":"마천2구역","selected":"2022.12 2차 공모","address":"송파구 마천동 183","area_m2":79069.0,"boundary_source":"토지거래허가구역"}},{"type":"Feature","geometry":{"type":"MultiPolygon","coordinates":[[[[127.076228,37.584523],[127.076239,37.584568],[127.076373,37.584639],[127.07642,37.584664],[127.076451,37.58468],[127.076503,37.584707],[127.076633,37.584776],[127.076791,37.58486],[127.076794,37.584862],[127.076826,37.58486],[127.076916,37.584858],[127.077099,37.584852],[127.077192,37.584848],[127.077209,37.584847],[127.077306,37.584844],[127.07739,37.584842],[127.077513,37.584839],[127.077581,37.584837],[127.077616,37.584836],[127.077685,37.584834],[127.077789,37.584831],[127.07782,37.584831],[127.077896,37.584828],[127.077887,37.584694],[127.077819,37.584697],[127.077817,37.58468],[127.077797,37.584222],[127.077818,37.584203],[127.077864,37.584202],[127.077861,37.584154],[127.077994,37.584149],[127.07818,37.584144],[127.078197,37.584491],[127.078205,37.584679],[127.078213,37.584787],[127.078171,37.584821],[127.078364,37.584813],[127.078506,37.58481],[127.078631,37.584807],[127.078743,37.584804],[127.078858,37.584801],[127.079009,37.584798],[127.079137,37.584794],[127.079275,37.58479],[127.079372,37.584787],[127.079418,37.584786],[127.079643,37.584779],[127.079638,37.584678],[127.079636,37.584629],[127.079633,37.584556],[127.07963,37.584478],[127.079623,37.584329],[127.079619,37.584213],[127.079613,37.584062],[127.079607,37.583911],[127.079602,37.583759],[127.079601,37.583724],[127.079594,37.583574],[127.079588,37.583426],[127.079581,37.583279],[127.079574,37.583131],[127.079565,37.583132],[127.079342,37.583138],[127.07934,37.583085],[127.079335,37.582984],[127.079201,37.582988],[127.079158,37.582989],[127.079027,37.582992],[127.078921,37.582996],[127.078776,37.582999],[127.078686,37.583002],[127.078578,37.583005],[127.078497,37.583007],[127.078388,37.58301],[127.078283,37.583014],[127.07813,37.582998],[127.078012,37.582934],[127.077975,37.582914],[127.077905,37.582877],[127.077851,37.582848],[127.077749,37.582794],[127.077687,37.582806],[127.077645,37.582857],[127.07763,37.582877],[127.077579,37.582936],[127.077516,37.583011],[127.077397,37.583152],[127.077328,37.583234],[127.077248,37.583329],[127.077208,37.583379],[127.0772,37.58339],[127.077127,37.583476],[127.077037,37.583582],[127.076996,37.58363],[127.076872,37.583777],[127.076805,37.583854],[127.076718,37.583954],[127.076631,37.584056],[127.076544,37.584156],[127.076505,37.584201],[127.076459,37.584255],[127.076366,37.584363],[127.076327,37.584408],[127.076228,37.584523]]]]},"properties":{"program":"신속통합기획","site":"면목동 172","selected":"2023.08 수시선정","address":"중랑구 면목동 172","area_m2":47798.0,"boundary_source":"토지거래허가구역"}},{"type":"Feature","geometry":{"type":"MultiPolygon","coordinates":[[[[127.026956,37.598637],[127.027322,37.598434],[127.027392,37.598423],[127.027528,37.598399],[127.027588,37.598391],[127.027609,37.598446],[127.027632,37.598491],[127.027637,37.598508],[127.027644,37.598535],[127.027689,37.598619],[127.027726,37.598682],[127.027735,37.598696],[127.027744,37.598711],[127.027763,37.598737],[127.027782,37.598764],[127.027825,37.598821],[127.027835,37.598834],[127.027897,37.598899],[127.027958,37.598956],[127.028012,37.59901],[127.028048,37.599037],[127.028084,37.599064],[127.028112,37.599085],[127.028141,37.599107],[127.028154,37.599118],[127.02822,37.599167],[127.028251,37.599182],[127.028406,37.599282],[127.02848,37.599317],[127.028554,37.599351],[127.028653,37.599394],[127.028751,37.599437],[127.028822,37.599468],[127.028855,37.59948],[127.028906,37.599501],[127.028958,37.599522],[127.028979,37.599526],[127.029024,37.599536],[127.02907,37.599545],[127.029165,37.599566],[127.029233,37.59958],[127.02926,37.599578],[127.029283,37.599553],[127.029285,37.599518],[127.029287,37.599478],[127.029286,37.599447],[127.029292,37.599376],[127.029298,37.599305],[127.029301,37.599272],[127.029307,37.599181],[127.029312,37.599087],[127.029316,37.599054],[127.029315,37.599008],[127.029314,37.598961],[127.029314,37.598864],[127.029314,37.598832],[127.029312,37.598686],[127.029313,37.598648],[127.029316,37.598592],[127.029308,37.598478],[127.029309,37.598435],[127.029295,37.598371],[127.029289,37.598342],[127.029279,37.598286],[127.02928,37.598269],[127.029296,37.598117],[127.029297,37.59811],[127.0293,37.598061],[127.029303,37.598024],[127.029367,37.597957],[127.029394,37.597929],[127.029421,37.597908],[127.029447,37.597886],[127.029461,37.597873],[127.02952,37.597829],[127.029545,37.597809],[127.029706,37.597718],[127.029741,37.597694],[127.029768,37.597675],[127.02978,37.597665],[127.029793,37.597655],[127.029805,37.597644],[127.029812,37.597634],[127.029817,37.597621],[127.029821,37.59759],[127.02982,37.597535],[127.02982,37.59748],[127.029818,37.597393],[127.029817,37.597306],[127.029826,37.597157],[127.029831,37.597041],[127.029681,37.597042],[127.02968,37.597151],[127.029669,37.59724],[127.029428,37.597155],[127.029371,37.597274],[127.029547,37.597409],[127.029536,37.597513],[127.029534,37.59752],[127.029486,37.59752],[127.029477,37.597569],[127.029628,37.597592],[127.029625,37.597604],[127.029592,37.597642],[127.029577,37.597661],[127.029558,37.597682],[127.029528,37.597716],[127.029501,37.597697],[127.02943,37.597653],[127.02937,37.59762],[127.02927,37.597563],[127.029288,37.597542],[127.029279,37.597451],[127.029222,37.597401],[127.029191,37.597413],[127.029192,37.597498],[127.029178,37.597507],[127.02912,37.597481],[127.029133,37.597468],[127.029097,37.597427],[127.029086,37.597415],[127.02908,37.597384],[127.028979,37.597429],[127.02904,37.597504],[127.029081,37.597486],[127.029063,37.597532],[127.029053,37.597562],[127.028956,37.59753],[127.028944,37.597554],[127.028936,37.59757],[127.028916,37.597582],[127.028862,37.597556],[127.028613,37.597466],[127.028511,37.597621],[127.028506,37.597626],[127.02845,37.597715],[127.028428,37.597719],[127.028321,37.597733],[127.028291,37.597758],[127.028302,37.597815],[127.028243,37.59785],[127.02817,37.597787],[127.028165,37.597785],[127.028089,37.597721],[127.028072,37.597708],[127.027997,37.597675],[127.027884,37.597629],[127.027793,37.597592],[127.027721,37.597676],[127.027714,37.597682],[127.02771,37.597687],[127.027684,37.597717],[127.027639,37.597719],[127.027587,37.597721],[127.027572,37.597723],[127.027388,37.597741],[127.027185,37.59776],[127.027216,37.597997],[127.027191,37.598116],[127.027391,37.598146],[127.027365,37.598198],[127.027361,37.598206],[127.027366,37.598271],[127.027487,37.598259],[127.027506,37.598346],[127.027472,37.59839],[127.027421,37.598396],[127.027351,37.598337],[127.027295,37.598308],[127.027306,37.598279],[127.027162,37.598257],[127.027158,37.598314],[127.027157,37.598342],[127.027135,37.598371],[127.027054,37.598535],[127.027033,37.598578],[127.027016,37.598594],[127.026956,37.598637]]]]},"properties":{"program":"신속통합기획","site":"종암동 125-35","selected":"2023.08 수시선정","address":"성북구 종암동 125-35","area_m2":31295.0,"boundary_source":"토지거래허가구역"}},{"type":"Feature","geometry":{"type":"MultiPolygon","coordinates":[[[[126.946875,37.591194],[126.946936,37.59127],[126.946999,37.59135],[126.947049,37.591411],[126.94708,37.591457],[126.947102,37.591487],[126.94714,37.59154],[126.947169,37.591606],[126.947186,37.591647],[126.947188,37.591653],[126.947222,37.59171],[126.947247,37.591777],[126.947273,37.591851],[126.94729,37.591904],[126.947312,37.591953],[126.947313,37.591957],[126.947337,37.592015],[126.947358,37.592063],[126.947376,37.592114],[126.947416,37.592202],[126.947422,37.592217],[126.947459,37.592308],[126.947481,37.592377],[126.947501,37.59238],[126.947526,37.592381],[126.947643,37.592353],[126.947705,37.592344],[126.947791,37.59233],[126.947796,37.592329],[126.947854,37.592337],[126.947857,37.592307],[126.947867,37.592282],[126.947869,37.59228],[126.94778,37.592278],[126.947779,37.592202],[126.94778,37.59219],[126.94777,37.592189],[126.94776,37.592108],[126.947791,37.592084],[126.947814,37.59208],[126.947858,37.592089],[126.947862,37.592091],[126.947892,37.592051],[126.947894,37.592026],[126.947895,37.59194],[126.94791,37.591939],[126.947909,37.591899],[126.947907,37.591873],[126.948008,37.591873],[126.948008,37.591868],[126.94806,37.591872],[126.948082,37.591873],[126.948156,37.591858],[126.948158,37.591857],[126.948246,37.591839],[126.948343,37.591825],[126.948469,37.591829],[126.948528,37.591831],[126.948559,37.591821],[126.948568,37.591777],[126.948633,37.591757],[126.948682,37.591738],[126.948684,37.591735],[126.948769,37.591699],[126.948795,37.591689],[126.948964,37.59162],[126.949021,37.591595],[126.949159,37.591539],[126.949269,37.591503],[126.949268,37.591499],[126.949282,37.591408],[126.949295,37.59141],[126.949304,37.591356],[126.949298,37.591355],[126.949334,37.591158],[126.949314,37.591151],[126.949316,37.591144],[126.949291,37.591142],[126.949284,37.591079],[126.949222,37.591076],[126.949197,37.590958],[126.949193,37.590973],[126.949123,37.590963],[126.94891,37.590941],[126.948906,37.590856],[126.9489,37.590727],[126.948873,37.590727],[126.948829,37.590539],[126.948825,37.590536],[126.948819,37.590428],[126.948808,37.590406],[126.948962,37.590386],[126.949009,37.590379],[126.948994,37.59034],[126.949065,37.590343],[126.949078,37.590241],[126.949072,37.59024],[126.949079,37.590175],[126.949084,37.590146],[126.949086,37.590136],[126.949088,37.590126],[126.949052,37.59012],[126.948925,37.590102],[126.9489,37.590098],[126.948853,37.59009],[126.948764,37.590098],[126.948697,37.590105],[126.948599,37.590138],[126.948556,37.59015],[126.948503,37.590184],[126.948436,37.590211],[126.948444,37.59022],[126.948383,37.590261],[126.94831,37.590315],[126.948293,37.590326],[126.948256,37.590351],[126.948232,37.590369],[126.948218,37.590378],[126.948113,37.590447],[126.948032,37.590497],[126.94791,37.590577],[126.947848,37.590615],[126.947794,37.590631],[126.947282,37.590923],[126.9472,37.590981],[126.947108,37.591034],[126.947017,37.591083],[126.946882,37.591157],[126.946875,37.591194]]]]},"properties":{"program":"신속통합기획","site":"홍제동 267-1","selected":"2023.09 수시선정","address":"서대문구 홍제동 267-1","area_m2":28270.0,"boundary_source":"토지거래허가구역"}},{"type":"Feature","geometry":{"type":"MultiPolygon","coordinates":[[[[127.052266,37.585529],[127.052269,37.585533],[127.052367,37.585661],[127.052519,37.585859],[127.052526,37.585869],[127.052573,37.58593],[127.052686,37.58607],[127.052818,37.586211],[127.052861,37.586259],[127.052875,37.586271],[127.052913,37.586301],[127.053133,37.586463],[127.053236,37.586537],[127.053299,37.586585],[127.053632,37.586584],[127.053779,37.586586],[127.053994,37.586588],[127.054095,37.586586],[127.054139,37.586585],[127.054216,37.586616],[127.054238,37.586616],[127.05437,37.586699],[127.054448,37.586749],[127.05455,37.586808],[127.054711,37.586907],[127.054746,37.586928],[127.054828,37.586976],[127.05492,37.587018],[127.055025,37.58708],[127.055035,37.587086],[127.055245,37.58721],[127.055298,37.587153],[127.055293,37.587113],[127.055339,37.587063],[127.055413,37.586984],[127.055489,37.586903],[127.055565,37.58682],[127.055636,37.586743],[127.055712,37.586661],[127.055937,37.586475],[127.055969,37.586447],[127.056002,37.586429],[127.056008,37.586395],[127.055992,37.586366],[127.055989,37.586359],[127.055968,37.586323],[127.055963,37.586237],[127.056151,37.58628],[127.056128,37.586351],[127.056121,37.586371],[127.056192,37.58639],[127.056253,37.58638],[127.056251,37.586367],[127.056253,37.586363],[127.056251,37.586345],[127.056236,37.586271],[127.056214,37.586225],[127.056173,37.586185],[127.056117,37.58616],[127.05608,37.586161],[127.056054,37.586162],[127.056035,37.586107],[127.056018,37.586053],[127.05601,37.58603],[127.05601,37.586026],[127.055978,37.585928],[127.055979,37.585859],[127.055976,37.585793],[127.055974,37.585692],[127.055975,37.585687],[127.055974,37.585659],[127.055983,37.585478],[127.05602,37.585458],[127.056007,37.585432],[127.055985,37.585389],[127.056002,37.585364],[127.05599,37.585356],[127.055984,37.585352],[127.055983,37.585349],[127.055913,37.585293],[127.055829,37.585215],[127.055763,37.585149],[127.055786,37.585096],[127.055778,37.585044],[127.05574,37.585032],[127.05573,37.585015],[127.05573,37.585011],[127.055714,37.584982],[127.05566,37.584973],[127.055554,37.584811],[127.055543,37.584794],[127.055552,37.584759],[127.055517,37.584774],[127.055436,37.584792],[127.05541,37.584789],[127.05541,37.584789],[127.055361,37.584782],[127.055221,37.584742],[127.055207,37.584736],[127.055185,37.584728],[127.055151,37.584698],[127.055143,37.584691],[127.055139,37.58469],[127.055051,37.584618],[127.055038,37.584574],[127.055033,37.584556],[127.055025,37.584542],[127.054961,37.584434],[127.05491,37.584342],[127.054857,37.584251],[127.054832,37.584268],[127.054832,37.584268],[127.054822,37.584205],[127.054812,37.584074],[127.054811,37.584062],[127.054811,37.584047],[127.05479,37.584049],[127.054806,37.58397],[127.05479,37.583854],[127.054702,37.583898],[127.054672,37.583895],[127.054581,37.583938],[127.054539,37.583958],[127.054467,37.583978],[127.054318,37.583987],[127.054292,37.583913],[127.054227,37.583927],[127.05422,37.583944],[127.054215,37.583957],[127.054157,37.583953],[127.05406,37.583945],[127.054053,37.58399],[127.05403,37.583989],[127.054024,37.584085],[127.054132,37.584093],[127.054124,37.584138],[127.054168,37.584147],[127.054165,37.584156],[127.054133,37.584234],[127.054111,37.58423],[127.054105,37.584261],[127.054125,37.584348],[127.054138,37.584399],[127.054125,37.5844],[127.054139,37.584495],[127.054128,37.584515],[127.05398,37.584518],[127.053981,37.584488],[127.053929,37.584488],[127.053795,37.584489],[127.053729,37.58449],[127.053724,37.584501],[127.053705,37.584508],[127.053705,37.58452],[127.053602,37.584518],[127.053605,37.584444],[127.053605,37.584414],[127.053528,37.584414],[127.053417,37.584412],[127.053332,37.584412],[127.053328,37.584548],[127.053327,37.58458],[127.053326,37.584715],[127.053326,37.584715],[127.053115,37.584715],[127.052972,37.584749],[127.052881,37.584855],[127.052835,37.584908],[127.052718,37.585058],[127.052649,37.585135],[127.052606,37.585185],[127.052601,37.585189],[127.05259,37.585203],[127.052524,37.585281],[127.052477,37.585355],[127.052412,37.585434],[127.052372,37.585484],[127.052266,37.585529]]]]},"properties":{"program":"신속통합기획","site":"전농동 152-65","selected":"2023.11 수시선정","address":"동대문구 전농동 152-65","area_m2":71738.0,"boundary_source":"토지거래허가구역"}},{"type":"Feature","geometry":{"type":"MultiPolygon","coordinates":[[[[126.999252,37.594467],[126.999339,37.594629],[126.999361,37.594671],[126.999413,37.594803],[126.999427,37.59486],[126.99943,37.594873],[126.999451,37.59497],[126.999455,37.594988],[126.999434,37.59512],[126.99943,37.595142],[126.999419,37.595221],[126.999387,37.595306],[126.999383,37.595312],[126.999376,37.595335],[126.999351,37.59536],[126.99954,37.59545],[126.999692,37.595515],[126.999762,37.595546],[126.999774,37.595515],[126.999786,37.595486],[126.999874,37.595496],[126.999878,37.595491],[126.999936,37.59548],[126.999949,37.595477],[126.999984,37.595531],[127.000002,37.595532],[127.000068,37.595535],[127.000114,37.59552],[127.000207,37.595509],[127.000273,37.595505],[127.000325,37.595467],[127.000433,37.595488],[127.000539,37.595504],[127.000565,37.595511],[127.000576,37.595526],[127.000562,37.595556],[127.000565,37.595599],[127.000596,37.595646],[127.00062,37.595692],[127.00063,37.595714],[127.000639,37.595743],[127.000654,37.595759],[127.000669,37.595773],[127.000684,37.595797],[127.000693,37.595834],[127.000757,37.595877],[127.000788,37.595911],[127.000782,37.595926],[127.000769,37.595975],[127.000891,37.596028],[127.000912,37.596057],[127.000912,37.596079],[127.00089,37.596121],[127.000888,37.596139],[127.000882,37.596158],[127.00088,37.596201],[127.000877,37.596261],[127.000865,37.596332],[127.000887,37.596334],[127.000897,37.596336],[127.000962,37.596344],[127.001062,37.596363],[127.001225,37.596405],[127.00124,37.596411],[127.001333,37.596449],[127.001381,37.59635],[127.001388,37.596336],[127.001395,37.596308],[127.001343,37.596206],[127.001299,37.59612],[127.001289,37.596104],[127.001248,37.596026],[127.001228,37.595985],[127.001215,37.595963],[127.001211,37.59595],[127.001151,37.595841],[127.001246,37.595916],[127.001284,37.59593],[127.001321,37.595933],[127.001333,37.595937],[127.001375,37.595929],[127.001503,37.595905],[127.001466,37.595817],[127.00147,37.595815],[127.00152,37.595767],[127.001568,37.595706],[127.001608,37.595665],[127.001646,37.595625],[127.001687,37.595609],[127.001712,37.595597],[127.001786,37.595591],[127.001902,37.595581],[127.001977,37.595574],[127.002026,37.595565],[127.001979,37.595515],[127.001954,37.595498],[127.002112,37.595424],[127.002244,37.59536],[127.002295,37.595336],[127.002475,37.595251],[127.002579,37.595201],[127.002695,37.595145],[127.002787,37.595101],[127.002971,37.595012],[127.002939,37.594895],[127.002931,37.59486],[127.002924,37.594844],[127.00275,37.594714],[127.002673,37.594654],[127.002638,37.594574],[127.002604,37.594486],[127.00254,37.594414],[127.002531,37.594412],[127.00254,37.594386],[127.002359,37.594361],[127.002267,37.594317],[127.002161,37.594233],[127.00216,37.594203],[127.002246,37.594048],[127.002301,37.594002],[127.002388,37.593894],[127.002395,37.593884],[127.002409,37.593866],[127.002447,37.593797],[127.002484,37.593723],[127.00252,37.593649],[127.002528,37.593651],[127.002554,37.593618],[127.002544,37.593612],[127.002587,37.593549],[127.002596,37.59354],[127.002681,37.593506],[127.002715,37.593564],[127.002756,37.593614],[127.002789,37.593601],[127.002809,37.593601],[127.00316,37.593592],[127.003246,37.593627],[127.003262,37.593526],[127.003297,37.593543],[127.003322,37.593521],[127.003289,37.593502],[127.003,37.59334],[127.002969,37.593324],[127.002901,37.593286],[127.002818,37.59324],[127.002802,37.593112],[127.002863,37.593064],[127.002828,37.593053],[127.002786,37.593037],[127.002697,37.592967],[127.002675,37.592896],[127.00267,37.59288],[127.002648,37.592799],[127.002567,37.592689],[127.002556,37.592701],[127.002425,37.592805],[127.002328,37.592881],[127.002233,37.592955],[127.002209,37.59297],[127.002097,37.593061],[127.002021,37.593121],[127.001967,37.593166],[127.001956,37.593176],[127.00186,37.593246],[127.001778,37.593275],[127.001759,37.593285],[127.001644,37.59333],[127.00152,37.593374],[127.001455,37.593391],[127.001344,37.593434],[127.00126,37.593454],[127.001131,37.593475],[127.001,37.593498],[127.001021,37.593506],[127.000924,37.593517],[127.000788,37.593537],[127.000706,37.593541],[127.000678,37.593533],[127.00058,37.593629],[127.000166,37.594029],[126.999987,37.594124],[126.999775,37.594186],[126.999684,37.594213],[126.999623,37.594229],[126.999473,37.594317],[126.999398,37.594324],[126.999383,37.594349],[126.999297,37.594427],[126.999252,37.594467]]]]},"properties":{"program":"신속통합기획","site":"성북동 3-38","selected":"2023.11 수시선정","address":"성북구 성북동 3-38","area_m2":67308.0,"boundary_source":"토지거래허가구역"}},{"type":"Feature","geometry":{"type":"MultiPolygon","coordinates":[[[[126.901792,37.556604],[126.901924,37.55663],[126.902054,37.556657],[126.902083,37.556663],[126.902212,37.556689],[126.902342,37.556717],[126.902372,37.556723],[126.902499,37.55675],[126.902629,37.556776],[126.90266,37.556783],[126.902789,37.55681],[126.902938,37.556841],[126.903085,37.556871],[126.903173,37.55689],[126.903307,37.556918],[126.903435,37.556945],[126.90356,37.556971],[126.903718,37.557004],[126.903752,37.556904],[126.903786,37.556805],[126.90383,37.556814],[126.903984,37.556846],[126.904136,37.556877],[126.904169,37.556777],[126.904203,37.556677],[126.904246,37.556682],[126.904402,37.556718],[126.904438,37.556618],[126.904473,37.556626],[126.904512,37.556513],[126.90455,37.556401],[126.904591,37.556281],[126.904615,37.556211],[126.904682,37.556226],[126.904725,37.556235],[126.904734,37.556208],[126.904735,37.556206],[126.904823,37.555952],[126.904855,37.555848],[126.90486,37.555833],[126.904889,37.555743],[126.904916,37.555659],[126.904952,37.555547],[126.904973,37.55548],[126.905005,37.555384],[126.905047,37.555253],[126.905089,37.555124],[126.905131,37.554993],[126.905173,37.554865],[126.905208,37.554765],[126.905229,37.5547],[126.905259,37.554607],[126.90529,37.55451],[126.905301,37.554478],[126.90533,37.554389],[126.905368,37.554277],[126.905378,37.554248],[126.905427,37.554097],[126.905438,37.554065],[126.905398,37.554057],[126.905277,37.554031],[126.905129,37.554001],[126.904972,37.553967],[126.904949,37.553963],[126.904905,37.553953],[126.904718,37.553913],[126.9046,37.553888],[126.904593,37.553886],[126.904515,37.553872],[126.904382,37.553845],[126.904226,37.553812],[126.904062,37.553777],[126.903951,37.553754],[126.903802,37.553724],[126.903755,37.553714],[126.903616,37.553686],[126.903601,37.553683],[126.903547,37.553695],[126.903369,37.553814],[126.903235,37.553905],[126.903144,37.553966],[126.903105,37.553993],[126.903051,37.554029],[126.902979,37.554082],[126.902843,37.554175],[126.902711,37.554265],[126.902624,37.554323],[126.902504,37.554448],[126.902485,37.554507],[126.90248,37.55452],[126.902453,37.554605],[126.902441,37.55464],[126.902435,37.554659],[126.902414,37.554726],[126.902383,37.554824],[126.90235,37.554925],[126.902326,37.554999],[126.902285,37.555113],[126.902253,37.555209],[126.902211,37.555335],[126.902202,37.555363],[126.902166,37.555475],[126.902131,37.555583],[126.902105,37.555662],[126.902064,37.555787],[126.902049,37.55583],[126.902026,37.555899],[126.901985,37.556023],[126.901973,37.556059],[126.901932,37.556183],[126.901927,37.556198],[126.901899,37.556283],[126.901871,37.556364],[126.901844,37.556446],[126.901817,37.556527],[126.901792,37.556604]]]]},"properties":{"program":"신속통합기획","site":"망원동 416-53","selected":"2023.11 수시선정","address":"마포구 망원동 416-53","area_m2":78695.0,"boundary_source":"토지거래허가구역"}},{"type":"Feature","geometry":{"type":"MultiPolygon","coordinates":[[[[126.84098,37.501581],[126.840981,37.501587],[126.840985,37.501626],[126.840988,37.501661],[126.840989,37.501662],[126.841036,37.501677],[126.841052,37.501699],[126.841052,37.501755],[126.841052,37.501756],[126.841076,37.50187],[126.841127,37.501889],[126.84117,37.501905],[126.841186,37.501967],[126.841196,37.501985],[126.841207,37.502004],[126.841241,37.501987],[126.841245,37.501985],[126.841348,37.501932],[126.84135,37.501931],[126.84139,37.50191],[126.841391,37.50191],[126.841527,37.501839],[126.841543,37.501831],[126.841562,37.501784],[126.841563,37.501784],[126.841597,37.501779],[126.841646,37.501786],[126.841692,37.501815],[126.841888,37.501873],[126.8419,37.501877],[126.841955,37.501893],[126.84209,37.501932],[126.842095,37.501933],[126.84217,37.501955],[126.84228,37.501987],[126.842338,37.502004],[126.842444,37.502034],[126.842556,37.502067],[126.842674,37.502101],[126.842796,37.502136],[126.84291,37.502176],[126.843035,37.502215],[126.843094,37.502194],[126.843156,37.50222],[126.843204,37.502237],[126.84329,37.502264],[126.843321,37.502274],[126.843358,37.502285],[126.843495,37.502331],[126.843621,37.502374],[126.843666,37.502388],[126.843722,37.502408],[126.843791,37.502433],[126.843887,37.502468],[126.843972,37.502495],[126.844085,37.502533],[126.844197,37.50257],[126.844269,37.502594],[126.844373,37.502628],[126.844481,37.502665],[126.844555,37.502688],[126.844668,37.502724],[126.844765,37.502757],[126.844811,37.502739],[126.844874,37.502608],[126.844949,37.502453],[126.84501,37.502329],[126.845059,37.502228],[126.845095,37.502151],[126.845098,37.502144],[126.845099,37.502061],[126.84539,37.502159],[126.845435,37.502175],[126.845467,37.502185],[126.845563,37.502216],[126.845684,37.502256],[126.845685,37.502257],[126.845812,37.502298],[126.845812,37.502298],[126.845867,37.502317],[126.845869,37.502317],[126.84594,37.502339],[126.845945,37.502325],[126.845944,37.502325],[126.845912,37.502315],[126.845949,37.502292],[126.845966,37.502276],[126.845987,37.502254],[126.845998,37.502244],[126.846031,37.502162],[126.846067,37.502116],[126.846094,37.502129],[126.846109,37.502121],[126.846131,37.502059],[126.846166,37.50196],[126.846212,37.501867],[126.846215,37.501858],[126.846231,37.501823],[126.846233,37.501815],[126.846274,37.501723],[126.84629,37.501685],[126.846283,37.501674],[126.846257,37.501631],[126.846218,37.501563],[126.846184,37.501549],[126.846084,37.501513],[126.84598,37.501476],[126.845947,37.501462],[126.845913,37.50145],[126.845854,37.501428],[126.845816,37.501413],[126.845802,37.50139],[126.845776,37.501398],[126.845741,37.501385],[126.845586,37.501328],[126.845509,37.501294],[126.845455,37.501275],[126.845058,37.501135],[126.845026,37.501124],[126.845006,37.501117],[126.844899,37.501077],[126.84486,37.501062],[126.844814,37.501044],[126.844747,37.501019],[126.844699,37.501001],[126.844598,37.500964],[126.844529,37.500939],[126.844405,37.500894],[126.844369,37.50088],[126.844274,37.500844],[126.844163,37.500802],[126.844026,37.500755],[126.844021,37.500813],[126.844084,37.500938],[126.844137,37.501042],[126.84419,37.501147],[126.844226,37.501217],[126.844264,37.501293],[126.844268,37.501302],[126.844227,37.501397],[126.84422,37.501398],[126.844104,37.501406],[126.843948,37.501397],[126.843754,37.501386],[126.843588,37.501376],[126.843573,37.501375],[126.843519,37.501343],[126.843487,37.501321],[126.843453,37.50128],[126.843415,37.50127],[126.843373,37.501258],[126.843249,37.501251],[126.84324,37.501251],[126.843193,37.501256],[126.843125,37.50129],[126.843059,37.50128],[126.843033,37.501258],[126.842928,37.501294],[126.842909,37.501301],[126.84291,37.501344],[126.84285,37.501413],[126.842769,37.501348],[126.842675,37.501271],[126.842581,37.501195],[126.842567,37.5012],[126.842469,37.501123],[126.842349,37.501061],[126.842293,37.501028],[126.84229,37.501003],[126.842273,37.500977],[126.842241,37.500947],[126.842198,37.500935],[126.842119,37.500932],[126.842126,37.50089],[126.842069,37.500863],[126.841852,37.500769],[126.84176,37.500748],[126.841664,37.500723],[126.841561,37.500727],[126.841548,37.500728],[126.841452,37.500722],[126.841381,37.500724],[126.841243,37.500723],[126.841211,37.500761],[126.841167,37.500803],[126.841202,37.500804],[126.841147,37.500825],[126.841128,37.500872],[126.841127,37.500908],[126.841127,37.500919],[126.841149,37.501006],[126.841151,37.501017],[126.841074,37.501074],[126.841073,37.501083],[126.841021,37.501087],[126.84103,37.501168],[126.841039,37.501262],[126.84104,37.501263],[126.84108,37.50132],[126.841046,37.501356],[126.841025,37.501416],[126.841012,37.501489],[126.841001,37.501526],[126.84098,37.501581]]]]},"properties":{"program":"신속통합기획","site":"개봉동 49","selected":"2024.01 수시선정","address":"구로구 개봉동 49","area_m2":54947.0,"boundary_source":"토지거래허가구역"}},{"type":"Feature","geometry":{"type":"MultiPolygon","coordinates":[[[[126.835276,37.497914],[126.835421,37.498009],[126.835468,37.498061],[126.835694,37.498148],[126.835844,37.498206],[126.835844,37.498254],[126.835847,37.498288],[126.83585,37.49832],[126.835861,37.498426],[126.835878,37.498582],[126.835882,37.498596],[126.835882,37.498631],[126.835882,37.498635],[126.835891,37.498699],[126.835893,37.498728],[126.835899,37.498802],[126.835884,37.498815],[126.83598,37.498897],[126.836083,37.498988],[126.836111,37.499011],[126.836139,37.499039],[126.836361,37.498968],[126.836343,37.498892],[126.836375,37.498857],[126.836403,37.498827],[126.836467,37.49875],[126.83649,37.498724],[126.836697,37.49862],[126.836761,37.498538],[126.83676,37.498538],[126.836879,37.49839],[126.836953,37.498369],[126.836986,37.498359],[126.83722,37.498312],[126.837369,37.498284],[126.837352,37.49815],[126.837351,37.498122],[126.837347,37.498066],[126.837339,37.497996],[126.837416,37.497982],[126.837503,37.497965],[126.837527,37.497961],[126.837504,37.497924],[126.837422,37.497836],[126.837361,37.497769],[126.837302,37.497707],[126.837439,37.497525],[126.83744,37.497525],[126.837624,37.497462],[126.837732,37.497407],[126.837742,37.497403],[126.83775,37.497398],[126.837877,37.497424],[126.838033,37.497449],[126.838266,37.497379],[126.838153,37.497198],[126.838186,37.497073],[126.838192,37.497072],[126.838266,37.49705],[126.838382,37.497016],[126.838496,37.496983],[126.838538,37.49697],[126.838657,37.496935],[126.838769,37.496903],[126.838772,37.496909],[126.838872,37.496884],[126.838905,37.496877],[126.839101,37.497181],[126.838981,37.497238],[126.839048,37.497322],[126.839139,37.497404],[126.839206,37.497489],[126.839272,37.497572],[126.839342,37.497664],[126.839347,37.497661],[126.839337,37.497535],[126.839335,37.497511],[126.839339,37.497473],[126.839342,37.497447],[126.839349,37.4974],[126.839353,37.497366],[126.839376,37.497278],[126.839394,37.497208],[126.839409,37.497175],[126.839428,37.497148],[126.839484,37.497057],[126.83954,37.496964],[126.839554,37.496953],[126.839577,37.496914],[126.839643,37.496809],[126.839715,37.4967],[126.839731,37.496673],[126.839732,37.496672],[126.839735,37.496667],[126.839759,37.496634],[126.839695,37.496604],[126.83968,37.496598],[126.839482,37.496512],[126.839421,37.496483],[126.839364,37.496457],[126.839337,37.496444],[126.839291,37.496422],[126.839272,37.496414],[126.839222,37.49639],[126.83912,37.49635],[126.839105,37.496339],[126.838968,37.496277],[126.83889,37.496242],[126.838817,37.496211],[126.83873,37.496171],[126.838554,37.496093],[126.838485,37.496061],[126.838482,37.496059],[126.838412,37.496028],[126.838351,37.496001],[126.838161,37.495919],[126.83812,37.495969],[126.838013,37.496075],[126.837916,37.496113],[126.837882,37.496126],[126.837744,37.496184],[126.837597,37.496228],[126.837315,37.496312],[126.837091,37.496377],[126.83705,37.496389],[126.836846,37.496447],[126.836773,37.496477],[126.836564,37.496562],[126.836355,37.496629],[126.836098,37.496831],[126.835779,37.497079],[126.835759,37.497102],[126.835724,37.497144],[126.835698,37.497175],[126.835686,37.49719],[126.835625,37.497262],[126.83561,37.497274],[126.835559,37.497276],[126.835546,37.497277],[126.83551,37.497263],[126.83544,37.497269],[126.835442,37.497283],[126.835444,37.497318],[126.835471,37.497488],[126.835472,37.497494],[126.835472,37.497495],[126.835481,37.497572],[126.835485,37.497608],[126.835596,37.497675],[126.835492,37.497814],[126.835367,37.497746],[126.835276,37.497914]]]]},"properties":{"program":"신속통합기획","site":"오류동 4","selected":"2024.01 수시선정","address":"구로구 오류동 4","area_m2":53107.0,"boundary_source":"토지거래허가구역"}},{"type":"Feature","geometry":{"type":"MultiPolygon","coordinates":[[[[126.901398,37.465815],[126.901531,37.465826],[126.901642,37.465836],[126.901851,37.465853],[126.901914,37.465731],[126.901932,37.465697],[126.90214,37.465388],[126.902173,37.465339],[126.902327,37.46511],[126.902396,37.465008],[126.90247,37.464898],[126.902492,37.464866],[126.902517,37.464829],[126.902547,37.464784],[126.902645,37.464639],[126.902677,37.464591],[126.90278,37.464438],[126.902851,37.464333],[126.902923,37.464226],[126.902998,37.464115],[126.903075,37.464001],[126.903155,37.463881],[126.903243,37.463752],[126.90333,37.463622],[126.903424,37.463483],[126.903427,37.463479],[126.903516,37.463346],[126.903537,37.463314],[126.903268,37.463191],[126.903284,37.463166],[126.903358,37.463054],[126.903185,37.46298],[126.902984,37.463035],[126.902769,37.463132],[126.902654,37.463184],[126.902497,37.463255],[126.902343,37.463325],[126.902238,37.463372],[126.90208,37.463443],[126.902059,37.463453],[126.902016,37.463473],[126.901815,37.463563],[126.901696,37.463617],[126.901665,37.463631],[126.901532,37.463691],[126.901416,37.463744],[126.901319,37.463799],[126.90123,37.463742],[126.901129,37.463677],[126.901102,37.46366],[126.901,37.463594],[126.900898,37.463528],[126.900872,37.463511],[126.900817,37.463476],[126.900767,37.463444],[126.900665,37.463379],[126.900639,37.463362],[126.900532,37.463292],[126.90044,37.463233],[126.90033,37.463154],[126.900221,37.463083],[126.900129,37.463024],[126.90003,37.462961],[126.899949,37.462909],[126.899877,37.462862],[126.899775,37.462797],[126.899674,37.462732],[126.899602,37.462686],[126.899499,37.462619],[126.899401,37.462557],[126.899299,37.462491],[126.899206,37.462431],[126.899134,37.462385],[126.89906,37.462337],[126.899034,37.462321],[126.898928,37.462253],[126.898893,37.46223],[126.89878,37.462157],[126.898752,37.46215],[126.898609,37.462115],[126.898561,37.462139],[126.898545,37.462231],[126.898529,37.462325],[126.898515,37.46241],[126.898503,37.462481],[126.898482,37.462599],[126.89846,37.462732],[126.898427,37.462929],[126.898407,37.463047],[126.898378,37.463214],[126.898349,37.46339],[126.89837,37.463432],[126.89847,37.463496],[126.898576,37.463564],[126.898679,37.46363],[126.898786,37.463699],[126.898923,37.463787],[126.898923,37.463787],[126.899016,37.463692],[126.899061,37.463645],[126.8992,37.463503],[126.899241,37.46346],[126.899264,37.463475],[126.899307,37.463503],[126.899406,37.463566],[126.899432,37.463583],[126.899528,37.463642],[126.899633,37.463712],[126.899711,37.463762],[126.899795,37.463816],[126.899727,37.463883],[126.899639,37.463972],[126.899543,37.464069],[126.89946,37.464152],[126.899465,37.464196],[126.899466,37.46421],[126.89947,37.464246],[126.89948,37.464356],[126.899491,37.464462],[126.899499,37.46455],[126.899542,37.464579],[126.899632,37.464574],[126.899757,37.464566],[126.899802,37.464563],[126.899945,37.464554],[126.900126,37.464543],[126.900171,37.46454],[126.900294,37.464532],[126.900409,37.464525],[126.900464,37.464522],[126.900547,37.464521],[126.900547,37.464554],[126.900553,37.464613],[126.900563,37.464713],[126.900574,37.464823],[126.900575,37.464828],[126.900578,37.464859],[126.900588,37.464961],[126.900598,37.465054],[126.900601,37.465081],[126.90061,37.465177],[126.900622,37.465288],[126.900625,37.465324],[126.900642,37.465471],[126.900642,37.465489],[126.900654,37.465614],[126.900656,37.465631],[126.900665,37.465714],[126.900666,37.465732],[126.900677,37.465837],[126.900719,37.465867],[126.900785,37.465865],[126.900887,37.465865],[126.901033,37.465863],[126.901075,37.465833],[126.901081,37.465781],[126.901082,37.465774],[126.90115,37.465774],[126.901172,37.465795],[126.901277,37.465804],[126.901398,37.465815]]]]},"properties":{"program":"신속통합기획","site":"독산동 1036","selected":"2024.01 수시선정","address":"금천구 독산동 1036","area_m2":79036.0,"boundary_source":"토지거래허가구역"}},{"type":"Feature","geometry":{"type":"MultiPolygon","coordinates":[[[[126.899027,37.461224],[126.899034,37.461268],[126.899062,37.461294],[126.899103,37.461332],[126.899205,37.461426],[126.899227,37.461446],[126.899343,37.461552],[126.899416,37.461619],[126.899491,37.461688],[126.899606,37.461794],[126.899681,37.461862],[126.899754,37.461924],[126.899671,37.461976],[126.899604,37.462017],[126.899444,37.462117],[126.899432,37.462124],[126.899398,37.462145],[126.899309,37.4622],[126.899227,37.462251],[126.899164,37.46229],[126.899164,37.462335],[126.899257,37.462395],[126.899339,37.462447],[126.899424,37.462502],[126.899493,37.462546],[126.899557,37.462587],[126.899629,37.462634],[126.899717,37.46269],[126.899771,37.462725],[126.89988,37.462795],[126.899948,37.462839],[126.90002,37.462885],[126.900088,37.462929],[126.900161,37.462976],[126.900234,37.463022],[126.9003,37.463065],[126.900374,37.463112],[126.900483,37.463192],[126.900583,37.463256],[126.900694,37.463327],[126.900711,37.463338],[126.900798,37.463394],[126.900894,37.463456],[126.900925,37.463476],[126.900997,37.463523],[126.901111,37.463595],[126.901224,37.463669],[126.901288,37.46371],[126.901345,37.463713],[126.90147,37.463657],[126.901602,37.463598],[126.901705,37.463551],[126.901808,37.463505],[126.901869,37.463477],[126.901872,37.463476],[126.902001,37.463418],[126.902083,37.46338],[126.902177,37.463338],[126.90227,37.463296],[126.90236,37.463255],[126.902457,37.463211],[126.902545,37.463171],[126.902629,37.463134],[126.902731,37.463088],[126.902823,37.463046],[126.90291,37.463007],[126.903012,37.46296],[126.903098,37.462922],[126.903195,37.462878],[126.903291,37.462773],[126.903393,37.462663],[126.903503,37.462543],[126.903545,37.462498],[126.903576,37.462464],[126.903581,37.462458],[126.903698,37.462332],[126.903741,37.462285],[126.903751,37.462173],[126.903767,37.462088],[126.903787,37.461988],[126.903807,37.461885],[126.903827,37.461783],[126.903847,37.461682],[126.903867,37.461581],[126.903883,37.461495],[126.903863,37.461473],[126.90375,37.461458],[126.90364,37.461444],[126.903548,37.461432],[126.903438,37.461418],[126.903309,37.461401],[126.903177,37.461386],[126.903066,37.46138],[126.902953,37.461373],[126.902859,37.461377],[126.902737,37.461369],[126.902581,37.461358],[126.902489,37.461354],[126.902483,37.461276],[126.902476,37.461174],[126.902434,37.461145],[126.902331,37.46115],[126.902215,37.461156],[126.902122,37.461161],[126.90201,37.461167],[126.90193,37.461162],[126.901878,37.461114],[126.901825,37.461053],[126.901753,37.460971],[126.901678,37.460886],[126.901629,37.46083],[126.901573,37.460823],[126.901443,37.460901],[126.901407,37.460923],[126.901323,37.460973],[126.901266,37.461008],[126.901132,37.461088],[126.900999,37.461168],[126.900871,37.461245],[126.900835,37.461267],[126.900717,37.461337],[126.900604,37.461405],[126.900568,37.461427],[126.900412,37.461521],[126.90033,37.46157],[126.900279,37.4616],[126.900197,37.46165],[126.900141,37.461581],[126.900059,37.46143],[126.900005,37.461334],[126.899987,37.4613],[126.899901,37.461145],[126.899887,37.46112],[126.899841,37.461036],[126.89982,37.460998],[126.899768,37.460979],[126.899617,37.461015],[126.899486,37.461047],[126.899453,37.461055],[126.899329,37.461084],[126.899213,37.461112],[126.899077,37.461145],[126.899059,37.461174],[126.899027,37.461224]]]]},"properties":{"program":"신속통합기획","site":"독산동 1072","selected":"2024.01 수시선정","address":"금천구 독산동 1072","area_m2":81663.0,"boundary_source":"토지거래허가구역"}},{"type":"Feature","geometry":{"type":"MultiPolygon","coordinates":[[[[126.92011,37.468693],[126.92011,37.468694],[126.920115,37.468738],[126.920115,37.468738],[126.920145,37.468858],[126.920161,37.468922],[126.920178,37.468992],[126.92022,37.469121],[126.920236,37.469184],[126.920248,37.469242],[126.920255,37.469284],[126.920266,37.469378],[126.920268,37.469476],[126.920261,37.469588],[126.920256,37.469628],[126.920236,37.469729],[126.92019,37.469895],[126.920194,37.469897],[126.920239,37.469886],[126.92029,37.469879],[126.920402,37.469825],[126.920426,37.469806],[126.920511,37.46974],[126.920609,37.469667],[126.920777,37.469676],[126.920762,37.469706],[126.920734,37.46976],[126.92073,37.469769],[126.920723,37.46979],[126.920709,37.469852],[126.920699,37.469898],[126.920681,37.469969],[126.920655,37.470069],[126.920655,37.470085],[126.920664,37.470187],[126.920671,37.470248],[126.920662,37.470301],[126.920634,37.470455],[126.920819,37.470337],[126.920866,37.470308],[126.920996,37.470224],[126.92101,37.470221],[126.921123,37.470201],[126.921137,37.470199],[126.921154,37.470195],[126.921154,37.470192],[126.921168,37.470187],[126.921296,37.470149],[126.921415,37.470115],[126.921434,37.470113],[126.921452,37.470111],[126.92158,37.470102],[126.921608,37.470098],[126.921698,37.470094],[126.921718,37.470095],[126.921758,37.470087],[126.921824,37.470086],[126.921904,37.470094],[126.92199,37.470103],[126.922024,37.470101],[126.922101,37.470097],[126.922122,37.470127],[126.922223,37.470136],[126.922358,37.470147],[126.92241,37.470151],[126.92253,37.470163],[126.922535,37.470208],[126.922543,37.470235],[126.922674,37.470198],[126.922803,37.470161],[126.922917,37.47013],[126.922938,37.47012],[126.923006,37.470084],[126.923062,37.47007],[126.923089,37.470063],[126.923182,37.470041],[126.923272,37.470019],[126.923307,37.470019],[126.923296,37.469991],[126.923406,37.469948],[126.923425,37.469941],[126.923447,37.469932],[126.923553,37.469892],[126.923672,37.469847],[126.92376,37.469814],[126.923795,37.4698],[126.923811,37.469794],[126.923817,37.469792],[126.92383,37.469785],[126.923836,37.469781],[126.923877,37.469762],[126.923935,37.469734],[126.924036,37.469686],[126.924094,37.469658],[126.924104,37.469643],[126.924164,37.469616],[126.924277,37.469538],[126.924323,37.469472],[126.924352,37.469393],[126.924382,37.469305],[126.924452,37.469205],[126.924481,37.469178],[126.92451,37.469133],[126.924547,37.469076],[126.92459,37.469034],[126.92466,37.468947],[126.924699,37.46888],[126.924787,37.468764],[126.924797,37.468748],[126.924811,37.46873],[126.924845,37.46868],[126.924899,37.468589],[126.924938,37.468517],[126.924977,37.468447],[126.924985,37.468438],[126.924998,37.468421],[126.925014,37.468401],[126.925053,37.468351],[126.925117,37.46829],[126.925134,37.468274],[126.925218,37.468195],[126.925246,37.468168],[126.925217,37.468155],[126.925144,37.468124],[126.925125,37.468115],[126.924985,37.468048],[126.924914,37.468014],[126.924791,37.467955],[126.924684,37.467789],[126.924673,37.467776],[126.924663,37.467763],[126.924574,37.467665],[126.924455,37.467535],[126.924412,37.467459],[126.924362,37.467371],[126.92431,37.467282],[126.924258,37.467188],[126.924207,37.467102],[126.924175,37.467046],[126.924109,37.46693],[126.924049,37.466823],[126.923788,37.466861],[126.923763,37.466864],[126.923748,37.466866],[126.923664,37.466958],[126.923654,37.466969],[126.923597,37.467032],[126.923559,37.467032],[126.92353,37.467033],[126.923422,37.467037],[126.92328,37.46704],[126.923249,37.467041],[126.923098,37.467046],[126.923075,37.467047],[126.922942,37.467049],[126.922923,37.46705],[126.922885,37.46705],[126.922808,37.467104],[126.922688,37.467198],[126.922652,37.46722],[126.922583,37.467267],[126.922523,37.467308],[126.922413,37.467378],[126.922398,37.467387],[126.922304,37.46744],[126.922289,37.467449],[126.922179,37.46751],[126.922127,37.46754],[126.922057,37.467563],[126.921976,37.467608],[126.921958,37.467625],[126.921929,37.467653],[126.921904,37.467677],[126.92185,37.467758],[126.921815,37.467803],[126.921808,37.467859],[126.921765,37.467922],[126.92171,37.468025],[126.921627,37.468177],[126.921573,37.468281],[126.921524,37.468282],[126.921506,37.46831],[126.92146,37.468378],[126.921415,37.468442],[126.921367,37.468493],[126.921355,37.468494],[126.921344,37.468495],[126.921325,37.468528],[126.921305,37.468562],[126.921315,37.46859],[126.921326,37.468618],[126.92125,37.468625],[126.92125,37.468625],[126.921238,37.468612],[126.921124,37.468575],[126.921096,37.468565],[126.921049,37.46855],[126.920935,37.468513],[126.920863,37.468488],[126.920821,37.468474],[126.920721,37.46844],[126.92055,37.468378],[126.920511,37.468365],[126.920468,37.468349],[126.920351,37.468307],[126.920318,37.468295],[126.920253,37.468365],[126.920213,37.468409],[126.920216,37.468411],[126.920191,37.46844],[126.920166,37.468469],[126.920143,37.468515],[126.920129,37.468551],[126.920116,37.468598],[126.92011,37.468693]]]]},"properties":{"program":"신속통합기획","site":"신림동 650","selected":"2024.01 수시선정","address":"관악구 신림동 650","area_m2":92041.0,"boundary_source":"토지거래허가구역"}},{"type":"Feature","geometry":{"type":"Point","coordinates":[127.034387,37.653999]},"properties":{"program":"신속통합기획","site":"쌍문동 81","selected":"2024.03 수시선정","address":"도봉구 쌍문동 81","area_m2":64316.0,"boundary_source":null}},{"type":"Feature","geometry":{"type":"MultiPolygon","coordinates":[[[[127.066861,37.573055],[127.066914,37.57315],[127.06697,37.573252],[127.066945,37.57326],[127.067015,37.573392],[127.067059,37.573481],[127.067063,37.573489],[127.067101,37.57356],[127.067142,37.57364],[127.067171,37.573687],[127.067191,37.57372],[127.067278,37.573873],[127.067279,37.573875],[127.06734,37.573984],[127.067345,37.573993],[127.067409,37.574105],[127.067489,37.574246],[127.067374,37.574285],[127.067214,37.574338],[127.067225,37.574376],[127.067297,37.574616],[127.067302,37.574635],[127.067312,37.574674],[127.067326,37.57472],[127.067409,37.574996],[127.067422,37.575036],[127.067427,37.575049],[127.06746,37.57516],[127.06746,37.57516],[127.067488,37.575254],[127.067547,37.575448],[127.067607,37.57565],[127.067652,37.575792],[127.067673,37.575858],[127.06779,37.575835],[127.067865,37.575821],[127.067888,37.575817],[127.067961,37.575803],[127.068032,37.57579],[127.068132,37.57577],[127.068169,37.575763],[127.068267,37.575746],[127.068392,37.575722],[127.068531,37.575697],[127.068653,37.575674],[127.068791,37.575652],[127.068934,37.575629],[127.068953,37.575626],[127.06909,37.575601],[127.069111,37.575596],[127.069173,37.575583],[127.069311,37.575557],[127.06928,37.575506],[127.069267,37.57543],[127.069253,37.575345],[127.069228,37.575312],[127.069142,37.57529],[127.069137,37.575254],[127.069096,37.575254],[127.06908,37.575167],[127.069078,37.575158],[127.069062,37.575076],[127.069045,37.574988],[127.069188,37.574972],[127.069231,37.574968],[127.069357,37.574954],[127.069523,37.574936],[127.069531,37.574935],[127.069552,37.575057],[127.069616,37.575464],[127.069613,37.575468],[127.06958,37.575507],[127.069622,37.575498],[127.069628,37.575497],[127.069758,37.57547],[127.070056,37.575407],[127.070083,37.575378],[127.07007,37.575195],[127.070064,37.575104],[127.070063,37.575097],[127.070062,37.575075],[127.070057,37.575],[127.070044,37.574819],[127.07004,37.574765],[127.070029,37.574603],[127.070012,37.574359],[127.069978,37.574336],[127.069836,37.574342],[127.069802,37.574344],[127.069795,37.574259],[127.069785,37.574105],[127.069779,37.574032],[127.069769,37.573882],[127.069755,37.57369],[127.069751,37.573622],[127.069747,37.573571],[127.069745,37.573537],[127.069742,37.573495],[127.069738,37.573438],[127.069731,37.573347],[127.069724,37.573251],[127.069722,37.573218],[127.069715,37.573146],[127.069676,37.573149],[127.069468,37.573164],[127.069389,37.57317],[127.069332,37.573174],[127.069151,37.573187],[127.069019,37.573197],[127.068943,37.573202],[127.068894,37.573179],[127.068837,37.573074],[127.068796,37.573002],[127.068786,37.572982],[127.068784,37.572978],[127.068772,37.572956],[127.068623,37.572688],[127.068529,37.572694],[127.068227,37.572725],[127.067978,37.57275],[127.067965,37.572751],[127.067853,37.572762],[127.067801,37.572767],[127.06777,37.57277],[127.06774,37.572772],[127.067557,37.572785],[127.067303,37.572804],[127.067268,37.572807],[127.066938,37.572831],[127.066959,37.57302],[127.066861,37.573055]]]]},"properties":{"program":"신속통합기획","site":"장안동 134-15","selected":"2024.03 수시선정","address":"동대문구 장안동 134-15","area_m2":67758.0,"boundary_source":"토지거래허가구역"}},{"type":"Feature","geometry":{"type":"MultiPolygon","coordinates":[[[[126.831013,37.538852],[126.831048,37.538887],[126.83119,37.538892],[126.831212,37.538893],[126.831235,37.538894],[126.831345,37.538898],[126.831407,37.5389],[126.831481,37.538903],[126.831515,37.538904],[126.831637,37.538909],[126.831682,37.538911],[126.831763,37.538914],[126.831799,37.538915],[126.831924,37.53892],[126.831969,37.538922],[126.832089,37.538926],[126.8322,37.53893],[126.832223,37.538931],[126.832234,37.538932],[126.832272,37.538933],[126.832339,37.538936],[126.832451,37.53894],[126.832461,37.53894],[126.832485,37.538941],[126.83257,37.538944],[126.83259,37.538945],[126.832699,37.538949],[126.832733,37.53895],[126.832776,37.538952],[126.832825,37.538929],[126.832889,37.538824],[126.832948,37.538726],[126.833016,37.538615],[126.833066,37.538533],[126.833121,37.538443],[126.833196,37.538319],[126.833243,37.538243],[126.83324,37.538221],[126.833238,37.538198],[126.83317,37.538125],[126.833096,37.538045],[126.833031,37.537975],[126.832968,37.537908],[126.8329,37.537835],[126.832775,37.5377],[126.832675,37.537592],[126.8326,37.537511],[126.832577,37.537486],[126.832428,37.537326],[126.832394,37.53729],[126.832366,37.537259],[126.83234,37.537231],[126.832305,37.537194],[126.832266,37.537152],[126.832218,37.537128],[126.832196,37.537124],[126.832078,37.537107],[126.832074,37.537107],[126.832041,37.537102],[126.831919,37.537085],[126.831746,37.53706],[126.831665,37.537048],[126.831471,37.53702],[126.831425,37.537046],[126.831402,37.537146],[126.8314,37.537153],[126.831372,37.537277],[126.831346,37.537388],[126.831334,37.537444],[126.831327,37.537475],[126.831309,37.537554],[126.831301,37.537586],[126.83113,37.538338],[126.831103,37.538455],[126.831079,37.538563],[126.831052,37.53868],[126.831029,37.538783],[126.831013,37.538852]]]]},"properties":{"program":"신속통합기획","site":"신월동 72","selected":"2024.03 수시선정","address":"양천구 신월동 72","area_m2":29665.0,"boundary_source":"토지거래허가구역"}},{"type":"Feature","geometry":{"type":"MultiPolygon","coordinates":[[[[127.001311,37.605418],[127.00128,37.605409],[127.001192,37.605457],[127.001201,37.605478],[127.001154,37.605492],[127.001069,37.605541],[127.000976,37.605596],[127.00097,37.605599],[127.000929,37.605625],[127.000896,37.60565],[127.000883,37.605625],[127.00086,37.605601],[127.000862,37.605597],[127.000846,37.605521],[127.000828,37.605488],[127.000798,37.605495],[127.000677,37.60554],[127.000589,37.605578],[127.000403,37.605612],[127.000499,37.605726],[127.000521,37.605757],[127.000526,37.605834],[127.000473,37.605844],[127.000444,37.605868],[127.000491,37.605889],[127.000643,37.605959],[127.000686,37.605978],[127.000657,37.606017],[127.000615,37.606118],[127.000622,37.606121],[127.000617,37.606136],[127.000609,37.606133],[127.000576,37.606217],[127.00061,37.606229],[127.000572,37.606308],[127.000518,37.606437],[127.000496,37.60643],[127.000488,37.606427],[127.000473,37.60648],[127.00047,37.606489],[127.000444,37.606541],[127.00042,37.606646],[127.000329,37.607074],[127.00019,37.607054],[127.000193,37.607037],[127.000165,37.607045],[127.000129,37.607041],[127.00007,37.607034],[127.00006,37.607033],[126.999942,37.607021],[126.999886,37.606876],[126.999767,37.606487],[126.999862,37.606455],[126.999803,37.606417],[126.999845,37.60635],[126.999847,37.606327],[126.999851,37.606291],[126.999849,37.606263],[126.999837,37.606249],[126.999834,37.606246],[126.999771,37.606206],[126.999757,37.606199],[126.999684,37.606207],[126.999656,37.606209],[126.999621,37.606214],[126.999571,37.606222],[126.999542,37.606227],[126.999495,37.606235],[126.999449,37.606243],[126.999358,37.606291],[126.999324,37.6063],[126.999278,37.606308],[126.999258,37.606327],[126.999254,37.606331],[126.999168,37.606352],[126.999146,37.606381],[126.999035,37.606587],[126.999009,37.606574],[126.998946,37.60656],[126.998923,37.606583],[126.998921,37.606618],[126.998865,37.606565],[126.998858,37.606559],[126.998823,37.606527],[126.99882,37.606491],[126.998815,37.606466],[126.998753,37.606428],[126.998704,37.606396],[126.998633,37.606383],[126.998604,37.606397],[126.998444,37.606473],[126.998423,37.606487],[126.998411,37.606528],[126.998345,37.606534],[126.998303,37.606489],[126.998298,37.606484],[126.998276,37.606456],[126.99824,37.606434],[126.998181,37.606433],[126.998153,37.606445],[126.998145,37.606458],[126.99813,37.606646],[126.9981,37.606777],[126.998078,37.606776],[126.998074,37.606786],[126.998059,37.606785],[126.998028,37.606807],[126.997995,37.606855],[126.997989,37.606889],[126.997981,37.606916],[126.997774,37.607027],[126.997751,37.607049],[126.997729,37.607074],[126.997641,37.607162],[126.997592,37.607196],[126.997501,37.607198],[126.997431,37.607179],[126.997578,37.607296],[126.997495,37.607395],[126.997752,37.607519],[126.997787,37.607475],[126.997895,37.60753],[126.997834,37.607612],[126.997811,37.607638],[126.997799,37.607653],[126.997713,37.607768],[126.997825,37.60781],[126.997854,37.607824],[126.997872,37.607831],[126.997893,37.607866],[126.997967,37.607998],[126.997976,37.608011],[126.998039,37.608129],[126.99781,37.608191],[126.997632,37.608239],[126.997639,37.60826],[126.99777,37.60844],[126.997802,37.608528],[126.99781,37.608702],[126.99785,37.608695],[126.997912,37.608667],[126.998121,37.608598],[126.998174,37.608575],[126.998243,37.608523],[126.998308,37.608458],[126.998322,37.608433],[126.998325,37.608373],[126.998454,37.608299],[126.998484,37.608283],[126.998429,37.608226],[126.998417,37.608215],[126.998349,37.608159],[126.998356,37.608147],[126.998357,37.608143],[126.998362,37.608132],[126.998368,37.60812],[126.998412,37.608027],[126.998431,37.607996],[126.998435,37.607989],[126.998476,37.607916],[126.998541,37.607802],[126.998559,37.607788],[126.998615,37.607739],[126.998688,37.607646],[126.998756,37.60756],[126.998827,37.607476],[126.998924,37.607357],[126.998955,37.607325],[126.999003,37.607322],[126.99904,37.607294],[126.999021,37.607224],[126.99909,37.607229],[126.999095,37.60723],[126.999171,37.607236],[126.999168,37.607263],[126.999357,37.607275],[126.999479,37.607262],[126.99948,37.607243],[126.999483,37.607218],[126.999486,37.607216],[126.999486,37.607204],[126.999486,37.6072],[126.999488,37.607162],[126.999488,37.607161],[126.999547,37.60719],[126.999723,37.607253],[126.999741,37.607258],[126.999917,37.607314],[126.999968,37.607326],[127.000003,37.607339],[127.000092,37.607361],[127.000262,37.607389],[127.000422,37.607363],[127.00043,37.607345],[127.000449,37.60729],[127.000508,37.60729],[127.000525,37.60729],[127.000643,37.607285],[127.000779,37.607278],[127.000787,37.607278],[127.000825,37.607276],[127.001007,37.607268],[127.001047,37.607288],[127.001085,37.60731],[127.001046,37.607369],[127.000998,37.607399],[127.000999,37.607437],[127.0011,37.607441],[127.001379,37.607421],[127.001571,37.607437],[127.001648,37.607435],[127.001907,37.607416],[127.0024,37.607273],[127.002419,37.607247],[127.002403,37.607195],[127.002356,37.607117],[127.002236,37.60702],[127.002263,37.607012],[127.002236,37.607003],[127.002171,37.607019],[127.001965,37.607065],[127.001809,37.607105],[127.001628,37.607151],[127.001602,37.607152],[127.001566,37.60715],[127.001527,37.607142],[127.001439,37.607103],[127.001439,37.607103],[127.001415,37.607083],[127.001355,37.607003],[127.001236,37.60684],[127.001228,37.606804],[127.001227,37.606708],[127.001235,37.606682],[127.001258,37.606645],[127.001289,37.606609],[127.001341,37.606562],[127.001373,37.606539],[127.001391,37.606525],[127.001415,37.606508],[127.001446,37.60648],[127.001482,37.606458],[127.001522,37.60644],[127.001563,37.60642],[127.001592,37.606348],[127.001612,37.606336],[127.001619,37.606329],[127.001621,37.606327],[127.001686,37.606262],[127.00171,37.606241],[127.00175,37.606237],[127.001785,37.606227],[127.001808,37.60622],[127.001816,37.606215],[127.001892,37.606173],[127.001913,37.606163],[127.002005,37.606115],[127.002016,37.606102],[127.002092,37.606027],[127.002194,37.605931],[127.002207,37.605923],[127.002212,37.605918],[127.002311,37.60583],[127.002338,37.605794],[127.002363,37.605728],[127.002357,37.605721],[127.002337,37.605663],[127.002334,37.605649],[127.002412,37.605652],[127.002416,37.605644],[127.002399,37.605602],[127.002367,37.605521],[127.002339,37.605453],[127.002202,37.605358],[127.002167,37.605379],[127.002125,37.605396],[127.00212,37.605366],[127.002132,37.605348],[127.00185,37.605245],[127.001532,37.605389],[127.001455,37.605399],[127.001338,37.60537],[127.00133,37.605332],[127.001329,37.605385],[127.001311,37.605418]]],[[[127.001439,37.607103],[127.001439,37.607103],[127.001439,37.607103],[127.001439,37.607103]]]]},"properties":{"program":"신속통합기획","site":"정릉동 898-16","selected":"2024.03 수시선정","address":"성북구 정릉동 898-16","area_m2":53971.0,"boundary_source":"토지거래허가구역"}},{"type":"Feature","geometry":{"type":"MultiPolygon","coordinates":[[[[127.022556,37.620021],[127.022557,37.620072],[127.022558,37.620114],[127.022561,37.620138],[127.022557,37.620187],[127.022568,37.620191],[127.022577,37.620199],[127.022619,37.62024],[127.022671,37.620288],[127.022705,37.62032],[127.022761,37.620373],[127.022787,37.620398],[127.022915,37.62038],[127.023052,37.620359],[127.023085,37.620354],[127.023238,37.62033],[127.023283,37.620323],[127.023442,37.620298],[127.023453,37.620296],[127.023479,37.620292],[127.023492,37.62029],[127.023616,37.620272],[127.023736,37.620249],[127.023923,37.620211],[127.024337,37.620129],[127.02458,37.620081],[127.024764,37.620045],[127.025117,37.620023],[127.025273,37.620065],[127.025316,37.620076],[127.025384,37.619908],[127.025417,37.619825],[127.025451,37.619741],[127.025484,37.619658],[127.025509,37.619594],[127.025553,37.619484],[127.025572,37.619438],[127.025603,37.619362],[127.025635,37.619284],[127.025666,37.619206],[127.025696,37.619131],[127.025717,37.619079],[127.025757,37.618966],[127.025769,37.618938],[127.025787,37.618894],[127.02582,37.618813],[127.025826,37.618796],[127.025866,37.618697],[127.025922,37.618557],[127.025873,37.618493],[127.025813,37.618417],[127.025777,37.61837],[127.02575,37.618334],[127.025617,37.618165],[127.025553,37.618183],[127.025463,37.618209],[127.025424,37.618219],[127.02532,37.618248],[127.025281,37.618259],[127.025276,37.618238],[127.02521,37.618254],[127.025143,37.618271],[127.025003,37.618305],[127.024899,37.618331],[127.024795,37.618348],[127.024799,37.618359],[127.024766,37.618366],[127.024651,37.618395],[127.02454,37.618422],[127.024512,37.61843],[127.024396,37.618459],[127.024289,37.618486],[127.024257,37.618496],[127.024147,37.618523],[127.024146,37.61852],[127.024035,37.61856],[127.024005,37.618571],[127.023894,37.618611],[127.023785,37.61865],[127.023778,37.618653],[127.023749,37.618663],[127.023646,37.618706],[127.02354,37.618748],[127.02351,37.61876],[127.023441,37.618787],[127.023316,37.618839],[127.02331,37.618841],[127.023081,37.618935],[127.023079,37.618946],[127.022972,37.618989],[127.022724,37.619079],[127.02278,37.619132],[127.022678,37.619273],[127.022573,37.61942],[127.022572,37.619451],[127.02257,37.6195],[127.022583,37.619585],[127.02259,37.619649],[127.022593,37.619728],[127.022584,37.619826],[127.022564,37.619923],[127.022556,37.620021]],[[127.02373,37.620077],[127.0237,37.620054],[127.0236,37.620068],[127.023593,37.620069],[127.023581,37.619986],[127.023579,37.619973],[127.023579,37.619972],[127.023568,37.619872],[127.02356,37.619783],[127.023558,37.619764],[127.023555,37.619659],[127.02355,37.61954],[127.023548,37.61954],[127.023535,37.619538],[127.023541,37.619457],[127.023594,37.61937],[127.023665,37.619384],[127.023685,37.61934],[127.023714,37.619297],[127.023728,37.619281],[127.023751,37.619221],[127.023787,37.619211],[127.023808,37.61921],[127.023819,37.619237],[127.023851,37.619243],[127.023857,37.619285],[127.023857,37.619316],[127.023861,37.619424],[127.023883,37.619429],[127.023885,37.619428],[127.023937,37.619428],[127.023961,37.619504],[127.023982,37.619479],[127.023976,37.619532],[127.023987,37.619533],[127.024092,37.619542],[127.024092,37.619543],[127.024067,37.619588],[127.024031,37.619636],[127.023978,37.619619],[127.02395,37.61961],[127.023837,37.619609],[127.023837,37.619714],[127.023987,37.619716],[127.023983,37.619743],[127.023858,37.619743],[127.023874,37.619838],[127.023763,37.61985],[127.023785,37.61996],[127.023792,37.619974],[127.023806,37.620001],[127.023827,37.620048],[127.02373,37.620077]]]]},"properties":{"program":"신속통합기획","site":"미아동 345-1","selected":"2024.03 수시선정","address":"강북구 미아동 345-1","area_m2":44061.0,"boundary_source":"토지거래허가구역"}},{"type":"Feature","geometry":{"type":"MultiPolygon","coordinates":[[[[126.924973,37.47875],[126.924978,37.478761],[126.925007,37.478835],[126.925019,37.478866],[126.925075,37.478871],[126.925074,37.478882],[126.925119,37.478887],[126.925284,37.478908],[126.925329,37.478914],[126.925448,37.478929],[126.925557,37.478943],[126.925648,37.478955],[126.925716,37.478957],[126.925778,37.478964],[126.925778,37.478964],[126.925917,37.478982],[126.926064,37.479001],[126.926081,37.479003],[126.926251,37.479025],[126.926271,37.479028],[126.926467,37.479053],[126.926512,37.479058],[126.926686,37.479081],[126.926797,37.479095],[126.926932,37.479112],[126.927091,37.479133],[126.927249,37.479153],[126.927388,37.479171],[126.927455,37.479179],[126.92774,37.479216],[126.927873,37.479233],[126.927906,37.479237],[126.928065,37.479257],[126.928082,37.479179],[126.92811,37.47905],[126.928135,37.478935],[126.928145,37.478887],[126.928186,37.4787],[126.928271,37.478307],[126.928277,37.478237],[126.928272,37.478219],[126.928257,37.478165],[126.928229,37.47806],[126.928233,37.478043],[126.928236,37.477898],[126.928253,37.47786],[126.928237,37.477861],[126.927358,37.477927],[126.927289,37.477933],[126.927285,37.477962],[126.92713,37.478012],[126.926892,37.477738],[126.926904,37.477733],[126.926839,37.47766],[126.926775,37.477589],[126.926774,37.477559],[126.926749,37.477278],[126.92675,37.477265],[126.926733,37.477095],[126.926732,37.477087],[126.926727,37.477041],[126.926625,37.477095],[126.926569,37.477124],[126.926569,37.477124],[126.926361,37.477236],[126.92639,37.477243],[126.926487,37.47729],[126.926532,37.477311],[126.92651,37.477311],[126.926475,37.477322],[126.926445,37.477332],[126.926423,37.477346],[126.926323,37.47741],[126.926292,37.477383],[126.926259,37.477355],[126.92614,37.477433],[126.926127,37.477422],[126.926081,37.477453],[126.926024,37.47749],[126.926107,37.477562],[126.926134,37.477585],[126.926156,37.477605],[126.926045,37.477683],[126.926006,37.477711],[126.925953,37.477662],[126.92597,37.477773],[126.925996,37.477948],[126.92596,37.477976],[126.925846,37.477881],[126.925751,37.477942],[126.92587,37.47804],[126.925834,37.478069],[126.92585,37.478072],[126.925816,37.478177],[126.925802,37.47818],[126.925784,37.478277],[126.925726,37.478301],[126.925657,37.478319],[126.925499,37.478359],[126.925511,37.478404],[126.925498,37.478411],[126.925433,37.478441],[126.925423,37.478429],[126.925337,37.478322],[126.925317,37.478327],[126.925243,37.478345],[126.925182,37.47836],[126.925083,37.478384],[126.924983,37.478419],[126.924983,37.478477],[126.924982,37.478498],[126.92498,37.478573],[126.924977,37.478665],[126.924973,37.47875]]]]},"properties":{"program":"신속통합기획","site":"신림동 419","selected":"2024.03 수시선정","address":"관악구 신림동 419","area_m2":43247.0,"boundary_source":"토지거래허가구역"}},{"type":"Feature","geometry":{"type":"MultiPolygon","coordinates":[[[[126.976601,37.553247],[126.976607,37.553307],[126.976606,37.553315],[126.976605,37.553329],[126.976605,37.553345],[126.976612,37.553384],[126.976616,37.553464],[126.976616,37.553516],[126.976619,37.553586],[126.976624,37.553676],[126.976629,37.553782],[126.976636,37.553901],[126.976641,37.553987],[126.976644,37.554032],[126.976645,37.554067],[126.976647,37.554092],[126.976648,37.554109],[126.976659,37.554132],[126.97667,37.554282],[126.976671,37.554308],[126.976671,37.554334],[126.976684,37.554464],[126.976687,37.554499],[126.97669,37.554543],[126.976694,37.55458],[126.976699,37.554628],[126.976699,37.554641],[126.976697,37.554659],[126.976699,37.554722],[126.976699,37.554722],[126.976699,37.554722],[126.976771,37.554719],[126.976809,37.554705],[126.976835,37.554703],[126.976845,37.554707],[126.976968,37.554699],[126.977007,37.554685],[126.977019,37.554686],[126.977066,37.554692],[126.977121,37.554694],[126.977189,37.554709],[126.977238,37.554714],[126.977277,37.554735],[126.977292,37.554743],[126.977309,37.554733],[126.977395,37.554684],[126.977402,37.554681],[126.977467,37.554643],[126.977478,37.554636],[126.977504,37.554623],[126.977538,37.554604],[126.977578,37.554582],[126.977649,37.554543],[126.977683,37.554522],[126.977696,37.554514],[126.977713,37.554506],[126.977823,37.554447],[126.977979,37.554363],[126.978068,37.554316],[126.978022,37.554263],[126.978002,37.554241],[126.978004,37.554236],[126.97805,37.554207],[126.978107,37.55417],[126.978152,37.554141],[126.978154,37.55414],[126.978178,37.554125],[126.978247,37.554068],[126.978292,37.554068],[126.978313,37.55405],[126.978344,37.55404],[126.978417,37.553993],[126.978424,37.553948],[126.978461,37.55383],[126.978467,37.553823],[126.978472,37.553815],[126.978532,37.553804],[126.978547,37.553814],[126.978547,37.553805],[126.978603,37.553751],[126.978611,37.553742],[126.978618,37.553733],[126.978614,37.553692],[126.978608,37.553654],[126.978601,37.553613],[126.978587,37.553513],[126.978579,37.553424],[126.978589,37.553362],[126.978613,37.553283],[126.978621,37.553254],[126.978625,37.553243],[126.978641,37.553209],[126.978656,37.55319],[126.978663,37.553181],[126.978668,37.553174],[126.97867,37.55316],[126.978685,37.55303],[126.978686,37.553016],[126.978667,37.553014],[126.978717,37.552811],[126.978757,37.552834],[126.978827,37.552756],[126.978897,37.552676],[126.979022,37.552763],[126.979086,37.552704],[126.979286,37.552491],[126.979459,37.552303],[126.979479,37.55228],[126.979497,37.552254],[126.979505,37.552244],[126.979521,37.552227],[126.979642,37.552094],[126.979686,37.552046],[126.979715,37.552013],[126.979759,37.551967],[126.979871,37.551847],[126.979871,37.551847],[126.979911,37.551811],[126.979911,37.551811],[126.979953,37.551779],[126.980037,37.551736],[126.980043,37.551734],[126.980058,37.551726],[126.980135,37.5517],[126.980169,37.551689],[126.98029,37.551675],[126.980346,37.551669],[126.980416,37.551664],[126.98051,37.551658],[126.980648,37.551652],[126.980648,37.551652],[126.980648,37.551652],[126.98069,37.551648],[126.980688,37.551628],[126.980688,37.551626],[126.980681,37.551561],[126.980678,37.551527],[126.980675,37.551492],[126.98067,37.551434],[126.980688,37.551432],[126.980716,37.55143],[126.980826,37.551421],[126.980811,37.551332],[126.980814,37.551316],[126.9808,37.55126],[126.980804,37.55126],[126.980825,37.551229],[126.980837,37.551237],[126.980914,37.551285],[126.98095,37.551298],[126.980984,37.551298],[126.981011,37.551302],[126.981019,37.551309],[126.981024,37.551303],[126.981029,37.551297],[126.981052,37.55131],[126.981083,37.551353],[126.981115,37.551395],[126.981137,37.551425],[126.981107,37.551427],[126.981139,37.551458],[126.981115,37.551546],[126.981098,37.551586],[126.981101,37.551586],[126.981099,37.551604],[126.981098,37.551619],[126.981146,37.551616],[126.981189,37.551603],[126.981151,37.551585],[126.981156,37.55157],[126.981145,37.551566],[126.981172,37.551536],[126.9812,37.55149],[126.981203,37.551461],[126.981218,37.551459],[126.98122,37.551454],[126.981305,37.55144],[126.981329,37.551436],[126.981309,37.551346],[126.981267,37.551342],[126.98125,37.551299],[126.981221,37.551264],[126.981261,37.55125],[126.981262,37.551248],[126.981275,37.551224],[126.981294,37.551189],[126.981308,37.551182],[126.981452,37.551196],[126.981462,37.551197],[126.981467,37.551197],[126.981474,37.55113],[126.981474,37.551104],[126.981462,37.551104],[126.981339,37.551105],[126.981332,37.551107],[126.981246,37.551121],[126.981195,37.551126],[126.981169,37.551132],[126.981137,37.55114],[126.981146,37.551178],[126.981177,37.551204],[126.981166,37.551204],[126.981146,37.551205],[126.981136,37.551228],[126.98107,37.551269],[126.98102,37.551218],[126.980983,37.551146],[126.980941,37.551151],[126.980906,37.551093],[126.980864,37.551051],[126.98087,37.551032],[126.980875,37.551016],[126.980913,37.550947],[126.980984,37.550913],[126.980993,37.550909],[126.980984,37.550885],[126.980925,37.550717],[126.980918,37.550711],[126.980729,37.550764],[126.980693,37.550723],[126.980772,37.550681],[126.980784,37.550676],[126.980794,37.550684],[126.980847,37.550646],[126.980821,37.550624],[126.980789,37.550597],[126.980738,37.550552],[126.980719,37.550537],[126.980707,37.550527],[126.980694,37.550497],[126.980667,37.550489],[126.980637,37.550499],[126.980603,37.55051],[126.980592,37.550519],[126.980573,37.550536],[126.980566,37.550535],[126.980534,37.550578],[126.980547,37.550588],[126.980534,37.550601],[126.980528,37.550607],[126.980512,37.550622],[126.980502,37.550637],[126.980458,37.550697],[126.980457,37.550714],[126.980457,37.55075],[126.980454,37.550781],[126.980454,37.550797],[126.980451,37.550825],[126.980442,37.550846],[126.980418,37.550909],[126.980388,37.550954],[126.980363,37.550987],[126.980362,37.55099],[126.980374,37.550997],[126.980294,37.551137],[126.980301,37.551166],[126.980287,37.551178],[126.980263,37.551196],[126.980035,37.551092],[126.979912,37.551028],[126.979878,37.551002],[126.979857,37.550995],[126.979803,37.550942],[126.979754,37.550914],[126.97972,37.550891],[126.979694,37.550875],[126.97966,37.550852],[126.979602,37.550815],[126.979528,37.55077],[126.979524,37.550769],[126.979494,37.550749],[126.979473,37.550735],[126.979451,37.550723],[126.979416,37.550703],[126.979375,37.550687],[126.979353,37.55068],[126.979298,37.550665],[126.979263,37.550654],[126.979173,37.550628],[126.979067,37.550579],[126.978977,37.550518],[126.978906,37.550463],[126.978894,37.550455],[126.978867,37.550429],[126.978809,37.550384],[126.978723,37.550334],[126.978699,37.55031],[126.978695,37.550316],[126.97867,37.550312],[126.978679,37.5503],[126.978675,37.55025],[126.97867,37.550194],[126.978663,37.550163],[126.978652,37.550145],[126.978644,37.55013],[126.97862,37.550107],[126.978531,37.550072],[126.978462,37.550045],[126.978395,37.550018],[126.978393,37.550021],[126.978378,37.550018],[126.97838,37.550015],[126.978244,37.549991],[126.978215,37.549986],[126.978012,37.549952],[126.977987,37.549951],[126.97787,37.549993],[126.977811,37.550015],[126.977785,37.550025],[126.977679,37.550071],[126.977566,37.550112],[126.977503,37.550145],[126.977436,37.55018],[126.97743,37.550203],[126.977401,37.550305],[126.977396,37.550327],[126.97739,37.550348],[126.977369,37.550428],[126.97736,37.550463],[126.977352,37.550488],[126.97734,37.550539],[126.977313,37.550643],[126.977287,37.550739],[126.977262,37.550834],[126.97724,37.550921],[126.977236,37.550936],[126.977233,37.550948],[126.977225,37.550974],[126.977221,37.550988],[126.977203,37.55106],[126.977202,37.551065],[126.977171,37.551179],[126.977146,37.551266],[126.977145,37.55127],[126.977128,37.551336],[126.977115,37.551391],[126.9771,37.551449],[126.977089,37.55149],[126.977079,37.551531],[126.977065,37.55158],[126.977063,37.551592],[126.977037,37.551683],[126.977017,37.551762],[126.977016,37.551765],[126.977011,37.551786],[126.976985,37.551888],[126.976977,37.551915],[126.976953,37.552005],[126.97691,37.552168],[126.976884,37.552265],[126.976875,37.552309],[126.976831,37.552467],[126.97682,37.552498],[126.976791,37.552594],[126.976783,37.552619],[126.976783,37.552623],[126.976783,37.552623],[126.976774,37.552662],[126.976752,37.55274],[126.976739,37.552789],[126.976731,37.552816],[126.976713,37.552878],[126.976696,37.552937],[126.97669,37.552958],[126.976685,37.552978],[126.976678,37.553002],[126.976672,37.553022],[126.976667,37.553039],[126.976663,37.553055],[126.976656,37.553077],[126.976639,37.553135],[126.976632,37.553154],[126.976615,37.553208],[126.976601,37.553247]]]]},"properties":{"program":"신속통합기획","site":"후암동 30-2","selected":"2024.06 수시선정","address":"용산구 후암동 30-2","area_m2":104070.7,"boundary_source":"토지거래허가구역"}},{"type":"Feature","geometry":{"type":"Point","coordinates":[126.837515,37.497455]},"properties":{"program":"신속통합기획","site":"오류동 4(2)","selected":"2024.06 수시선정","address":"구로구 오류동 4","area_m2":34445.0,"boundary_source":null}},{"type":"Feature","geometry":{"type":"MultiPolygon","coordinates":[[[[126.97797,37.548199],[126.978174,37.548235],[126.978238,37.548242],[126.9786,37.548329],[126.978642,37.548339],[126.978767,37.548367],[126.97896,37.548407],[126.979146,37.548436],[126.979169,37.548439],[126.979249,37.548441],[126.979311,37.548383],[126.979363,37.548323],[126.979366,37.548312],[126.979368,37.548295],[126.979393,37.548306],[126.979434,37.548254],[126.9795,37.54817],[126.979523,37.548144],[126.979537,37.548127],[126.979595,37.548171],[126.979692,37.548244],[126.979777,37.548311],[126.97981,37.548336],[126.979861,37.548423],[126.979922,37.548526],[126.979981,37.548631],[126.979998,37.548662],[126.980043,37.548741],[126.980071,37.548796],[126.980076,37.548801],[126.980037,37.548815],[126.979933,37.548855],[126.979823,37.548898],[126.979792,37.548909],[126.979751,37.548834],[126.979738,37.548809],[126.97969,37.548724],[126.979591,37.548776],[126.97958,37.548767],[126.979553,37.548781],[126.979546,37.548784],[126.979541,37.548781],[126.979496,37.548796],[126.979602,37.548899],[126.979637,37.548964],[126.979659,37.549021],[126.979649,37.549163],[126.979646,37.549203],[126.979653,37.549258],[126.979688,37.549332],[126.979785,37.549297],[126.97981,37.54929],[126.979857,37.549273],[126.979875,37.549267],[126.979897,37.549259],[126.979969,37.549233],[126.980042,37.549207],[126.980122,37.549181],[126.980275,37.549132],[126.980302,37.549125],[126.980377,37.549102],[126.980486,37.549073],[126.980585,37.54905],[126.98063,37.549029],[126.980685,37.549],[126.98069,37.549007],[126.980757,37.548992],[126.980805,37.54899],[126.980817,37.548998],[126.980875,37.548984],[126.980923,37.548972],[126.980956,37.548964],[126.98105,37.548945],[126.981086,37.548936],[126.981207,37.548908],[126.981238,37.548902],[126.98124,37.5489],[126.981295,37.548887],[126.981265,37.548869],[126.981198,37.54883],[126.981252,37.548789],[126.981336,37.548725],[126.981352,37.548737],[126.981398,37.548702],[126.981484,37.548791],[126.981504,37.548784],[126.981516,37.548788],[126.981603,37.548745],[126.981629,37.548774],[126.981654,37.548799],[126.98175,37.548776],[126.98177,37.54877],[126.981823,37.548757],[126.981854,37.548732],[126.981836,37.548718],[126.981867,37.548689],[126.981882,37.548677],[126.981907,37.548639],[126.981905,37.548609],[126.981903,37.548576],[126.981902,37.548559],[126.981919,37.548568],[126.981982,37.548603],[126.981999,37.548612],[126.982024,37.548622],[126.98202,37.548644],[126.982014,37.548673],[126.982023,37.548699],[126.982045,37.548694],[126.982056,37.548699],[126.982143,37.548677],[126.982144,37.548672],[126.982165,37.548582],[126.982183,37.548501],[126.982188,37.548483],[126.982207,37.548414],[126.982221,37.548364],[126.982222,37.548359],[126.982225,37.548344],[126.982235,37.54831],[126.982261,37.548217],[126.982288,37.548108],[126.982293,37.548082],[126.982301,37.548044],[126.982305,37.547989],[126.982301,37.547959],[126.982298,37.547925],[126.982295,37.547892],[126.982281,37.547846],[126.982266,37.547809],[126.982254,37.54778],[126.982227,37.547733],[126.982222,37.547724],[126.982183,37.547679],[126.982163,37.547662],[126.982085,37.547599],[126.982068,37.547586],[126.981989,37.547524],[126.981956,37.547499],[126.981855,37.547425],[126.98181,37.54746],[126.98177,37.547492],[126.981761,37.547504],[126.981727,37.547533],[126.981693,37.547587],[126.98162,37.547554],[126.981562,37.547527],[126.981566,37.547518],[126.981556,37.547513],[126.98155,37.547518],[126.981542,37.547513],[126.981585,37.547469],[126.981628,37.547415],[126.981625,37.547405],[126.981598,37.54738],[126.981584,37.547382],[126.981554,37.547388],[126.981532,37.5474],[126.981484,37.547342],[126.981427,37.547272],[126.981371,37.547233],[126.981412,37.547196],[126.981468,37.547141],[126.981375,37.547072],[126.981292,37.547011],[126.981246,37.546978],[126.981216,37.546956],[126.981146,37.546904],[126.981037,37.546824],[126.980969,37.546776],[126.980962,37.546761],[126.980935,37.546725],[126.980928,37.546726],[126.980928,37.546712],[126.980929,37.546701],[126.980923,37.546687],[126.980892,37.546669],[126.980878,37.54666],[126.980845,37.546636],[126.980833,37.546628],[126.980813,37.546613],[126.980804,37.546598],[126.98079,37.546577],[126.98078,37.546559],[126.980756,37.546545],[126.980729,37.546525],[126.980712,37.546513],[126.98065,37.546472],[126.980612,37.546447],[126.980587,37.546468],[126.980571,37.546477],[126.980566,37.546481],[126.980584,37.546495],[126.980584,37.546496],[126.980583,37.546503],[126.980571,37.546548],[126.980571,37.546548],[126.980556,37.546546],[126.980385,37.546511],[126.98039,37.546471],[126.980397,37.546414],[126.980405,37.546351],[126.980374,37.546328],[126.980341,37.546304],[126.980259,37.546279],[126.980184,37.546258],[126.98016,37.546252],[126.980115,37.546242],[126.98008,37.546238],[126.980009,37.546231],[126.97992,37.546221],[126.979864,37.546215],[126.979809,37.546209],[126.97981,37.546202],[126.979719,37.54619],[126.97969,37.54628],[126.979686,37.546293],[126.979669,37.54629],[126.979666,37.546305],[126.979644,37.546295],[126.979617,37.546287],[126.97953,37.546272],[126.979502,37.546253],[126.979522,37.546178],[126.979334,37.546156],[126.979236,37.546144],[126.979177,37.546128],[126.979034,37.546111],[126.97901,37.546107],[126.978992,37.546105],[126.978846,37.546086],[126.97882,37.546192],[126.978817,37.546193],[126.978814,37.546204],[126.978768,37.546197],[126.978765,37.546199],[126.978749,37.546204],[126.97874,37.546203],[126.978742,37.546193],[126.978641,37.54618],[126.978619,37.546248],[126.978507,37.546225],[126.978486,37.546295],[126.97848,37.54632],[126.978474,37.546342],[126.978449,37.546431],[126.978436,37.546475],[126.97843,37.546501],[126.978417,37.546546],[126.978412,37.546567],[126.978409,37.546573],[126.978389,37.546647],[126.978352,37.546787],[126.97833,37.54686],[126.978327,37.546872],[126.978311,37.546929],[126.978292,37.546999],[126.978209,37.547302],[126.978189,37.547376],[126.978177,37.547417],[126.978172,37.547437],[126.978169,37.54745],[126.978143,37.54755],[126.978128,37.547606],[126.978112,37.547663],[126.978096,37.547727],[126.978088,37.547755],[126.978072,37.547814],[126.978019,37.548013],[126.97797,37.548199]]]]},"properties":{"program":"신속통합기획","site":"후암동 264-11(동후암3)","selected":"2024.08 수시선정","address":"용산구 후암동 264-11","area_m2":82172.5,"boundary_source":"토지거래허가구역"}},{"type":"Feature","geometry":{"type":"MultiPolygon","coordinates":[[[[127.075369,37.604835],[127.075458,37.604846],[127.075468,37.604793],[127.075616,37.604809],[127.075607,37.604858],[127.075755,37.604872],[127.075799,37.604881],[127.075941,37.604894],[127.075943,37.604882],[127.076082,37.604899],[127.076122,37.604907],[127.076272,37.604926],[127.076313,37.604946],[127.076431,37.60496],[127.076548,37.604975],[127.076582,37.60498],[127.076695,37.604993],[127.076704,37.604943],[127.076711,37.60491],[127.076723,37.604847],[127.076726,37.604831],[127.076741,37.604751],[127.076742,37.604748],[127.076757,37.604667],[127.07676,37.604652],[127.076775,37.604572],[127.076779,37.604554],[127.076788,37.604501],[127.076793,37.604476],[127.076825,37.604478],[127.076905,37.604489],[127.076914,37.604456],[127.076926,37.604387],[127.076946,37.604288],[127.076966,37.604187],[127.076987,37.604087],[127.076976,37.604087],[127.076984,37.604048],[127.076994,37.603997],[127.077012,37.603909],[127.07703,37.603815],[127.07704,37.603816],[127.077064,37.603701],[127.077087,37.603592],[127.077109,37.603484],[127.077134,37.603356],[127.077017,37.603343],[127.076925,37.603332],[127.076851,37.603325],[127.076751,37.603314],[127.076637,37.603302],[127.076591,37.603297],[127.07647,37.603284],[127.076429,37.60328],[127.076248,37.603259],[127.07624,37.603259],[127.076057,37.603238],[127.075891,37.60322],[127.075805,37.603211],[127.075646,37.603187],[127.075578,37.603178],[127.07547,37.603163],[127.07536,37.603148],[127.07517,37.603122],[127.075,37.603099],[127.074909,37.603087],[127.074807,37.603073],[127.074683,37.603056],[127.074558,37.603039],[127.074516,37.603033],[127.074396,37.603017],[127.074391,37.603016],[127.074378,37.603091],[127.074375,37.603108],[127.074374,37.603111],[127.074367,37.603157],[127.074364,37.603174],[127.074363,37.603176],[127.074351,37.603244],[127.074349,37.60326],[127.074346,37.603271],[127.074342,37.603289],[127.074341,37.603293],[127.074336,37.603315],[127.074316,37.6034],[127.074308,37.603438],[127.074307,37.603443],[127.074287,37.60353],[127.074276,37.603577],[127.074268,37.603612],[127.074266,37.603625],[127.074257,37.603658],[127.074239,37.603735],[127.074227,37.60379],[127.07422,37.603818],[127.074178,37.603989],[127.074158,37.604087],[127.074157,37.604092],[127.074151,37.604118],[127.074143,37.604149],[127.07413,37.604204],[127.074123,37.604231],[127.074116,37.604261],[127.074095,37.604348],[127.074075,37.604436],[127.074066,37.604464],[127.074055,37.604503],[127.074042,37.604555],[127.074021,37.604644],[127.074015,37.604671],[127.073995,37.60476],[127.074083,37.60477],[127.074153,37.604778],[127.074274,37.604792],[127.074398,37.604809],[127.074409,37.604811],[127.074453,37.604817],[127.074601,37.604834],[127.074644,37.60484],[127.074666,37.604842],[127.074778,37.604856],[127.074843,37.604864],[127.074863,37.604767],[127.075016,37.604789],[127.075014,37.604797],[127.075155,37.604816],[127.075203,37.604814],[127.075369,37.604835]]]]},"properties":{"program":"신속통합기획","site":"중화동 309-39(중화6)","selected":"2024.08 수시선정","address":"중랑구 중화동 309-39","area_m2":45504.6,"boundary_source":"토지거래허가구역"}},{"type":"Feature","geometry":{"type":"MultiPolygon","coordinates":[[[[126.947628,37.593006],[126.947658,37.593055],[126.947661,37.593054],[126.947715,37.593145],[126.947747,37.593212],[126.947784,37.593285],[126.947836,37.593387],[126.947847,37.593408],[126.947899,37.59351],[126.947897,37.593511],[126.947906,37.593527],[126.947958,37.593629],[126.947986,37.59369],[126.94803,37.593777],[126.948032,37.593777],[126.948039,37.593789],[126.948044,37.593797],[126.948093,37.593894],[126.9481,37.593908],[126.948148,37.594],[126.948159,37.594017],[126.948199,37.5941],[126.948211,37.594134],[126.948249,37.594214],[126.94828,37.594254],[126.948294,37.594284],[126.948327,37.594323],[126.94838,37.594391],[126.948408,37.594428],[126.948537,37.594592],[126.948719,37.594696],[126.948875,37.594785],[126.948927,37.594816],[126.949172,37.594851],[126.949561,37.594912],[126.949628,37.594921],[126.949894,37.594971],[126.949948,37.594983],[126.950116,37.595021],[126.950159,37.595032],[126.95022,37.595046],[126.950376,37.595087],[126.950485,37.595117],[126.950648,37.595163],[126.950756,37.595199],[126.950828,37.595221],[126.950956,37.595267],[126.951034,37.595295],[126.951279,37.595386],[126.951301,37.59533],[126.951277,37.595033],[126.951318,37.59495],[126.951272,37.594926],[126.95127,37.594817],[126.951148,37.594855],[126.951139,37.59485],[126.951155,37.594823],[126.951214,37.59472],[126.951224,37.594702],[126.951241,37.594693],[126.951417,37.594594],[126.951516,37.594539],[126.9516,37.594359],[126.951611,37.594335],[126.951657,37.594216],[126.951712,37.594073],[126.95172,37.594051],[126.951771,37.593947],[126.951779,37.593931],[126.951821,37.593833],[126.95183,37.593812],[126.951865,37.593738],[126.951918,37.593629],[126.952,37.593458],[126.952071,37.593311],[126.951933,37.593293],[126.951919,37.593292],[126.9518,37.593275],[126.951751,37.593263],[126.95169,37.593249],[126.951536,37.593206],[126.951369,37.593159],[126.950967,37.593098],[126.950931,37.593089],[126.950851,37.593064],[126.951093,37.59285],[126.951113,37.592834],[126.951298,37.592684],[126.951412,37.592589],[126.95145,37.592559],[126.951543,37.592431],[126.951543,37.592431],[126.951638,37.592301],[126.951729,37.592178],[126.951772,37.59212],[126.952449,37.592228],[126.952499,37.592238],[126.952501,37.592161],[126.952486,37.592162],[126.952483,37.591955],[126.952574,37.59192],[126.952767,37.591463],[126.952775,37.591461],[126.952865,37.591388],[126.952826,37.59135],[126.95284,37.591317],[126.952827,37.591263],[126.953243,37.590806],[126.953397,37.590798],[126.953537,37.590703],[126.953616,37.590649],[126.953721,37.590668],[126.953808,37.590683],[126.954425,37.590795],[126.954429,37.590479],[126.954901,37.590474],[126.954891,37.590272],[126.954468,37.590245],[126.954519,37.589744],[126.954174,37.589663],[126.953929,37.589605],[126.953912,37.589602],[126.953713,37.589601],[126.953302,37.589599],[126.95306,37.589645],[126.953017,37.589703],[126.953114,37.589765],[126.952991,37.589908],[126.952838,37.589926],[126.952639,37.589956],[126.952474,37.589989],[126.952111,37.590138],[126.951925,37.590389],[126.952358,37.590772],[126.952082,37.590978],[126.952179,37.591052],[126.951955,37.591357],[126.951568,37.591155],[126.951439,37.591445],[126.951437,37.591448],[126.951359,37.591628],[126.951316,37.591611],[126.951215,37.591581],[126.951077,37.59155],[126.950886,37.591506],[126.950689,37.59146],[126.950523,37.591422],[126.950488,37.59138],[126.950391,37.591356],[126.950227,37.591285],[126.950138,37.591281],[126.950081,37.591276],[126.950081,37.591276],[126.949905,37.59126],[126.949839,37.59137],[126.94988,37.591374],[126.949883,37.591353],[126.949965,37.59136],[126.950031,37.591451],[126.950064,37.591495],[126.9501,37.591545],[126.95011,37.591559],[126.950044,37.591581],[126.950001,37.591588],[126.94994,37.591599],[126.949927,37.591622],[126.949901,37.59163],[126.949891,37.591578],[126.949882,37.591575],[126.94986,37.591578],[126.949852,37.591613],[126.949856,37.591647],[126.949904,37.591721],[126.949938,37.591785],[126.949965,37.591834],[126.950002,37.5919],[126.950048,37.591973],[126.95004,37.592003],[126.950036,37.592025],[126.950009,37.592138],[126.950038,37.592185],[126.950117,37.592256],[126.950129,37.592269],[126.950074,37.592481],[126.950054,37.592554],[126.950055,37.592585],[126.95006,37.592612],[126.950071,37.59273],[126.950081,37.592829],[126.950057,37.592829],[126.950061,37.592934],[126.950062,37.592936],[126.950064,37.592998],[126.950064,37.592999],[126.950066,37.593063],[126.950116,37.593105],[126.950099,37.593126],[126.950094,37.593132],[126.950081,37.593153],[126.950062,37.593189],[126.950028,37.593252],[126.950024,37.593258],[126.950008,37.593313],[126.949994,37.593366],[126.949655,37.593613],[126.949335,37.593528],[126.949364,37.593455],[126.949083,37.593386],[126.949052,37.593379],[126.948817,37.593318],[126.948806,37.593315],[126.948736,37.59329],[126.948689,37.593273],[126.948631,37.593251],[126.948608,37.593243],[126.948569,37.593225],[126.948392,37.593215],[126.948377,37.5932],[126.948364,37.593213],[126.94831,37.593207],[126.948073,37.59319],[126.947973,37.593137],[126.947916,37.593099],[126.947887,37.593085],[126.947839,37.593063],[126.947798,37.593085],[126.947793,37.593087],[126.947776,37.593096],[126.947715,37.593044],[126.947682,37.592986],[126.947629,37.593006],[126.947628,37.593006]]]]},"properties":{"program":"신속통합기획","site":"홍제동 9-81","selected":"2024.10 수시선정","address":"서대문구 홍제동 9-81","area_m2":119733.8,"boundary_source":"토지거래허가구역"}},{"type":"Feature","geometry":{"type":"MultiPolygon","coordinates":[[[[126.976594,37.491615],[126.976607,37.491644],[126.976615,37.491668],[126.976631,37.491719],[126.976642,37.491751],[126.976678,37.491842],[126.976705,37.491911],[126.976707,37.491921],[126.976717,37.491952],[126.976739,37.492019],[126.976744,37.492035],[126.976764,37.492097],[126.97677,37.492115],[126.976769,37.492117],[126.976781,37.492152],[126.976792,37.492181],[126.976793,37.492183],[126.976805,37.492195],[126.976803,37.492212],[126.976801,37.492225],[126.976791,37.4923],[126.976787,37.492326],[126.976773,37.492421],[126.976767,37.492464],[126.976762,37.492497],[126.976753,37.492569],[126.97675,37.49258],[126.976828,37.492661],[126.976863,37.492684],[126.976883,37.4927],[126.976933,37.492738],[126.977004,37.492791],[126.97713,37.492883],[126.977248,37.49297],[126.977259,37.492973],[126.97736,37.492997],[126.977428,37.493006],[126.977577,37.493017],[126.977617,37.493012],[126.977667,37.493011],[126.977688,37.493011],[126.977806,37.493011],[126.97785,37.493011],[126.977909,37.493011],[126.977987,37.49297],[126.977997,37.492961],[126.978095,37.492883],[126.978136,37.492854],[126.97814,37.492846],[126.978158,37.492846],[126.978191,37.492827],[126.978207,37.492826],[126.978352,37.492813],[126.978378,37.492798],[126.978427,37.492785],[126.978434,37.492783],[126.978542,37.492756],[126.978612,37.492728],[126.978655,37.49269],[126.978776,37.492628],[126.978815,37.492626],[126.978901,37.492622],[126.978904,37.492626],[126.978906,37.492629],[126.978926,37.492659],[126.978974,37.492715],[126.978981,37.492704],[126.978991,37.492716],[126.979086,37.492816],[126.979132,37.492866],[126.979217,37.492803],[126.979229,37.492821],[126.979257,37.492857],[126.979319,37.49288],[126.979336,37.492848],[126.979329,37.492803],[126.979267,37.492764],[126.979196,37.492716],[126.979235,37.492691],[126.979264,37.492675],[126.979129,37.492575],[126.979123,37.492523],[126.979123,37.492523],[126.97912,37.492503],[126.979116,37.492477],[126.979154,37.492456],[126.979193,37.492401],[126.979262,37.492335],[126.979424,37.492238],[126.97948,37.4922],[126.979516,37.492176],[126.979488,37.492158],[126.97955,37.492099],[126.97958,37.492079],[126.979615,37.492042],[126.979708,37.491958],[126.979748,37.491925],[126.979736,37.491926],[126.979765,37.491908],[126.979803,37.49186],[126.979835,37.491828],[126.979846,37.491797],[126.97973,37.49179],[126.979592,37.491781],[126.97944,37.491771],[126.979268,37.49176],[126.979143,37.491695],[126.979024,37.491632],[126.978954,37.491596],[126.978896,37.491545],[126.97887,37.49152],[126.978766,37.491426],[126.978756,37.491407],[126.978739,37.491373],[126.978713,37.491341],[126.97867,37.491283],[126.978652,37.491227],[126.978617,37.491224],[126.978589,37.491187],[126.978555,37.491144],[126.978494,37.491067],[126.978439,37.490991],[126.9784,37.490935],[126.978346,37.490861],[126.978309,37.490811],[126.978247,37.49084],[126.978144,37.490887],[126.978041,37.490936],[126.977939,37.490984],[126.977842,37.49103],[126.977757,37.491072],[126.976629,37.491599],[126.976594,37.491615]]]]},"properties":{"program":"신속통합기획","site":"사당동 63-1","selected":"2024.10 수시선정","address":"동작구 사당동 63-1","area_m2":41275.5,"boundary_source":"토지거래허가구역"}},{"type":"Feature","geometry":{"type":"MultiPolygon","coordinates":[[[[127.076617,37.585637],[127.076745,37.585665],[127.076813,37.58568],[127.076752,37.585846],[127.07694,37.585888],[127.076984,37.585898],[127.077119,37.585927],[127.077128,37.585929],[127.07721,37.585948],[127.077295,37.585966],[127.07746,37.586003],[127.077671,37.586051],[127.078097,37.586147],[127.078232,37.586177],[127.078391,37.586212],[127.078456,37.586227],[127.078463,37.586228],[127.07855,37.586248],[127.078582,37.586255],[127.078713,37.586285],[127.079072,37.586367],[127.079116,37.586377],[127.079272,37.586412],[127.079322,37.586267],[127.079338,37.586222],[127.07951,37.586218],[127.07953,37.586218],[127.079706,37.586213],[127.079699,37.586079],[127.079698,37.586046],[127.07969,37.585873],[127.079682,37.585698],[127.079673,37.585501],[127.079671,37.585465],[127.079663,37.585266],[127.079659,37.585181],[127.079654,37.585098],[127.079651,37.585018],[127.079647,37.584938],[127.079643,37.584853],[127.079516,37.584856],[127.079418,37.584859],[127.079316,37.584861],[127.07922,37.584864],[127.07901,37.58487],[127.078861,37.584874],[127.078598,37.584881],[127.07837,37.584887],[127.07818,37.584895],[127.078099,37.584897],[127.078067,37.584898],[127.07796,37.584901],[127.077826,37.584904],[127.07778,37.584906],[127.077649,37.584909],[127.077525,37.584912],[127.07748,37.584914],[127.077354,37.584919],[127.077287,37.58492],[127.077214,37.584922],[127.077118,37.584924],[127.076989,37.584927],[127.076864,37.58493],[127.076822,37.584958],[127.076801,37.585027],[127.076772,37.585123],[127.076751,37.585192],[127.076737,37.58524],[127.076701,37.585359],[127.076682,37.58542],[127.076655,37.58551],[127.076645,37.585546],[127.076617,37.585637]]]]},"properties":{"program":"신속통합기획","site":"면목동 174-1","selected":"2024.12 수시선정","address":"중랑구 면목동 174-1","area_m2":35969.7,"boundary_source":"토지거래허가구역"}},{"type":"Feature","geometry":{"type":"MultiPolygon","coordinates":[[[[127.07428,37.536908],[127.074313,37.537001],[127.074344,37.537086],[127.074374,37.537171],[127.074388,37.537212],[127.074403,37.537254],[127.074433,37.53734],[127.074462,37.537424],[127.074492,37.537509],[127.074543,37.537657],[127.074596,37.537808],[127.07463,37.537907],[127.074657,37.537984],[127.074663,37.538007],[127.0747,37.538109],[127.074737,37.538209],[127.074775,37.538308],[127.07485,37.538503],[127.075012,37.538463],[127.075079,37.538446],[127.075194,37.538418],[127.075145,37.538293],[127.07511,37.538204],[127.075229,37.538175],[127.075348,37.538145],[127.075387,37.538137],[127.075624,37.538078],[127.075739,37.538049],[127.07574,37.538051],[127.075805,37.538035],[127.075766,37.537939],[127.075936,37.537897],[127.075909,37.537829],[127.075891,37.537782],[127.07592,37.537775],[127.07603,37.537748],[127.076124,37.537725],[127.076135,37.537722],[127.076288,37.537684],[127.076358,37.537667],[127.076467,37.53764],[127.076579,37.537612],[127.07664,37.537597],[127.076688,37.537733],[127.076715,37.537817],[127.076788,37.538023],[127.076884,37.537999],[127.076942,37.537921],[127.076915,37.537828],[127.076901,37.537782],[127.076832,37.53755],[127.076804,37.537455],[127.076796,37.537429],[127.076769,37.537338],[127.076742,37.537251],[127.076717,37.537166],[127.07669,37.537078],[127.076666,37.536996],[127.076638,37.536902],[127.076609,37.536808],[127.076584,37.536723],[127.076545,37.536594],[127.076511,37.536482],[127.076451,37.536278],[127.076421,37.536176],[127.076391,37.536074],[127.076381,37.536037],[127.076378,37.536026],[127.076321,37.535835],[127.076258,37.535626],[127.076247,37.535591],[127.076213,37.535475],[127.076172,37.535333],[127.07614,37.535367],[127.076119,37.535394],[127.076027,37.535419],[127.075989,37.53543],[127.075974,37.535414],[127.075961,37.53543],[127.075869,37.535462],[127.075767,37.535497],[127.075644,37.535539],[127.075602,37.535553],[127.075466,37.535558],[127.075459,37.535604],[127.075327,37.53565],[127.075333,37.535769],[127.075336,37.535807],[127.075344,37.535947],[127.075344,37.535948],[127.075352,37.536078],[127.07536,37.53621],[127.075367,37.536322],[127.075372,37.536403],[127.075372,37.536407],[127.075378,37.53649],[127.075387,37.536611],[127.075393,37.536699],[127.075356,37.536706],[127.075236,37.536728],[127.075115,37.53675],[127.075087,37.536755],[127.075082,37.536756],[127.07496,37.536779],[127.074839,37.536801],[127.074814,37.536806],[127.074808,37.536807],[127.074687,37.53683],[127.074565,37.536853],[127.074533,37.53686],[127.074413,37.536882],[127.074381,37.536889],[127.07428,37.536908]]]]},"properties":{"program":"신속통합기획","site":"자양동 227-147","selected":"2024.12 수시선정","address":"광진구 자양동 227-147","area_m2":40836.7,"boundary_source":"토지거래허가구역"}},{"type":"Feature","geometry":{"type":"MultiPolygon","coordinates":[[[[127.02829,37.623063],[127.028314,37.623104],[127.0284,37.623126],[127.028472,37.623144],[127.028586,37.623173],[127.0286,37.623176],[127.028609,37.623179],[127.028724,37.623207],[127.028742,37.623212],[127.028747,37.623213],[127.028865,37.623243],[127.028975,37.623271],[127.029,37.623278],[127.02902,37.623283],[127.029106,37.623305],[127.029121,37.623309],[127.029235,37.623335],[127.029265,37.623342],[127.029381,37.62337],[127.0295,37.6234],[127.029633,37.623448],[127.029724,37.623474],[127.029773,37.623487],[127.029825,37.623544],[127.02985,37.623572],[127.029951,37.623682],[127.030008,37.623743],[127.030052,37.623791],[127.030076,37.623818],[127.030154,37.623903],[127.030099,37.623934],[127.029757,37.624126],[127.029754,37.624216],[127.02977,37.624247],[127.029885,37.624345],[127.029923,37.624377],[127.030061,37.624484],[127.030153,37.624371],[127.030317,37.6244],[127.030475,37.624431],[127.030541,37.624344],[127.030605,37.62426],[127.030816,37.623987],[127.030882,37.623901],[127.031062,37.623668],[127.031699,37.622846],[127.031768,37.62273],[127.031848,37.622598],[127.031906,37.6225],[127.031925,37.622469],[127.031941,37.622443],[127.032004,37.622312],[127.032023,37.622273],[127.032084,37.622103],[127.032106,37.622023],[127.032111,37.622006],[127.032183,37.621752],[127.032143,37.621735],[127.03212,37.621817],[127.031959,37.621792],[127.031957,37.621804],[127.031873,37.621779],[127.031868,37.621789],[127.031842,37.621781],[127.031742,37.621752],[127.031646,37.621723],[127.031548,37.621695],[127.031486,37.621666],[127.031463,37.621627],[127.03133,37.621593],[127.031318,37.62159],[127.031204,37.621561],[127.031147,37.621546],[127.031007,37.621511],[127.030866,37.621476],[127.030775,37.621453],[127.030664,37.621425],[127.030541,37.621395],[127.030458,37.621374],[127.030316,37.621337],[127.030157,37.621297],[127.030005,37.621259],[127.029973,37.621251],[127.029913,37.621236],[127.029862,37.621223],[127.02973,37.62119],[127.0297,37.621182],[127.02957,37.621149],[127.029479,37.621126],[127.029449,37.621119],[127.029355,37.621095],[127.029217,37.62106],[127.029165,37.621082],[127.029105,37.62123],[127.029104,37.621232],[127.029102,37.621237],[127.029096,37.621253],[127.029095,37.621255],[127.029091,37.621267],[127.029059,37.621346],[127.029058,37.621348],[127.029027,37.621426],[127.028982,37.621537],[127.028962,37.62159],[127.028931,37.621669],[127.028898,37.621751],[127.028868,37.621828],[127.028847,37.621879],[127.028803,37.621992],[127.028775,37.622063],[127.02874,37.622148],[127.028705,37.622235],[127.028682,37.622292],[127.028637,37.622403],[127.028445,37.622721],[127.028401,37.622782],[127.028376,37.622844],[127.028342,37.622933],[127.028336,37.622948],[127.02831,37.623014],[127.02829,37.623063]]]]},"properties":{"program":"신속통합기획","site":"미아동 130","selected":"2024.12 수시선정","address":"강북구 미아동 130","area_m2":71095.5,"boundary_source":"토지거래허가구역"}},{"type":"Feature","geometry":{"type":"MultiPolygon","coordinates":[[[[126.947003,37.597962],[126.947047,37.598034],[126.947102,37.598122],[126.947089,37.598131],[126.947146,37.598212],[126.947218,37.598286],[126.947304,37.598347],[126.947373,37.598396],[126.947433,37.59841],[126.947573,37.598415],[126.947717,37.59842],[126.947761,37.598422],[126.947905,37.59843],[126.947933,37.598426],[126.948092,37.598403],[126.948101,37.598414],[126.948252,37.598392],[126.94827,37.598353],[126.948304,37.598336],[126.948382,37.598296],[126.948393,37.598307],[126.948529,37.598276],[126.948594,37.59826],[126.948661,37.598233],[126.948745,37.598197],[126.948798,37.598169],[126.948848,37.598234],[126.948895,37.59821],[126.948878,37.598127],[126.948869,37.59807],[126.948874,37.598069],[126.948845,37.598005],[126.948833,37.597982],[126.948776,37.597865],[126.948745,37.597801],[126.948673,37.597729],[126.948583,37.597545],[126.948523,37.597422],[126.948465,37.597302],[126.948402,37.59718],[126.948343,37.59706],[126.948282,37.596939],[126.948247,37.59687],[126.948187,37.596863],[126.947991,37.596929],[126.94799,37.596934],[126.947982,37.596932],[126.947937,37.596948],[126.947913,37.596955],[126.947824,37.596986],[126.947557,37.597095],[126.947673,37.597271],[126.947849,37.59747],[126.947945,37.597548],[126.947872,37.597664],[126.947754,37.597734],[126.947738,37.597788],[126.947706,37.597803],[126.94767,37.597823],[126.947516,37.597904],[126.947442,37.597943],[126.9473,37.597769],[126.947258,37.597798],[126.947228,37.597812],[126.947225,37.597807],[126.947154,37.597833],[126.947149,37.597835],[126.947157,37.597844],[126.947138,37.597855],[126.94715,37.597872],[126.947106,37.597895],[126.947111,37.5979],[126.947003,37.597962]]]]},"properties":{"program":"신속통합기획","site":"홍제동 287-118","selected":"2024.12 수시선정","address":"서대문구 홍제동 287-118","area_m2":15345.0,"boundary_source":"토지거래허가구역"}},{"type":"Feature","geometry":{"type":"MultiPolygon","coordinates":[[[[127.030921,37.61515],[127.030921,37.615172],[127.030922,37.615186],[127.030922,37.615192],[127.030924,37.615212],[127.030939,37.615305],[127.030942,37.615322],[127.030949,37.615366],[127.030964,37.615464],[127.030965,37.615476],[127.030991,37.615502],[127.031098,37.615507],[127.031147,37.615509],[127.03126,37.615514],[127.031308,37.615516],[127.031509,37.615525],[127.031608,37.615529],[127.031622,37.61553],[127.031659,37.615537],[127.031686,37.615553],[127.031827,37.615559],[127.031973,37.615564],[127.032062,37.615569],[127.032185,37.615572],[127.032311,37.615574],[127.032334,37.615562],[127.032331,37.615624],[127.032327,37.615713],[127.032327,37.615716],[127.032321,37.615814],[127.032316,37.615894],[127.032311,37.615976],[127.03231,37.615985],[127.032304,37.616062],[127.032298,37.616145],[127.032297,37.616154],[127.032291,37.616227],[127.032291,37.616228],[127.032291,37.616234],[127.032283,37.616312],[127.032274,37.616405],[127.032346,37.616406],[127.032517,37.616408],[127.032711,37.616409],[127.032751,37.61641],[127.032771,37.61641],[127.03298,37.616419],[127.03307,37.616418],[127.033232,37.616424],[127.033277,37.616425],[127.033367,37.616368],[127.033374,37.616294],[127.033389,37.616172],[127.033405,37.616071],[127.033421,37.615974],[127.033429,37.615876],[127.033435,37.615841],[127.03343,37.61584],[127.033446,37.615724],[127.033462,37.615613],[127.033466,37.615588],[127.033472,37.615552],[127.033477,37.615552],[127.033482,37.615509],[127.033486,37.615473],[127.033497,37.615386],[127.033502,37.615342],[127.033515,37.615239],[127.033527,37.615145],[127.033529,37.615129],[127.033536,37.61507],[127.033542,37.615034],[127.033563,37.614908],[127.033565,37.614909],[127.033569,37.61488],[127.033569,37.614878],[127.03358,37.614814],[127.033589,37.614757],[127.033619,37.614631],[127.033652,37.614511],[127.033686,37.614387],[127.033693,37.61436],[127.03372,37.614254],[127.03375,37.614159],[127.03375,37.614158],[127.033788,37.614024],[127.033827,37.613844],[127.03384,37.613815],[127.033878,37.613732],[127.033868,37.613732],[127.033758,37.613732],[127.033768,37.613723],[127.033747,37.613701],[127.033707,37.613702],[127.033591,37.613704],[127.033547,37.613717],[127.03343,37.613721],[127.033316,37.613725],[127.033282,37.613732],[127.033163,37.613734],[127.033041,37.613736],[127.033005,37.613735],[127.032834,37.613743],[127.032835,37.613769],[127.0328,37.613766],[127.032792,37.613778],[127.032767,37.613767],[127.032765,37.613766],[127.032754,37.613761],[127.032727,37.613755],[127.0327,37.613748],[127.032695,37.613753],[127.032682,37.613768],[127.03266,37.613792],[127.032553,37.613807],[127.032424,37.613827],[127.032372,37.613843],[127.032281,37.613807],[127.032176,37.613765],[127.032141,37.613751],[127.032042,37.613707],[127.031922,37.613654],[127.031896,37.613646],[127.031809,37.613608],[127.031719,37.613569],[127.03169,37.613555],[127.031679,37.613569],[127.031674,37.613576],[127.031618,37.613657],[127.031596,37.613647],[127.031542,37.61373],[127.031498,37.613711],[127.031414,37.613839],[127.031362,37.613917],[127.031293,37.614021],[127.031271,37.614054],[127.031278,37.614084],[127.031277,37.614085],[127.031201,37.614206],[127.031197,37.61419],[127.031189,37.614194],[127.031051,37.614148],[127.031051,37.61415],[127.03105,37.614181],[127.031049,37.614214],[127.031021,37.614275],[127.031026,37.614281],[127.030992,37.61441],[127.030972,37.614505],[127.030962,37.614595],[127.030959,37.614682],[127.030958,37.614691],[127.030944,37.614891],[127.030936,37.61499],[127.030935,37.615003],[127.030926,37.61509],[127.030921,37.61515]]]]},"properties":{"program":"신속통합기획","site":"미아동 75","selected":"2025.02 수시선정","address":"강북구 미아동 75","area_m2":55000.69,"boundary_source":"토지거래허가구역"}},{"type":"Feature","geometry":{"type":"MultiPolygon","coordinates":[[[[126.990837,37.533636],[126.990936,37.533695],[126.990997,37.533666],[126.991025,37.53367],[126.991075,37.533652],[126.991078,37.533625],[126.99109,37.533638],[126.991156,37.533674],[126.991202,37.533616],[126.99124,37.533585],[126.991251,37.533577],[126.991321,37.533527],[126.991393,37.533523],[126.991405,37.533546],[126.99143,37.533631],[126.991471,37.533681],[126.991622,37.533513],[126.991663,37.533532],[126.991663,37.533508],[126.991814,37.533533],[126.991813,37.533571],[126.991954,37.533592],[126.991983,37.533597],[126.992086,37.533607],[126.992114,37.5336],[126.992201,37.53355],[126.992251,37.533552],[126.992272,37.533559],[126.992357,37.533564],[126.992436,37.533567],[126.992522,37.533572],[126.992601,37.533575],[126.992678,37.533579],[126.992709,37.533545],[126.992764,37.533558],[126.992836,37.533544],[126.992987,37.533517],[126.993105,37.533503],[126.993125,37.533501],[126.993133,37.533501],[126.993257,37.533482],[126.993294,37.53345],[126.99331,37.533437],[126.99334,37.533443],[126.993408,37.533438],[126.993405,37.533382],[126.993397,37.533345],[126.993418,37.533341],[126.993424,37.533312],[126.993429,37.533279],[126.99344,37.533203],[126.993467,37.533209],[126.993483,37.533213],[126.993484,37.533215],[126.993581,37.533241],[126.993637,37.533256],[126.993676,37.533266],[126.99369,37.533231],[126.993721,37.533133],[126.993724,37.53312],[126.993717,37.532975],[126.993699,37.532938],[126.993764,37.532926],[126.993912,37.532899],[126.993914,37.532861],[126.993916,37.532842],[126.994003,37.532857],[126.994073,37.532845],[126.994168,37.53283],[126.994181,37.532828],[126.994175,37.532803],[126.994214,37.532804],[126.994294,37.532806],[126.994342,37.532809],[126.99442,37.532814],[126.994431,37.532815],[126.994437,37.5328],[126.994485,37.532678],[126.994535,37.532543],[126.994553,37.532536],[126.994557,37.532522],[126.994583,37.532426],[126.9946,37.532371],[126.994635,37.532268],[126.994642,37.532248],[126.994653,37.532215],[126.994405,37.532026],[126.9944,37.532017],[126.994408,37.532019],[126.994491,37.532014],[126.994517,37.532018],[126.994509,37.531954],[126.99442,37.531959],[126.994384,37.531959],[126.99447,37.531924],[126.994488,37.531917],[126.994568,37.531876],[126.994506,37.531833],[126.994506,37.531817],[126.994513,37.5318],[126.994609,37.531733],[126.994552,37.531686],[126.994517,37.531678],[126.994472,37.531639],[126.994414,37.531623],[126.994392,37.531606],[126.994343,37.531579],[126.994331,37.531588],[126.994303,37.531574],[126.994249,37.531542],[126.994199,37.531604],[126.994158,37.531649],[126.994145,37.53166],[126.994089,37.531707],[126.994007,37.531785],[126.993993,37.531804],[126.993971,37.531806],[126.993946,37.531809],[126.993891,37.531771],[126.993852,37.531821],[126.993841,37.531842],[126.993808,37.531878],[126.993799,37.531872],[126.993786,37.531889],[126.993746,37.531865],[126.993752,37.531881],[126.993664,37.531974],[126.993634,37.532005],[126.993551,37.5321],[126.993533,37.532089],[126.993513,37.532081],[126.993463,37.53208],[126.993444,37.532028],[126.993428,37.531998],[126.993342,37.531985],[126.993311,37.531971],[126.993275,37.531951],[126.993196,37.531938],[126.99318,37.531921],[126.993136,37.531877],[126.993044,37.531824],[126.993008,37.53179],[126.992957,37.531762],[126.992902,37.531776],[126.992735,37.531816],[126.992695,37.531826],[126.992412,37.531891],[126.992233,37.531937],[126.992238,37.531942],[126.992239,37.53197],[126.992228,37.531996],[126.992207,37.532137],[126.992207,37.532147],[126.992218,37.532153],[126.992244,37.532202],[126.99225,37.532211],[126.99225,37.532214],[126.992159,37.532244],[126.992137,37.532234],[126.992123,37.532282],[126.992068,37.532276],[126.992045,37.532272],[126.992022,37.53226],[126.992003,37.532237],[126.991978,37.532228],[126.991959,37.532239],[126.991892,37.532206],[126.991893,37.532203],[126.991855,37.532177],[126.991888,37.532235],[126.991864,37.53226],[126.991778,37.532311],[126.991789,37.532318],[126.991738,37.53235],[126.991677,37.532321],[126.991633,37.532302],[126.991567,37.532374],[126.991484,37.53244],[126.991433,37.532486],[126.991406,37.532529],[126.991367,37.532586],[126.991323,37.532658],[126.991296,37.532721],[126.991297,37.532742],[126.991298,37.532829],[126.991307,37.532874],[126.991329,37.532964],[126.991426,37.533036],[126.991413,37.533064],[126.99135,37.53313],[126.991337,37.533144],[126.991329,37.533157],[126.991292,37.533197],[126.991228,37.533256],[126.991209,37.533264],[126.991159,37.533312],[126.991145,37.533324],[126.991105,37.533366],[126.99106,37.533384],[126.990992,37.533452],[126.990961,37.533482],[126.990878,37.53357],[126.99087,37.533579],[126.990837,37.533636]]]]},"properties":{"program":"신속통합기획","site":"이태원동 730","selected":"2025.02 수시선정","address":"용산구 이태원동 730","area_m2":44034.94,"boundary_source":"토지거래허가구역"}},{"type":"Feature","geometry":{"type":"MultiPolygon","coordinates":[[[[126.931573,37.465645],[126.931597,37.465669],[126.931699,37.465775],[126.931747,37.465799],[126.931882,37.465864],[126.931932,37.465873],[126.932116,37.465909],[126.932276,37.465939],[126.932337,37.465951],[126.932329,37.465993],[126.93237,37.466077],[126.932507,37.466076],[126.93259,37.466075],[126.932697,37.466084],[126.932742,37.466087],[126.932923,37.466101],[126.933111,37.466116],[126.933154,37.466119],[126.933402,37.466139],[126.933527,37.466045],[126.933624,37.46596],[126.933624,37.465957],[126.933627,37.465933],[126.933632,37.465887],[126.933657,37.465662],[126.93366,37.46562],[126.933661,37.465617],[126.933665,37.465569],[126.933691,37.465203],[126.933727,37.464774],[126.933756,37.464369],[126.933482,37.464356],[126.933294,37.464346],[126.933245,37.464342],[126.933246,37.464288],[126.933257,37.464157],[126.933266,37.46403],[126.933269,37.463986],[126.933273,37.463929],[126.933275,37.4639],[126.933277,37.463873],[126.93321,37.463766],[126.933135,37.46365],[126.933079,37.463562],[126.93284,37.463706],[126.932653,37.463824],[126.932547,37.4639],[126.932489,37.463942],[126.932419,37.46398],[126.932369,37.464008],[126.932315,37.464037],[126.932303,37.464043],[126.932213,37.464094],[126.932158,37.464138],[126.932088,37.464189],[126.932047,37.464186],[126.932028,37.464184],[126.931955,37.464136],[126.931948,37.464098],[126.931948,37.464098],[126.931935,37.464048],[126.93193,37.463999],[126.931927,37.463876],[126.931927,37.463867],[126.931767,37.46386],[126.931766,37.463869],[126.931756,37.463992],[126.931755,37.463996],[126.931747,37.464089],[126.931739,37.464176],[126.931737,37.464198],[126.931729,37.464262],[126.931723,37.46432],[126.931712,37.464432],[126.931695,37.46457],[126.931694,37.464576],[126.93166,37.464869],[126.931654,37.464915],[126.931649,37.464946],[126.931637,37.465057],[126.931626,37.465178],[126.931619,37.465239],[126.931616,37.465253],[126.931597,37.465429],[126.931591,37.46547],[126.931573,37.465645]]]]},"properties":{"program":"신속통합기획","site":"신림동 306","selected":"2025.02 수시선정","address":"관악구 신림동 306","area_m2":40437.0,"boundary_source":"토지거래허가구역"}},{"type":"Feature","geometry":{"type":"MultiPolygon","coordinates":[[[[126.913366,37.579643],[126.913386,37.579683],[126.913491,37.579719],[126.913608,37.579759],[126.913696,37.579789],[126.913812,37.579828],[126.913952,37.579877],[126.914072,37.579918],[126.914231,37.579973],[126.914349,37.580013],[126.914471,37.580055],[126.914605,37.580105],[126.914678,37.580131],[126.914789,37.580169],[126.914832,37.580184],[126.914942,37.580222],[126.915038,37.580255],[126.915121,37.580283],[126.915235,37.580323],[126.915332,37.580357],[126.915419,37.580387],[126.915539,37.580429],[126.915642,37.580344],[126.915738,37.580264],[126.915835,37.580183],[126.91588,37.580145],[126.915933,37.580101],[126.915949,37.580085],[126.915952,37.580082],[126.915976,37.580062],[126.916086,37.579969],[126.916118,37.579942],[126.916161,37.579907],[126.916216,37.579838],[126.916226,37.579825],[126.916233,37.579817],[126.916236,37.579812],[126.916275,37.579763],[126.916277,37.579726],[126.916248,37.579691],[126.916163,37.579661],[126.916089,37.579636],[126.916016,37.57961],[126.915935,37.579582],[126.915881,37.579564],[126.915844,37.579551],[126.915735,37.579514],[126.915712,37.579506],[126.915606,37.579469],[126.915573,37.579457],[126.915466,37.57942],[126.915432,37.579409],[126.915324,37.579371],[126.915292,37.57936],[126.915174,37.579318],[126.915135,37.579304],[126.915055,37.579275],[126.914965,37.579264],[126.914932,37.579191],[126.914903,37.579127],[126.914872,37.579057],[126.914899,37.579038],[126.914855,37.578939],[126.914829,37.578881],[126.914817,37.578855],[126.914789,37.578788],[126.914779,37.578767],[126.914777,37.578768],[126.914761,37.578726],[126.914733,37.578708],[126.914547,37.578744],[126.914498,37.578749],[126.914393,37.578769],[126.914306,37.578671],[126.914287,37.578589],[126.914284,37.57856],[126.914266,37.578502],[126.914265,37.578499],[126.914241,37.578388],[126.91418,37.578464],[126.914105,37.578561],[126.914028,37.578661],[126.913953,37.578755],[126.913883,37.578845],[126.913809,37.578938],[126.913809,37.578938],[126.91375,37.579017],[126.913707,37.579075],[126.913671,37.579121],[126.913645,37.579154],[126.913573,37.579248],[126.913502,37.579336],[126.91352,37.579344],[126.913456,37.57944],[126.913378,37.579555],[126.91341,37.579566],[126.913366,37.579643]]]]},"properties":{"program":"신속통합기획","site":"북가좌동 74-107","selected":"2025.02 수시선정","address":"서대문구 북가좌동 74-107","area_m2":26163.6,"boundary_source":"토지거래허가구역"}},{"type":"Feature","geometry":{"type":"MultiPolygon","coordinates":[[[[127.075313,37.561863],[127.075481,37.56216],[127.075537,37.56226],[127.075723,37.562587],[127.075815,37.562751],[127.075865,37.56284],[127.075915,37.562928],[127.075954,37.562996],[127.075988,37.563056],[127.076033,37.563135],[127.076094,37.563242],[127.076112,37.563275],[127.076173,37.563383],[127.07624,37.563503],[127.076364,37.563724],[127.076438,37.563853],[127.076486,37.563938],[127.076526,37.56401],[127.076629,37.564047],[127.07669,37.564031],[127.076817,37.563997],[127.076956,37.56396],[127.07711,37.563919],[127.077196,37.563896],[127.077387,37.563842],[127.077486,37.563815],[127.077692,37.563759],[127.077752,37.563739],[127.077866,37.563699],[127.077979,37.563661],[127.078091,37.563622],[127.078113,37.563615],[127.078207,37.563582],[127.078296,37.563552],[127.078385,37.563521],[127.078447,37.5635],[127.078583,37.563453],[127.078602,37.563446],[127.07869,37.563415],[127.078768,37.563388],[127.078788,37.563381],[127.07888,37.563349],[127.079004,37.563306],[127.079064,37.563285],[127.079153,37.563254],[127.07924,37.563224],[127.079328,37.563193],[127.079418,37.563162],[127.079522,37.563126],[127.079567,37.563111],[127.079612,37.563037],[127.079521,37.562876],[127.079479,37.5628],[127.079431,37.562713],[127.079422,37.562696],[127.079375,37.562612],[127.079281,37.562441],[127.079268,37.562418],[127.079222,37.562333],[127.079215,37.562322],[127.079208,37.562307],[127.079162,37.562225],[127.079003,37.561935],[127.078967,37.561871],[127.078915,37.561777],[127.078861,37.561679],[127.078852,37.561661],[127.07878,37.56153],[127.078719,37.561421],[127.078647,37.56129],[127.078627,37.561253],[127.078596,37.561196],[127.078577,37.56116],[127.07853,37.561074],[127.078483,37.560989],[127.078434,37.560901],[127.078376,37.560796],[127.078228,37.560848],[127.07807,37.560903],[127.07803,37.560917],[127.07792,37.560955],[127.077831,37.560987],[127.077701,37.561034],[127.077621,37.561061],[127.077514,37.561098],[127.077406,37.561135],[127.077299,37.561172],[127.077211,37.561202],[127.077185,37.561211],[127.077075,37.561249],[127.07706,37.561254],[127.077032,37.561263],[127.076929,37.561299],[127.076906,37.561307],[127.076802,37.561343],[127.07653,37.561438],[127.076396,37.561485],[127.076299,37.561521],[127.076189,37.561561],[127.076076,37.561602],[127.076045,37.561613],[127.075962,37.561643],[127.075804,37.561693],[127.075712,37.561725],[127.075582,37.56177],[127.075313,37.561863]]]]},"properties":{"program":"신속통합기획","site":"중곡동 254-15","selected":"2025.02 수시선정","address":"광진구 중곡동 254-15","area_m2":81343.9,"boundary_source":"토지거래허가구역"}},{"type":"Feature","geometry":{"type":"MultiPolygon","coordinates":[[[[126.845333,37.504511],[126.845411,37.504537],[126.845498,37.504567],[126.845728,37.504637],[126.845827,37.504669],[126.845905,37.504695],[126.846053,37.504744],[126.846147,37.504776],[126.846258,37.504803],[126.846309,37.504818],[126.846424,37.504852],[126.846476,37.504867],[126.846594,37.5049],[126.846879,37.504996],[126.847036,37.505049],[126.847141,37.505084],[126.847158,37.505085],[126.847173,37.50509],[126.847314,37.505137],[126.84735,37.505148],[126.847472,37.505188],[126.847497,37.505198],[126.847577,37.505225],[126.847614,37.505229],[126.84765,37.505232],[126.847642,37.505243],[126.847706,37.505262],[126.847837,37.505299],[126.847913,37.505357],[126.847933,37.505289],[126.847995,37.505168],[126.848,37.50516],[126.848041,37.505075],[126.848089,37.504982],[126.848132,37.504898],[126.848173,37.504818],[126.84818,37.504802],[126.848229,37.504706],[126.84827,37.504626],[126.848289,37.50459],[126.848313,37.504543],[126.848356,37.504459],[126.848397,37.504379],[126.848438,37.504296],[126.848488,37.504204],[126.848542,37.504097],[126.848609,37.503964],[126.848632,37.503922],[126.848658,37.503874],[126.848683,37.503814],[126.848728,37.503734],[126.848774,37.503647],[126.848806,37.50359],[126.848845,37.50351],[126.848891,37.503419],[126.848923,37.50336],[126.848966,37.50328],[126.84901,37.503199],[126.849039,37.503141],[126.849082,37.503056],[126.849124,37.502973],[126.849156,37.50292],[126.849201,37.502833],[126.849249,37.502746],[126.849298,37.502737],[126.849191,37.502698],[126.849091,37.502661],[126.848884,37.502584],[126.848874,37.502577],[126.84883,37.502544],[126.848689,37.502493],[126.848528,37.502434],[126.848495,37.502423],[126.848306,37.502346],[126.848286,37.502339],[126.84826,37.502331],[126.848117,37.502279],[126.847958,37.502222],[126.847941,37.502216],[126.847924,37.50221],[126.847882,37.502195],[126.847758,37.502148],[126.847785,37.50215],[126.847618,37.502087],[126.847445,37.50202],[126.847295,37.501964],[126.847182,37.501924],[126.847065,37.50188],[126.847042,37.501873],[126.847,37.501858],[126.846963,37.501845],[126.846819,37.501792],[126.846673,37.501739],[126.846607,37.501884],[126.846186,37.502755],[126.846109,37.502914],[126.846001,37.503139],[126.845943,37.503258],[126.845931,37.503283],[126.845897,37.503347],[126.845656,37.503846],[126.845603,37.503957],[126.845597,37.503968],[126.845589,37.503985],[126.845581,37.504002],[126.845573,37.504019],[126.845564,37.504036],[126.845556,37.504053],[126.845548,37.504069],[126.84554,37.504086],[126.845532,37.504103],[126.845524,37.50412],[126.845515,37.504137],[126.845507,37.504153],[126.845499,37.50417],[126.845491,37.504187],[126.845483,37.504204],[126.845474,37.504221],[126.845466,37.504237],[126.845458,37.504254],[126.84545,37.504271],[126.845442,37.504288],[126.845433,37.504305],[126.845425,37.504321],[126.845417,37.504338],[126.845409,37.504355],[126.845401,37.504372],[126.845393,37.504389],[126.845384,37.504405],[126.845376,37.504422],[126.845368,37.504439],[126.84536,37.504456],[126.845352,37.504473],[126.845343,37.504489],[126.845335,37.504506],[126.845333,37.504511]]]]},"properties":{"program":"신속통합기획","site":"개봉동 120-1","selected":"2025.02 수시선정","address":"구로구 개봉동 120-1","area_m2":76163.5,"boundary_source":"토지거래허가구역"}},{"type":"Feature","geometry":{"type":"MultiPolygon","coordinates":[[[[126.880394,37.487634],[126.880418,37.487669],[126.880453,37.48774],[126.880512,37.487841],[126.880515,37.487847],[126.880515,37.487847],[126.880572,37.487945],[126.880588,37.487973],[126.880602,37.487996],[126.880628,37.488062],[126.880632,37.488071],[126.880641,37.488093],[126.880762,37.488126],[126.880809,37.488138],[126.880874,37.488156],[126.880948,37.488178],[126.881003,37.488195],[126.881019,37.488197],[126.881037,37.488198],[126.881202,37.48821],[126.881246,37.488213],[126.881361,37.488221],[126.881423,37.488225],[126.881451,37.488227],[126.881427,37.488209],[126.881483,37.488153],[126.881513,37.488125],[126.881556,37.48808],[126.881561,37.488083],[126.881546,37.487986],[126.881543,37.487969],[126.881554,37.487968],[126.881546,37.487861],[126.881695,37.487862],[126.881719,37.487862],[126.88183,37.487864],[126.882037,37.48786],[126.882248,37.488125],[126.882314,37.488252],[126.882366,37.488296],[126.882432,37.488323],[126.882433,37.488334],[126.882605,37.488338],[126.882716,37.488339],[126.882787,37.488343],[126.882903,37.488342],[126.88292,37.488341],[126.883034,37.488341],[126.883145,37.48834],[126.883163,37.48834],[126.883269,37.48834],[126.883282,37.48834],[126.88339,37.488339],[126.883507,37.488337],[126.883584,37.488338],[126.883696,37.488337],[126.883708,37.488337],[126.883818,37.488336],[126.883922,37.488336],[126.883941,37.488337],[126.884056,37.488336],[126.884166,37.488335],[126.884181,37.488335],[126.884286,37.488335],[126.884353,37.488333],[126.884469,37.488331],[126.884501,37.488327],[126.88452,37.488274],[126.884543,37.488211],[126.884547,37.488199],[126.884576,37.488121],[126.884624,37.487989],[126.884672,37.487857],[126.884674,37.487853],[126.88471,37.487787],[126.884734,37.487725],[126.884759,37.487668],[126.884782,37.48761],[126.884806,37.487554],[126.884828,37.4875],[126.884851,37.487442],[126.88488,37.487376],[126.884917,37.487281],[126.884688,37.487281],[126.884573,37.487282],[126.884459,37.487282],[126.884351,37.487282],[126.884281,37.487281],[126.884089,37.487283],[126.883992,37.487284],[126.883991,37.487284],[126.883972,37.487284],[126.883947,37.487284],[126.883835,37.487286],[126.883818,37.487286],[126.883706,37.487288],[126.883695,37.487289],[126.883675,37.48729],[126.883659,37.48729],[126.883558,37.48729],[126.883484,37.487291],[126.883483,37.487236],[126.883482,37.48718],[126.883482,37.487114],[126.883482,37.487098],[126.883482,37.487004],[126.883481,37.486993],[126.883481,37.486992],[126.88348,37.486933],[126.88348,37.486917],[126.883478,37.486856],[126.883477,37.486798],[126.883473,37.48669],[126.883396,37.486668],[126.883366,37.486658],[126.883311,37.486641],[126.883252,37.486625],[126.883123,37.486613],[126.8831,37.486612],[126.88304,37.486615],[126.882997,37.486629],[126.882976,37.486636],[126.882949,37.486641],[126.882852,37.486677],[126.882797,37.486746],[126.88275,37.486804],[126.882722,37.486839],[126.882699,37.486857],[126.882574,37.486874],[126.882457,37.486889],[126.882344,37.486899],[126.882284,37.486906],[126.882282,37.486907],[126.882231,37.486913],[126.882218,37.486915],[126.882136,37.486928],[126.882125,37.48693],[126.882103,37.486933],[126.882101,37.486933],[126.882031,37.486942],[126.882008,37.486946],[126.882003,37.486947],[126.881897,37.487034],[126.881893,37.487038],[126.88185,37.487074],[126.88182,37.487097],[126.881736,37.487127],[126.881672,37.48715],[126.881665,37.487212],[126.881673,37.487277],[126.881681,37.487308],[126.881608,37.487301],[126.881483,37.487311],[126.881521,37.487419],[126.881522,37.487425],[126.881409,37.48744],[126.881407,37.487407],[126.8813,37.48742],[126.881307,37.487524],[126.881188,37.487532],[126.881168,37.487534],[126.881114,37.48754],[126.881065,37.48755],[126.88105,37.487563],[126.881065,37.487576],[126.881044,37.487586],[126.880984,37.487522],[126.880971,37.487505],[126.880966,37.487516],[126.880942,37.487562],[126.880847,37.487515],[126.880845,37.487529],[126.880748,37.487517],[126.88069,37.487509],[126.880653,37.487504],[126.880556,37.487492],[126.88053,37.487488],[126.880497,37.487507],[126.880428,37.487548],[126.88041,37.48757],[126.880394,37.487634]]]]},"properties":{"program":"신속통합기획","site":"구로동 719","selected":"2025.02 수시선정","address":"구로구 구로동 719","area_m2":44231.9,"boundary_source":"토지거래허가구역"}},{"type":"Feature","geometry":{"type":"MultiPolygon","coordinates":[[[[126.970922,37.479186],[126.97126,37.479802],[126.971268,37.479817],[126.971325,37.479919],[126.971335,37.479936],[126.971366,37.479992],[126.971401,37.480053],[126.971473,37.480163],[126.971537,37.480274],[126.971541,37.480281],[126.971539,37.480292],[126.971573,37.480341],[126.97158,37.480349],[126.971608,37.480397],[126.971611,37.480402],[126.971662,37.48049],[126.971714,37.480582],[126.971768,37.480675],[126.971788,37.480712],[126.97181,37.480752],[126.971861,37.48084],[126.971879,37.480873],[126.971913,37.480931],[126.971914,37.480932],[126.971969,37.481026],[126.972023,37.481122],[126.972024,37.481123],[126.972069,37.481205],[126.97209,37.481244],[126.972135,37.48127],[126.972148,37.481329],[126.972149,37.481359],[126.972172,37.481401],[126.972237,37.481523],[126.972268,37.481581],[126.972275,37.481594],[126.972313,37.481666],[126.972429,37.481707],[126.972485,37.481724],[126.972512,37.481727],[126.972528,37.481729],[126.972649,37.481883],[126.972748,37.481982],[126.972757,37.481989],[126.972827,37.482064],[126.972894,37.482136],[126.972912,37.482155],[126.972986,37.482232],[126.973042,37.482291],[126.973076,37.482321],[126.973119,37.482378],[126.973149,37.482402],[126.973185,37.482429],[126.973178,37.482436],[126.973235,37.482478],[126.973261,37.482481],[126.973311,37.482457],[126.973389,37.482416],[126.973437,37.482391],[126.973493,37.482362],[126.973509,37.48235],[126.97358,37.482316],[126.973607,37.482307],[126.973657,37.482293],[126.973682,37.482286],[126.973806,37.482249],[126.973837,37.482241],[126.973867,37.482233],[126.973881,37.482223],[126.973917,37.482206],[126.973963,37.48217],[126.974049,37.482107],[126.974115,37.482048],[126.974131,37.482028],[126.974151,37.481998],[126.974143,37.48199],[126.974129,37.481987],[126.974051,37.481947],[126.973941,37.481926],[126.973735,37.481729],[126.973717,37.481714],[126.973699,37.481695],[126.973618,37.481586],[126.973617,37.481583],[126.97352,37.481425],[126.973416,37.481256],[126.973188,37.48088],[126.973169,37.480852],[126.973122,37.48078],[126.973096,37.480738],[126.973085,37.480718],[126.973051,37.480667],[126.973024,37.480627],[126.973024,37.480604],[126.973057,37.480585],[126.973138,37.480612],[126.973192,37.480578],[126.973219,37.48056],[126.973206,37.480556],[126.973211,37.480526],[126.973128,37.48042],[126.97311,37.480398],[126.973077,37.480348],[126.973052,37.480311],[126.973021,37.480268],[126.972965,37.480218],[126.972859,37.480122],[126.972761,37.480032],[126.972755,37.480028],[126.972653,37.479934],[126.97261,37.479895],[126.972545,37.479837],[126.972491,37.47979],[126.972442,37.479743],[126.972376,37.479683],[126.972338,37.479648],[126.972264,37.47958],[126.972234,37.479553],[126.972185,37.479508],[126.972092,37.479426],[126.971991,37.479483],[126.971792,37.479154],[126.971793,37.479189],[126.971757,37.479134],[126.971717,37.479069],[126.971678,37.479003],[126.971686,37.479006],[126.971741,37.479023],[126.971746,37.479012],[126.971827,37.478837],[126.971835,37.478815],[126.971845,37.478792],[126.971885,37.478708],[126.971896,37.478681],[126.971936,37.478642],[126.971954,37.47859],[126.97196,37.478573],[126.971905,37.478618],[126.971817,37.47869],[126.971768,37.478711],[126.971672,37.478754],[126.971582,37.478794],[126.971483,37.478838],[126.971458,37.478849],[126.971443,37.478855],[126.971349,37.478899],[126.971181,37.478975],[126.971066,37.479026],[126.970996,37.479058],[126.970922,37.479186]]]]},"properties":{"program":"신속통합기획","site":"사당동 305-35","selected":"2025.02 수시선정","address":"동작구 사당동 305-35","area_m2":41316.8,"boundary_source":"토지거래허가구역"}},{"type":"Feature","geometry":{"type":"MultiPolygon","coordinates":[[[[126.920064,37.623358],[126.920087,37.623603],[126.920087,37.623604],[126.920099,37.623726],[126.920113,37.623876],[126.920122,37.624024],[126.920137,37.624182],[126.920141,37.624222],[126.920149,37.624286],[126.920148,37.624319],[126.920146,37.624355],[126.920146,37.624392],[126.920158,37.62448],[126.920159,37.624493],[126.920177,37.62462],[126.920197,37.624901],[126.920217,37.625086],[126.920224,37.625152],[126.920256,37.625469],[126.920426,37.625452],[126.920501,37.625445],[126.920602,37.625435],[126.920622,37.625517],[126.920849,37.625451],[126.920907,37.625588],[126.920955,37.625704],[126.92095,37.625723],[126.920935,37.625731],[126.920964,37.625763],[126.92107,37.625903],[126.921117,37.625881],[126.921198,37.625835],[126.921261,37.625798],[126.921383,37.625727],[126.921492,37.625659],[126.921507,37.625649],[126.921544,37.625627],[126.921635,37.625572],[126.921722,37.625527],[126.921772,37.625499],[126.921793,37.625487],[126.921874,37.625444],[126.921868,37.625436],[126.921942,37.625397],[126.921954,37.625408],[126.922053,37.625403],[126.922071,37.625391],[126.92207,37.625318],[126.922113,37.625311],[126.922112,37.625296],[126.922293,37.625298],[126.922293,37.625259],[126.92229,37.625163],[126.92229,37.625143],[126.922456,37.625139],[126.92248,37.625144],[126.922499,37.625144],[126.922651,37.62514],[126.922649,37.625075],[126.922796,37.625072],[126.922836,37.625062],[126.922987,37.62506],[126.922988,37.625069],[126.92313,37.625066],[126.923128,37.624954],[126.923135,37.624954],[126.923122,37.624899],[126.923261,37.624869],[126.923378,37.624843],[126.923432,37.624831],[126.923415,37.6248],[126.923585,37.624774],[126.923622,37.624765],[126.923572,37.624677],[126.923507,37.624561],[126.923498,37.624542],[126.923429,37.624486],[126.923394,37.62451],[126.9234,37.624478],[126.923421,37.624456],[126.923355,37.624387],[126.923352,37.624391],[126.92335,37.624393],[126.923332,37.624336],[126.923327,37.624322],[126.923326,37.624321],[126.923259,37.624291],[126.923215,37.624279],[126.923208,37.624276],[126.923212,37.624261],[126.923229,37.624199],[126.923236,37.624175],[126.923257,37.6241],[126.923263,37.624079],[126.923296,37.623959],[126.923376,37.623961],[126.923434,37.623951],[126.923469,37.623859],[126.923513,37.623747],[126.923558,37.623635],[126.923605,37.623516],[126.92362,37.62348],[126.923647,37.623467],[126.923665,37.623422],[126.923709,37.623407],[126.923746,37.623379],[126.923746,37.623326],[126.923757,37.623328],[126.923844,37.623349],[126.923859,37.623353],[126.923922,37.623204],[126.924067,37.623237],[126.924195,37.623266],[126.924348,37.623303],[126.924373,37.623246],[126.924377,37.623238],[126.924414,37.623151],[126.924463,37.62304],[126.92449,37.622987],[126.924476,37.622982],[126.924499,37.622889],[126.924528,37.622829],[126.924642,37.622876],[126.924765,37.622901],[126.92485,37.622814],[126.924951,37.622706],[126.92498,37.62265],[126.925083,37.622525],[126.925109,37.622492],[126.925135,37.622503],[126.925182,37.622561],[126.925299,37.622596],[126.925323,37.622589],[126.925339,37.622623],[126.925424,37.622691],[126.925541,37.622746],[126.925615,37.622763],[126.925752,37.62283],[126.925819,37.622835],[126.925963,37.622922],[126.926111,37.622915],[126.926209,37.622935],[126.926265,37.622956],[126.926296,37.622989],[126.926305,37.622999],[126.926331,37.623012],[126.926351,37.623015],[126.926366,37.623048],[126.926391,37.623104],[126.926431,37.623124],[126.926455,37.623134],[126.926489,37.623148],[126.926576,37.623157],[126.926665,37.623148],[126.926771,37.623156],[126.926929,37.623135],[126.927077,37.623088],[126.92716,37.623069],[126.927161,37.623069],[126.927274,37.62303],[126.927314,37.623015],[126.92718,37.622819],[126.927161,37.622794],[126.927159,37.622791],[126.927019,37.622594],[126.926986,37.622547],[126.926916,37.622446],[126.926913,37.622444],[126.926889,37.622406],[126.926886,37.622402],[126.926812,37.622297],[126.926739,37.622191],[126.926665,37.622083],[126.92659,37.621974],[126.926515,37.62187],[126.92648,37.62182],[126.92644,37.621773],[126.926435,37.621766],[126.926304,37.621612],[126.926192,37.621529],[126.926176,37.621514],[126.926154,37.621493],[126.926125,37.621474],[126.926058,37.621427],[126.926035,37.621416],[126.92593,37.621359],[126.925818,37.621297],[126.925799,37.62129],[126.925759,37.621265],[126.925555,37.621162],[126.924951,37.620852],[126.924828,37.620852],[126.92475,37.620966],[126.9247,37.621038],[126.924655,37.621103],[126.924651,37.621113],[126.924642,37.62113],[126.92462,37.621168],[126.924581,37.621233],[126.924501,37.621321],[126.924467,37.621362],[126.924397,37.621445],[126.924322,37.621535],[126.924265,37.621615],[126.924206,37.621703],[126.924157,37.621774],[126.924098,37.621862],[126.924117,37.62188],[126.924072,37.621968],[126.924061,37.62199],[126.924052,37.621989],[126.924012,37.622069],[126.923966,37.622135],[126.923966,37.622177],[126.923966,37.622206],[126.923964,37.6223],[126.923963,37.622335],[126.92395,37.622335],[126.923944,37.622373],[126.923945,37.622422],[126.923938,37.622437],[126.923939,37.622451],[126.923941,37.622469],[126.923943,37.622485],[126.923949,37.622535],[126.923936,37.622554],[126.923933,37.622561],[126.923922,37.622586],[126.923934,37.622633],[126.923925,37.622686],[126.923903,37.622742],[126.923878,37.622802],[126.923874,37.622814],[126.92387,37.622858],[126.923868,37.622857],[126.923786,37.622872],[126.92367,37.622816],[126.923605,37.622785],[126.923575,37.622789],[126.923565,37.62279],[126.92353,37.622838],[126.923408,37.623004],[126.923226,37.622954],[126.923172,37.622939],[126.923099,37.622913],[126.923044,37.622977],[126.922981,37.623141],[126.922975,37.623164],[126.922958,37.623207],[126.922924,37.6233],[126.922925,37.623315],[126.92292,37.62334],[126.922913,37.623401],[126.922907,37.623447],[126.922896,37.623458],[126.922879,37.623474],[126.922859,37.623494],[126.922832,37.623522],[126.922839,37.623477],[126.922822,37.623466],[126.922711,37.623453],[126.922601,37.623441],[126.922513,37.623432],[126.922513,37.623432],[126.92239,37.623419],[126.922321,37.623406],[126.922313,37.62345],[126.922308,37.623453],[126.922376,37.623567],[126.922366,37.623561],[126.922351,37.623572],[126.922314,37.623598],[126.922319,37.623623],[126.922319,37.623629],[126.922328,37.623694],[126.92234,37.623795],[126.922223,37.62383],[126.922211,37.623833],[126.922094,37.623868],[126.922075,37.623872],[126.921941,37.623911],[126.921812,37.623949],[126.921785,37.623943],[126.921763,37.623907],[126.921703,37.623928],[126.921705,37.623928],[126.921727,37.623936],[126.921689,37.623955],[126.921604,37.624003],[126.921507,37.62406],[126.921498,37.624066],[126.921407,37.624121],[126.921387,37.624123],[126.921363,37.624113],[126.92127,37.624037],[126.921163,37.623952],[126.921159,37.623936],[126.921084,37.623876],[126.921065,37.623879],[126.921052,37.623873],[126.920899,37.623856],[126.92093,37.62383],[126.920825,37.623691],[126.92073,37.623566],[126.920649,37.623462],[126.920564,37.623352],[126.920554,37.623336],[126.920464,37.623302],[126.920323,37.623283],[126.920122,37.623252],[126.920092,37.623283],[126.920083,37.623382],[126.920064,37.623358]]]]},"properties":{"program":"신속통합기획","site":"불광동 359-1","selected":"2025.02 수시선정","address":"은평구 불광동 359-1","area_m2":104783.0,"boundary_source":"토지거래허가구역"}},{"type":"Feature","geometry":{"type":"MultiPolygon","coordinates":[[[[126.965065,37.547494],[126.96508,37.547603],[126.965081,37.547612],[126.965095,37.547725],[126.965109,37.547839],[126.965123,37.547948],[126.965124,37.547954],[126.965143,37.548094],[126.965148,37.548131],[126.965135,37.548133],[126.965118,37.548227],[126.965112,37.548252],[126.965108,37.54828],[126.965111,37.548322],[126.965118,37.548329],[126.965129,37.548331],[126.965159,37.548331],[126.965206,37.548331],[126.965276,37.548331],[126.965276,37.548305],[126.965275,37.548261],[126.965274,37.548257],[126.965274,37.548235],[126.965273,37.548204],[126.965273,37.548184],[126.965271,37.548115],[126.96527,37.548077],[126.965261,37.547995],[126.965256,37.547947],[126.965308,37.547945],[126.965309,37.547948],[126.965359,37.547943],[126.965359,37.547935],[126.965482,37.547923],[126.965494,37.547923],[126.965516,37.54792],[126.965528,37.547918],[126.965684,37.547902],[126.965761,37.547895],[126.965787,37.548054],[126.965788,37.548057],[126.965788,37.548076],[126.965625,37.548092],[126.965627,37.54816],[126.965636,37.548167],[126.965637,37.548327],[126.965773,37.548326],[126.965855,37.548322],[126.966,37.548323],[126.966138,37.548323],[126.966212,37.548322],[126.966369,37.548321],[126.96651,37.548321],[126.96659,37.548319],[126.966754,37.548317],[126.966779,37.548316],[126.96684,37.548316],[126.966909,37.548315],[126.966927,37.548303],[126.96692,37.548163],[126.96692,37.548161],[126.966917,37.548081],[126.966917,37.547999],[126.966905,37.54796],[126.9669,37.547846],[126.966896,37.547748],[126.966893,37.547689],[126.966887,37.547588],[126.966883,37.547487],[126.966878,37.547417],[126.966877,37.547428],[126.966865,37.547436],[126.96684,37.547437],[126.966753,37.547439],[126.966695,37.54744],[126.966545,37.547445],[126.966451,37.547448],[126.966443,37.547302],[126.966416,37.547308],[126.966376,37.547193],[126.966368,37.547166],[126.966599,37.547096],[126.966614,37.547095],[126.966614,37.547086],[126.966863,37.547078],[126.966866,37.547079],[126.966867,37.547095],[126.966869,37.547185],[126.96687,37.547201],[126.96687,37.547222],[126.966936,37.547208],[126.96694,37.547197],[126.966949,37.547188],[126.96697,37.547174],[126.967021,37.547147],[126.967079,37.547121],[126.967086,37.547242],[126.967073,37.547293],[126.96694,37.547294],[126.966946,37.54739],[126.966946,37.547397],[126.966947,37.547415],[126.966952,37.547514],[126.966958,37.547643],[126.966963,37.547742],[126.966969,37.547883],[126.966974,37.548005],[126.966981,37.548017],[126.966991,37.548023],[126.96714,37.548022],[126.967225,37.548021],[126.967304,37.54802],[126.967334,37.548019],[126.967504,37.548018],[126.967539,37.548018],[126.967666,37.548017],[126.967727,37.547994],[126.967878,37.547939],[126.967938,37.547917],[126.96795,37.547905],[126.967968,37.547897],[126.967978,37.547896],[126.968066,37.547869],[126.96813,37.547847],[126.968138,37.547838],[126.96813,37.547821],[126.96807,37.547751],[126.968039,37.547715],[126.968029,37.547687],[126.968001,37.547622],[126.967908,37.547656],[126.967903,37.547657],[126.967806,37.547689],[126.96778,37.547698],[126.967766,37.547706],[126.967734,37.54771],[126.967705,37.5477],[126.967679,37.54769],[126.96762,37.547633],[126.967659,37.547584],[126.967709,37.547519],[126.967749,37.547467],[126.967755,37.547459],[126.96777,37.54744],[126.967768,37.547387],[126.967898,37.547393],[126.967949,37.547405],[126.968011,37.547381],[126.968068,37.547613],[126.968069,37.547616],[126.968164,37.547591],[126.968166,37.547597],[126.968182,37.547594],[126.968331,37.54757],[126.968344,37.547469],[126.968394,37.547423],[126.968393,37.547389],[126.968287,37.547387],[126.968266,37.547386],[126.968227,37.547386],[126.968206,37.547238],[126.968215,37.547229],[126.968341,37.547232],[126.96848,37.547236],[126.968475,37.547159],[126.968471,37.547105],[126.968468,37.54709],[126.968462,37.547079],[126.968443,37.547072],[126.968343,37.547071],[126.96831,37.547017],[126.968327,37.547008],[126.968357,37.546951],[126.968389,37.546885],[126.968405,37.546857],[126.968438,37.5468],[126.968452,37.546776],[126.968485,37.546714],[126.968524,37.546639],[126.968516,37.546603],[126.968505,37.54652],[126.968502,37.546274],[126.96848,37.546109],[126.968315,37.546124],[126.968314,37.546111],[126.96816,37.546122],[126.968156,37.546105],[126.968154,37.546095],[126.968032,37.546103],[126.968024,37.546104],[126.9679,37.54606],[126.967876,37.546088],[126.967864,37.546104],[126.967865,37.546149],[126.967763,37.546139],[126.967712,37.546135],[126.96766,37.546137],[126.967585,37.546142],[126.967572,37.546143],[126.967564,37.546144],[126.967515,37.546147],[126.967432,37.546204],[126.967462,37.546246],[126.967474,37.546256],[126.967587,37.546242],[126.967683,37.54623],[126.967694,37.546241],[126.967752,37.546236],[126.967754,37.546256],[126.967893,37.546243],[126.967894,37.546245],[126.967986,37.546232],[126.968002,37.546299],[126.968019,37.546374],[126.968051,37.546375],[126.968145,37.546379],[126.968151,37.546446],[126.968159,37.546465],[126.96813,37.546519],[126.96812,37.546539],[126.968045,37.546529],[126.968,37.546519],[126.967949,37.546522],[126.967913,37.546535],[126.967891,37.546553],[126.967887,37.546559],[126.967884,37.546557],[126.967828,37.546552],[126.967795,37.546549],[126.967644,37.546579],[126.967591,37.54659],[126.967572,37.54655],[126.967559,37.546554],[126.967553,37.546555],[126.967515,37.546488],[126.967476,37.546415],[126.96747,37.546404],[126.967457,37.546383],[126.967425,37.546332],[126.967398,37.546285],[126.967394,37.546278],[126.967373,37.546243],[126.967368,37.546236],[126.967357,37.546238],[126.967298,37.546151],[126.967281,37.546093],[126.967248,37.546044],[126.96718,37.545939],[126.967165,37.545914],[126.967077,37.545943],[126.967025,37.545961],[126.967024,37.545988],[126.966836,37.545987],[126.966838,37.545897],[126.966777,37.545893],[126.966699,37.545889],[126.966703,37.545899],[126.966691,37.545918],[126.966676,37.545962],[126.966666,37.545972],[126.966661,37.545978],[126.966653,37.546032],[126.966663,37.546081],[126.966665,37.546095],[126.966662,37.546132],[126.966653,37.546184],[126.966618,37.546258],[126.96662,37.546287],[126.966548,37.546291],[126.966551,37.546282],[126.966483,37.54628],[126.966455,37.546292],[126.966394,37.546301],[126.966377,37.546377],[126.966204,37.546351],[126.966187,37.546348],[126.966132,37.546362],[126.966106,37.546358],[126.966092,37.546353],[126.966055,37.546352],[126.965959,37.546338],[126.965937,37.546405],[126.965939,37.54642],[126.965943,37.546436],[126.965939,37.546435],[126.965827,37.546503],[126.96583,37.546514],[126.965864,37.546664],[126.965906,37.546857],[126.965924,37.546934],[126.96593,37.546963],[126.965967,37.547128],[126.965906,37.547132],[126.965788,37.547141],[126.965665,37.547151],[126.965547,37.54716],[126.965424,37.54717],[126.965402,37.547171],[126.965378,37.547173],[126.965396,37.547302],[126.965406,37.547346],[126.96541,37.547356],[126.965411,37.547361],[126.965425,37.547468],[126.965338,37.547476],[126.965253,37.547484],[126.965252,37.547481],[126.965159,37.547487],[126.965065,37.547494]]]]},"properties":{"program":"신속통합기획","site":"청파동1가 97-35","selected":"2025.04 수시선정","address":"용산구 청파동1가 97-35","area_m2":49210.82,"boundary_source":"토지거래허가구역"}},{"type":"Feature","geometry":{"type":"MultiPolygon","coordinates":[[[[127.040191,37.614793],[127.040279,37.614929],[127.04034,37.615025],[127.040365,37.615064],[127.040417,37.615148],[127.040429,37.615167],[127.040486,37.615257],[127.040563,37.615379],[127.040634,37.615495],[127.040701,37.615605],[127.040778,37.615727],[127.040851,37.615847],[127.040917,37.61595],[127.040988,37.616061],[127.04105,37.616158],[127.041093,37.616225],[127.041176,37.616354],[127.041116,37.616416],[127.041122,37.616438],[127.04114,37.616502],[127.041141,37.616509],[127.041236,37.61658],[127.041377,37.616683],[127.041416,37.616718],[127.041459,37.616747],[127.0416,37.616842],[127.041693,37.616903],[127.041758,37.616946],[127.041866,37.617018],[127.041933,37.617063],[127.042033,37.617132],[127.042101,37.617185],[127.042156,37.617226],[127.042166,37.617233],[127.042194,37.617252],[127.042247,37.617289],[127.042317,37.617337],[127.042426,37.617413],[127.042535,37.617489],[127.042572,37.617515],[127.042625,37.617552],[127.04264,37.617554],[127.042652,37.61756],[127.042695,37.617521],[127.042759,37.617463],[127.042786,37.617437],[127.042879,37.617494],[127.042918,37.617516],[127.042917,37.617514],[127.043062,37.61759],[127.043144,37.617634],[127.043249,37.617689],[127.043333,37.617732],[127.043334,37.617691],[127.043405,37.617728],[127.043461,37.617756],[127.043595,37.617824],[127.043845,37.617954],[127.043923,37.617857],[127.044034,37.617727],[127.044097,37.617759],[127.04418,37.617663],[127.044241,37.617592],[127.044302,37.617522],[127.044363,37.617553],[127.044485,37.617616],[127.044608,37.617679],[127.044733,37.617743],[127.044887,37.617824],[127.044923,37.617806],[127.044922,37.617701],[127.04492,37.617579],[127.044919,37.617486],[127.044916,37.617372],[127.044915,37.617313],[127.044914,37.617304],[127.044914,37.61728],[127.044914,37.617143],[127.045022,37.617188],[127.045116,37.617229],[127.04523,37.61728],[127.045313,37.617317],[127.045422,37.617361],[127.04556,37.617419],[127.045708,37.61748],[127.045854,37.61752],[127.045923,37.617566],[127.045962,37.617582],[127.046007,37.617606],[127.046049,37.617615],[127.046077,37.617612],[127.046094,37.617611],[127.046233,37.617602],[127.046323,37.617573],[127.046301,37.617604],[127.046277,37.617632],[127.046263,37.617647],[127.046255,37.617657],[127.046217,37.617694],[127.046192,37.617735],[127.046205,37.617736],[127.046328,37.617746],[127.046367,37.617749],[127.046493,37.617757],[127.046447,37.617841],[127.046494,37.617842],[127.046523,37.617842],[127.046523,37.617867],[127.046711,37.617865],[127.046728,37.617892],[127.04678,37.617977],[127.046869,37.61795],[127.046873,37.617958],[127.046894,37.617953],[127.046937,37.618037],[127.047145,37.617987],[127.047166,37.617983],[127.047112,37.617884],[127.047101,37.617865],[127.047041,37.617706],[127.047034,37.617687],[127.047001,37.617604],[127.046952,37.617519],[127.046884,37.617418],[127.046845,37.61727],[127.046837,37.617214],[127.046822,37.617138],[127.046831,37.617095],[127.046812,37.617094],[127.046745,37.617088],[127.046654,37.61713],[127.046606,37.617153],[127.046524,37.617191],[127.046451,37.617234],[127.046337,37.617304],[127.046225,37.617373],[127.046101,37.617446],[127.046094,37.617436],[127.046082,37.617418],[127.046053,37.617405],[127.046038,37.617415],[127.04602,37.617398],[127.045986,37.617353],[127.045744,37.617395],[127.045727,37.61733],[127.045687,37.617178],[127.045675,37.617131],[127.045658,37.617061],[127.045623,37.616927],[127.045591,37.616794],[127.045542,37.616751],[127.045436,37.616631],[127.045366,37.616545],[127.045293,37.616455],[127.045193,37.616336],[127.045111,37.616246],[127.045046,37.616171],[127.044943,37.61605],[127.044871,37.615974],[127.044784,37.615877],[127.044687,37.615768],[127.044614,37.615685],[127.044532,37.615588],[127.044488,37.615597],[127.044521,37.615507],[127.044518,37.615471],[127.044451,37.615362],[127.044402,37.615286],[127.044343,37.615195],[127.044317,37.615145],[127.0443,37.61509],[127.044262,37.614975],[127.044236,37.614902],[127.044209,37.61482],[127.044182,37.614733],[127.044153,37.614643],[127.04412,37.614551],[127.044102,37.614456],[127.044082,37.614449],[127.044058,37.614442],[127.044032,37.614426],[127.043983,37.61443],[127.043901,37.614416],[127.043822,37.614368],[127.043751,37.614316],[127.043645,37.614259],[127.043639,37.614252],[127.043563,37.614211],[127.043411,37.614129],[127.043283,37.61406],[127.043281,37.614052],[127.043269,37.614044],[127.04324,37.614026],[127.043224,37.614027],[127.043115,37.613966],[127.042995,37.613983],[127.042925,37.613993],[127.042872,37.614001],[127.042724,37.614025],[127.042378,37.61409],[127.042208,37.614121],[127.042093,37.614143],[127.042006,37.614158],[127.041875,37.614183],[127.041874,37.614184],[127.041758,37.614206],[127.041653,37.614226],[127.041531,37.614249],[127.041428,37.614268],[127.041256,37.614302],[127.041155,37.614322],[127.04103,37.614348],[127.040934,37.614366],[127.040879,37.614377],[127.040814,37.61438],[127.040703,37.61439],[127.040683,37.61439],[127.040586,37.61439],[127.040527,37.61439],[127.040429,37.614376],[127.040313,37.614358],[127.040287,37.614402],[127.04039,37.614569],[127.040448,37.61466],[127.040456,37.614673],[127.040378,37.614706],[127.040368,37.614719],[127.040192,37.61479],[127.040191,37.614793]]]]},"properties":{"program":"신속통합기획","site":"장위동 219-90","selected":"2025.04 수시선정","address":"성북구 장위동 219-90","area_m2":131226.4,"boundary_source":"토지거래허가구역"}},{"type":"Feature","geometry":{"type":"MultiPolygon","coordinates":[[[[127.04325,37.613965],[127.043253,37.613981],[127.043384,37.614045],[127.043426,37.614067],[127.043466,37.614086],[127.043503,37.614109],[127.043656,37.614204],[127.043683,37.614203],[127.04378,37.614241],[127.043765,37.614249],[127.043765,37.614269],[127.043892,37.614343],[127.044032,37.614426],[127.044058,37.614442],[127.044082,37.614449],[127.044102,37.614456],[127.04412,37.614551],[127.044153,37.614643],[127.044182,37.614733],[127.044209,37.61482],[127.044236,37.614902],[127.044262,37.614975],[127.0443,37.61509],[127.044317,37.615145],[127.044343,37.615195],[127.044402,37.615286],[127.044451,37.615362],[127.044518,37.615471],[127.044553,37.615507],[127.044681,37.615654],[127.044769,37.615756],[127.044854,37.61585],[127.044953,37.615963],[127.044964,37.615976],[127.045042,37.616063],[127.045124,37.616157],[127.045223,37.61627],[127.045315,37.616376],[127.045374,37.616446],[127.045442,37.616529],[127.045453,37.61654],[127.045478,37.616572],[127.045536,37.616644],[127.045654,37.616751],[127.045656,37.61676],[127.045678,37.616839],[127.045679,37.616849],[127.045724,37.617023],[127.045749,37.61712],[127.045749,37.61712],[127.045751,37.617131],[127.045756,37.617144],[127.045769,37.617195],[127.045786,37.617262],[127.045819,37.617382],[127.045986,37.617353],[127.04602,37.617398],[127.046038,37.617415],[127.046049,37.617407],[127.046053,37.617405],[127.046082,37.617418],[127.046094,37.617436],[127.046101,37.617446],[127.046225,37.617373],[127.046337,37.617304],[127.046451,37.617234],[127.046524,37.617191],[127.046606,37.617153],[127.046654,37.61713],[127.046745,37.617088],[127.046812,37.617094],[127.046831,37.617095],[127.046824,37.61713],[127.046822,37.617139],[127.046837,37.617214],[127.046845,37.61727],[127.046884,37.617418],[127.046952,37.617519],[127.047001,37.617604],[127.047034,37.617687],[127.047041,37.617706],[127.047101,37.617865],[127.047112,37.617884],[127.047166,37.617983],[127.047191,37.61797],[127.047213,37.617946],[127.047401,37.617834],[127.047428,37.617818],[127.047597,37.617715],[127.047626,37.617697],[127.047819,37.617581],[127.047846,37.617565],[127.047964,37.617493],[127.047982,37.617482],[127.048063,37.617435],[127.048103,37.617431],[127.04814,37.617365],[127.048219,37.617321],[127.048357,37.617238],[127.048376,37.617226],[127.048474,37.617168],[127.048479,37.617165],[127.048536,37.61713],[127.048568,37.617109],[127.048589,37.617097],[127.048685,37.617038],[127.048793,37.616973],[127.04881,37.616962],[127.04891,37.616903],[127.049027,37.616832],[127.049137,37.616768],[127.049151,37.61668],[127.04909,37.616625],[127.048988,37.61653],[127.048968,37.616511],[127.048892,37.616441],[127.048804,37.616357],[127.048782,37.616337],[127.048688,37.616249],[127.048599,37.616165],[127.048585,37.616153],[127.048582,37.616151],[127.048573,37.61614],[127.048501,37.616058],[127.048403,37.616099],[127.048327,37.616137],[127.04842,37.616259],[127.048497,37.616362],[127.048553,37.616438],[127.048603,37.616503],[127.048613,37.616517],[127.048664,37.616584],[127.048756,37.616526],[127.048826,37.616598],[127.048771,37.616633],[127.048788,37.61665],[127.048812,37.616637],[127.048905,37.61673],[127.048803,37.616789],[127.048769,37.616756],[127.048659,37.616826],[127.04855,37.616897],[127.048445,37.616965],[127.048337,37.617028],[127.048231,37.617097],[127.047927,37.617286],[127.047922,37.617281],[127.047882,37.617253],[127.047792,37.617193],[127.047773,37.617181],[127.04779,37.617167],[127.047822,37.617149],[127.0478,37.61713],[127.047794,37.617122],[127.047754,37.617085],[127.047698,37.617032],[127.047682,37.617017],[127.047674,37.617009],[127.047668,37.616981],[127.047644,37.61687],[127.047639,37.61685],[127.047559,37.616803],[127.047549,37.616797],[127.047544,37.616789],[127.047505,37.616712],[127.047468,37.61664],[127.047458,37.616621],[127.047446,37.616599],[127.047558,37.616524],[127.047693,37.616448],[127.0477,37.616443],[127.047745,37.616424],[127.047765,37.61645],[127.047773,37.616448],[127.047856,37.616417],[127.047884,37.616404],[127.047886,37.616399],[127.047903,37.616369],[127.047907,37.616365],[127.047905,37.616338],[127.047964,37.616288],[127.048026,37.616233],[127.048042,37.616219],[127.048084,37.616187],[127.048124,37.616166],[127.04821,37.616123],[127.048331,37.61606],[127.048411,37.616021],[127.048459,37.616009],[127.048406,37.61593],[127.048384,37.615893],[127.048378,37.615884],[127.04837,37.615868],[127.048336,37.615788],[127.048322,37.615757],[127.048313,37.615728],[127.048305,37.615702],[127.048298,37.61568],[127.048281,37.615617],[127.048277,37.615556],[127.048274,37.615456],[127.048273,37.61536],[127.04827,37.6153],[127.048275,37.615189],[127.048282,37.615087],[127.048291,37.615026],[127.048309,37.61493],[127.048311,37.614922],[127.048352,37.614823],[127.048384,37.614746],[127.048422,37.614652],[127.048347,37.614652],[127.048342,37.614648],[127.048215,37.614653],[127.048197,37.614539],[127.048202,37.614499],[127.048327,37.614494],[127.048323,37.614375],[127.048394,37.614373],[127.048566,37.614368],[127.048609,37.614284],[127.048599,37.614265],[127.048575,37.614263],[127.048556,37.614264],[127.048495,37.614265],[127.048489,37.614107],[127.048641,37.614102],[127.048636,37.613989],[127.048603,37.613952],[127.048598,37.613831],[127.048597,37.613812],[127.048589,37.613685],[127.04845,37.613697],[127.048295,37.613712],[127.048155,37.613727],[127.04816,37.613849],[127.048013,37.613855],[127.048006,37.613743],[127.04787,37.613757],[127.047876,37.613859],[127.047713,37.613865],[127.047628,37.613869],[127.047582,37.61387],[127.047551,37.613871],[127.047548,37.613944],[127.047421,37.61394],[127.047415,37.613938],[127.047277,37.613934],[127.047278,37.613917],[127.047287,37.613815],[127.047142,37.613829],[127.047042,37.613839],[127.046991,37.613843],[127.046916,37.613858],[127.046708,37.613877],[127.046561,37.613892],[127.046419,37.613906],[127.046278,37.613921],[127.046108,37.613938],[127.046092,37.613939],[127.046003,37.613943],[127.045898,37.613944],[127.045775,37.613946],[127.045627,37.613947],[127.045507,37.613948],[127.045414,37.613948],[127.045292,37.613949],[127.045151,37.613951],[127.045006,37.613953],[127.044855,37.613956],[127.044809,37.613954],[127.044654,37.613958],[127.044506,37.613959],[127.044359,37.61396],[127.04422,37.61396],[127.04417,37.613961],[127.044024,37.613962],[127.043989,37.613963],[127.043824,37.613963],[127.043503,37.613964],[127.043292,37.613965],[127.04325,37.613965]],[[127.046944,37.615806],[127.046878,37.615767],[127.046857,37.615754],[127.046766,37.615692],[127.046676,37.61563],[127.046573,37.61556],[127.046536,37.615535],[127.046496,37.615506],[127.046466,37.615484],[127.0464,37.615418],[127.046344,37.615359],[127.046336,37.615351],[127.046278,37.615274],[127.046262,37.61525],[127.046227,37.615167],[127.0462,37.615102],[127.046192,37.615088],[127.046182,37.61507],[127.046136,37.614992],[127.046116,37.614956],[127.046116,37.614952],[127.046134,37.614949],[127.046272,37.614931],[127.046278,37.614966],[127.046294,37.614965],[127.046298,37.614993],[127.046425,37.61498],[127.046685,37.614952],[127.046721,37.614888],[127.046762,37.614815],[127.046812,37.614725],[127.046869,37.614626],[127.046917,37.614501],[127.046949,37.614385],[127.046979,37.614375],[127.047092,37.614378],[127.047241,37.614381],[127.047392,37.614388],[127.047508,37.614392],[127.047533,37.614411],[127.047532,37.614532],[127.047537,37.614533],[127.04753,37.614641],[127.047528,37.614665],[127.047526,37.614766],[127.047525,37.614882],[127.047525,37.614919],[127.047504,37.615049],[127.047486,37.615155],[127.047463,37.615266],[127.047443,37.615363],[127.047443,37.615365],[127.047443,37.615371],[127.047488,37.615485],[127.047507,37.615533],[127.047545,37.615629],[127.047557,37.615666],[127.047555,37.615676],[127.047554,37.615679],[127.047529,37.615741],[127.04751,37.615785],[127.047484,37.615797],[127.04741,37.615798],[127.047282,37.6158],[127.047186,37.615801],[127.047107,37.615801],[127.046944,37.615806]]]]},"properties":{"program":"신속통합기획","site":"장위동 224-12","selected":"2025.04 수시선정","address":"성북구 장위동 224-12","area_m2":110641.8,"boundary_source":"토지거래허가구역"}},{"type":"Feature","geometry":{"type":"MultiPolygon","coordinates":[[[[127.005587,37.612007],[127.005592,37.612014],[127.005638,37.612055],[127.005672,37.612085],[127.005732,37.612128],[127.005803,37.612175],[127.00585,37.612206],[127.005871,37.612221],[127.005953,37.61225],[127.006011,37.612266],[127.006397,37.612382],[127.006455,37.612402],[127.006621,37.612457],[127.006742,37.612498],[127.006765,37.612505],[127.006812,37.612521],[127.007086,37.612604],[127.007166,37.612554],[127.007275,37.612481],[127.007437,37.612365],[127.007593,37.612254],[127.007624,37.612225],[127.007674,37.612174],[127.007837,37.612195],[127.007843,37.612188],[127.007875,37.612153],[127.007878,37.612121],[127.007885,37.612047],[127.007886,37.612033],[127.007865,37.611914],[127.007841,37.611806],[127.00783,37.611755],[127.007831,37.611717],[127.007833,37.611666],[127.007837,37.611594],[127.00786,37.611426],[127.007877,37.611346],[127.007883,37.611302],[127.007889,37.6112],[127.007894,37.611125],[127.007886,37.610995],[127.007864,37.610976],[127.007848,37.610913],[127.007817,37.610881],[127.007742,37.610872],[127.007622,37.610926],[127.007581,37.610945],[127.007504,37.610993],[127.007507,37.610999],[127.007486,37.611016],[127.007465,37.611031],[127.007367,37.611108],[127.007334,37.611103],[127.007292,37.611035],[127.007243,37.610989],[127.00725,37.610901],[127.007219,37.610833],[127.007211,37.610829],[127.007162,37.610875],[127.007176,37.610893],[127.007119,37.610986],[127.007078,37.611027],[127.006883,37.611112],[127.006847,37.611127],[127.006819,37.611067],[127.006789,37.611073],[127.006754,37.611093],[127.006759,37.611103],[127.006727,37.611122],[127.00665,37.611169],[127.006588,37.611204],[127.006553,37.611228],[127.006469,37.611256],[127.006284,37.61132],[127.006257,37.611272],[127.006216,37.611242],[127.006203,37.611253],[127.00601,37.611299],[127.006024,37.611361],[127.006041,37.611419],[127.006052,37.611479],[127.00606,37.611516],[127.006065,37.611559],[127.006091,37.611773],[127.006093,37.611831],[127.006106,37.611944],[127.006044,37.611948],[127.005901,37.61196],[127.005855,37.611961],[127.005761,37.611969],[127.005609,37.611975],[127.005594,37.611997],[127.005587,37.612007]]]]},"properties":{"program":"신속통합기획","site":"정릉동 710-81","selected":"2025.04 수시선정","address":"성북구 정릉동 710-81","area_m2":24137.6,"boundary_source":"토지거래허가구역"}},{"type":"Feature","geometry":{"type":"MultiPolygon","coordinates":[[[[126.918685,37.474506],[126.918855,37.474559],[126.918822,37.474624],[126.918972,37.474672],[126.919023,37.474669],[126.919138,37.47471],[126.91925,37.474751],[126.919379,37.474797],[126.919461,37.474777],[126.91942,37.474866],[126.919367,37.474915],[126.919229,37.475014],[126.919117,37.475119],[126.919102,37.475135],[126.919032,37.475206],[126.919029,37.475233],[126.919098,37.475291],[126.919199,37.475377],[126.919215,37.475388],[126.919308,37.47544],[126.91933,37.475452],[126.91942,37.475505],[126.919533,37.475567],[126.919646,37.475629],[126.919683,37.475646],[126.919794,37.47571],[126.919818,37.475723],[126.919902,37.475772],[126.920012,37.475831],[126.920125,37.475893],[126.920162,37.475918],[126.920272,37.475978],[126.920289,37.475987],[126.92038,37.476038],[126.920403,37.47605],[126.920494,37.476101],[126.920575,37.476146],[126.920685,37.476205],[126.920765,37.476249],[126.920791,37.476264],[126.920879,37.476312],[126.920988,37.476371],[126.921097,37.47643],[126.921131,37.476454],[126.921237,37.476512],[126.921358,37.47658],[126.921384,37.476594],[126.92147,37.476642],[126.921577,37.476701],[126.921618,37.476724],[126.921641,37.476737],[126.921728,37.476784],[126.921837,37.476845],[126.921948,37.476906],[126.922016,37.476946],[126.922141,37.477014],[126.922223,37.477061],[126.922305,37.477105],[126.922331,37.477106],[126.922461,37.476967],[126.922597,37.476821],[126.922654,37.476762],[126.92272,37.476693],[126.922782,37.476627],[126.922841,37.476562],[126.922909,37.47649],[126.922998,37.476538],[126.923013,37.47655],[126.923031,37.476557],[126.923128,37.476613],[126.923243,37.476678],[126.923351,37.47674],[126.923385,37.476758],[126.923469,37.476799],[126.923584,37.476864],[126.923694,37.476926],[126.923828,37.476995],[126.923744,37.477089],[126.923821,37.477166],[126.923924,37.47705],[126.924051,37.477122],[126.924096,37.47708],[126.92423,37.476957],[126.924318,37.476878],[126.924448,37.476761],[126.924594,37.476704],[126.924667,37.476676],[126.924837,37.476611],[126.924903,37.476586],[126.924967,37.476534],[126.924978,37.476524],[126.925064,37.476403],[126.925159,37.476293],[126.925205,37.476228],[126.925229,37.476202],[126.925302,37.47612],[126.9254,37.47601],[126.925498,37.475902],[126.925598,37.47579],[126.925642,37.475745],[126.925648,37.475737],[126.92582,37.475542],[126.925736,37.475466],[126.925762,37.475377],[126.925744,37.475288],[126.925732,37.475209],[126.925718,37.475118],[126.925707,37.475043],[126.92569,37.474921],[126.925681,37.474867],[126.925704,37.474757],[126.92568,37.474695],[126.92568,37.474694],[126.92564,37.474586],[126.925637,37.474578],[126.92562,37.474535],[126.925617,37.474525],[126.925611,37.474505],[126.925528,37.47446],[126.925427,37.474404],[126.925343,37.474404],[126.925191,37.474319],[126.925058,37.474243],[126.92504,37.474233],[126.925003,37.47421],[126.924849,37.474127],[126.924701,37.474044],[126.924645,37.474015],[126.924468,37.473916],[126.924331,37.473841],[126.924287,37.473819],[126.924012,37.47367],[126.923932,37.473639],[126.923813,37.473613],[126.923732,37.473585],[126.923554,37.473524],[126.923513,37.47351],[126.923336,37.47345],[126.923282,37.473431],[126.923103,37.473455],[126.92306,37.47346],[126.923008,37.473467],[126.922992,37.473469],[126.92291,37.473479],[126.922801,37.473454],[126.922608,37.47341],[126.922559,37.473399],[126.922542,37.473395],[126.922503,37.473386],[126.922393,37.473407],[126.922297,37.473425],[126.922277,37.473429],[126.922141,37.473454],[126.922026,37.473476],[126.92201,37.473498],[126.921952,37.473563],[126.921909,37.473613],[126.921912,37.473655],[126.921785,37.473585],[126.921566,37.473461],[126.921465,37.473401],[126.921275,37.473296],[126.921167,37.473232],[126.921247,37.473216],[126.92116,37.473133],[126.921136,37.473111],[126.921092,37.473069],[126.921024,37.473004],[126.920984,37.472966],[126.920951,37.472948],[126.920857,37.472898],[126.92083,37.472883],[126.92077,37.472851],[126.920692,37.472809],[126.920601,37.47276],[126.920448,37.472678],[126.920403,37.472661],[126.920372,37.472663],[126.920254,37.472671],[126.920189,37.472674],[126.920066,37.472685],[126.919925,37.472649],[126.9199,37.472647],[126.919884,37.472638],[126.919755,37.472568],[126.919607,37.472567],[126.919563,37.472575],[126.919405,37.472624],[126.919339,37.472643],[126.919265,37.472725],[126.91924,37.472745],[126.91922,37.47277],[126.919218,37.472769],[126.919137,37.472876],[126.919081,37.472948],[126.919076,37.472977],[126.919046,37.473089],[126.919027,37.473157],[126.919017,37.473199],[126.918988,37.473294],[126.918984,37.47331],[126.918943,37.473443],[126.918941,37.473449],[126.918919,37.473522],[126.918915,37.473543],[126.918908,37.47356],[126.9189,37.473592],[126.918897,37.473607],[126.918889,37.473658],[126.918884,37.473674],[126.918832,37.473854],[126.918809,37.473919],[126.918789,37.473986],[126.918756,37.474092],[126.918753,37.474097],[126.918744,37.474224],[126.918723,37.474378],[126.918714,37.474431],[126.918711,37.474454],[126.918685,37.474506]]]]},"properties":{"program":"신속통합기획","site":"신림동 610-200","selected":"2025.04 수시선정","address":"관악구 신림동 610-200","area_m2":196841.0,"boundary_source":"토지거래허가구역"}},{"type":"Feature","geometry":{"type":"MultiPolygon","coordinates":[[[[126.936984,37.472193],[126.937073,37.472243],[126.937091,37.472254],[126.937194,37.472313],[126.937177,37.472324],[126.937196,37.472342],[126.937213,37.472364],[126.93724,37.472405],[126.937261,37.472425],[126.937311,37.472455],[126.937353,37.472448],[126.937441,37.472528],[126.937461,37.472569],[126.937443,37.472656],[126.937466,37.472687],[126.937521,37.472724],[126.937584,37.472765],[126.937615,37.472769],[126.937633,37.47277],[126.937707,37.472819],[126.937727,37.472833],[126.937784,37.472812],[126.937814,37.472813],[126.937837,37.472813],[126.937882,37.472827],[126.937904,37.472837],[126.937928,37.47285],[126.937956,37.472872],[126.937976,37.472897],[126.938008,37.472939],[126.938052,37.473026],[126.93806,37.473039],[126.938085,37.473099],[126.938093,37.47314],[126.938105,37.473161],[126.938129,37.473213],[126.938235,37.473221],[126.93835,37.47323],[126.938522,37.473244],[126.938532,37.473242],[126.938627,37.473252],[126.938635,37.473262],[126.938701,37.473353],[126.938755,37.473233],[126.938769,37.473203],[126.938827,37.473087],[126.938835,37.473071],[126.93886,37.473017],[126.938903,37.472926],[126.938923,37.472884],[126.938945,37.472837],[126.938982,37.472763],[126.938991,37.472749],[126.938994,37.472744],[126.939099,37.472518],[126.939133,37.472438],[126.93915,37.472399],[126.939111,37.472378],[126.93904,37.472349],[126.938994,37.472316],[126.938973,37.472299],[126.938911,37.472223],[126.93889,37.472218],[126.93886,37.472212],[126.93885,37.472208],[126.938796,37.472166],[126.938737,37.472128],[126.93867,37.472072],[126.938631,37.472084],[126.938591,37.472096],[126.938541,37.4721],[126.938387,37.47205],[126.938361,37.472045],[126.938256,37.472011],[126.938152,37.471977],[126.938017,37.471935],[126.937985,37.471933],[126.937953,37.471926],[126.937899,37.471914],[126.937793,37.471931],[126.937772,37.471935],[126.937556,37.471967],[126.937343,37.472002],[126.937219,37.47202],[126.937193,37.472025],[126.937166,37.472031],[126.937075,37.472045],[126.937043,37.472076],[126.937034,37.472091],[126.936984,37.472193]]]]},"properties":{"program":"신속통합기획","site":"신림동 119-1","selected":"2025.04 수시선정","address":"관악구 신림동 119-1","area_m2":16899.0,"boundary_source":"토지거래허가구역"}},{"type":"Feature","geometry":{"type":"Point","coordinates":[126.853632,37.524977]},"properties":{"program":"신속통합기획","site":"신정동 922","selected":"2025.04 수시선정","address":"양천구 신정동 922","area_m2":84186.6,"boundary_source":null}},{"type":"Feature","geometry":{"type":"MultiPolygon","coordinates":[[[[127.03503,37.660264],[127.035111,37.660278],[127.035195,37.660302],[127.035358,37.660356],[127.035417,37.660385],[127.035497,37.660416],[127.03555,37.660444],[127.035617,37.660487],[127.03565,37.660509],[127.035713,37.660551],[127.035831,37.660625],[127.035878,37.660657],[127.03595,37.660706],[127.036068,37.660792],[127.036103,37.660817],[127.036154,37.660854],[127.036197,37.660883],[127.036229,37.660901],[127.036276,37.660915],[127.036292,37.660918],[127.036312,37.660921],[127.03638,37.660922],[127.036389,37.660922],[127.036421,37.660921],[127.036464,37.660919],[127.036527,37.660923],[127.036666,37.660948],[127.036691,37.660953],[127.036752,37.660969],[127.036793,37.660982],[127.036847,37.660999],[127.036926,37.661026],[127.036966,37.661041],[127.036984,37.661048],[127.037034,37.661056],[127.037102,37.661067],[127.037143,37.661074],[127.037212,37.661101],[127.037273,37.661248],[127.037385,37.661489],[127.037427,37.661558],[127.037475,37.66161],[127.03751,37.661642],[127.03753,37.661653],[127.037534,37.661655],[127.037543,37.66166],[127.03756,37.66167],[127.037623,37.661687],[127.037663,37.661687],[127.03768,37.661686],[127.03769,37.661688],[127.037698,37.661669],[127.037699,37.661653],[127.037711,37.661504],[127.037736,37.661197],[127.037747,37.661063],[127.037763,37.66086],[127.037773,37.660735],[127.037782,37.66062],[127.03779,37.660523],[127.037784,37.660477],[127.03779,37.660437],[127.037786,37.66038],[127.037802,37.660204],[127.037813,37.660097],[127.037822,37.659993],[127.037831,37.659852],[127.037836,37.659781],[127.037841,37.659712],[127.037847,37.659642],[127.037859,37.659499],[127.037863,37.659454],[127.037818,37.659454],[127.037655,37.659454],[127.037625,37.659445],[127.037532,37.659457],[127.03747,37.659463],[127.037341,37.659468],[127.037238,37.659461],[127.037122,37.659455],[127.037081,37.659455],[127.036962,37.659448],[127.036838,37.65944],[127.036793,37.659439],[127.036669,37.659432],[127.036553,37.659426],[127.036397,37.659416],[127.0363,37.659412],[127.036199,37.659408],[127.036049,37.659401],[127.035675,37.659398],[127.035658,37.659397],[127.035512,37.659391],[127.035376,37.659385],[127.03518,37.659375],[127.035139,37.659373],[127.035109,37.659371],[127.035084,37.659706],[127.035068,37.659877],[127.035038,37.660173],[127.035035,37.660205],[127.03503,37.660264]]]]},"properties":{"program":"신속통합기획","site":"쌍문동 26","selected":"2025.04 수시선정","address":"도봉구 쌍문동 26","area_m2":39500.0,"boundary_source":"토지거래허가구역"}},{"type":"Feature","geometry":{"type":"MultiPolygon","coordinates":[[[[126.902894,37.46465],[126.903083,37.464775],[126.903105,37.464789],[126.903183,37.464839],[126.903264,37.46489],[126.903341,37.464939],[126.903423,37.464991],[126.903505,37.465043],[126.903587,37.465094],[126.903668,37.465145],[126.903808,37.465234],[126.903828,37.465247],[126.903897,37.465291],[126.904042,37.465383],[126.904159,37.465459],[126.904298,37.465548],[126.904438,37.465637],[126.904578,37.465726],[126.90459,37.465734],[126.904635,37.465763],[126.904578,37.465816],[126.904522,37.465824],[126.904453,37.465918],[126.904404,37.465982],[126.904402,37.465985],[126.904401,37.465987],[126.904354,37.466049],[126.904297,37.466125],[126.904197,37.466258],[126.90409,37.466402],[126.904042,37.466467],[126.904012,37.466507],[126.903994,37.46653],[126.903961,37.466575],[126.903939,37.466604],[126.903874,37.466691],[126.903897,37.466732],[126.904012,37.466752],[126.904193,37.466785],[126.904166,37.466727],[126.904265,37.466754],[126.904379,37.466784],[126.904392,37.466788],[126.90443,37.466802],[126.904522,37.466836],[126.904601,37.466878],[126.904662,37.466887],[126.904716,37.466917],[126.904809,37.466972],[126.904832,37.466972],[126.904903,37.466973],[126.904981,37.466985],[126.905062,37.466997],[126.905166,37.467007],[126.9053,37.466954],[126.905325,37.466956],[126.905409,37.466965],[126.905503,37.466973],[126.905541,37.466985],[126.90563,37.467014],[126.905646,37.467026],[126.905665,37.467046],[126.905735,37.467069],[126.90577,37.467092],[126.905823,37.467127],[126.905939,37.467185],[126.906059,37.467207],[126.906111,37.467235],[126.906117,37.467233],[126.906123,37.467235],[126.906178,37.467247],[126.906182,37.467229],[126.906186,37.467222],[126.906193,37.467225],[126.906216,37.467235],[126.906251,37.467229],[126.906305,37.467263],[126.906323,37.467261],[126.906348,37.467258],[126.906369,37.46727],[126.906373,37.467272],[126.90641,37.467313],[126.906461,37.467339],[126.906509,37.467363],[126.906609,37.467382],[126.906654,37.467391],[126.906749,37.467385],[126.906818,37.467385],[126.906885,37.467366],[126.906982,37.467339],[126.907029,37.467322],[126.907119,37.467289],[126.907177,37.4673],[126.907232,37.467312],[126.907311,37.467363],[126.907384,37.467359],[126.907493,37.467294],[126.907665,37.467296],[126.907699,37.467297],[126.90774,37.46728],[126.907779,37.46725],[126.907855,37.467164],[126.907903,37.467077],[126.907972,37.46696],[126.908154,37.466824],[126.908196,37.466793],[126.908236,37.466763],[126.908254,37.466752],[126.908207,37.4667],[126.908141,37.466665],[126.908048,37.466546],[126.907986,37.466164],[126.907946,37.466002],[126.907732,37.465906],[126.907644,37.465868],[126.907414,37.465769],[126.907406,37.465735],[126.907368,37.465582],[126.907348,37.465492],[126.907307,37.465323],[126.907282,37.465218],[126.907271,37.465166],[126.907241,37.465047],[126.907205,37.464897],[126.907182,37.464796],[126.907144,37.464641],[126.907116,37.464523],[126.907092,37.464419],[126.907024,37.464355],[126.90696,37.464293],[126.906852,37.464189],[126.906751,37.464091],[126.906694,37.463994],[126.906681,37.463972],[126.906656,37.463932],[126.906606,37.463895],[126.906586,37.46388],[126.906513,37.463826],[126.906454,37.463783],[126.906282,37.463658],[126.906265,37.463645],[126.906059,37.463591],[126.905964,37.463566],[126.905954,37.463567],[126.90583,37.463583],[126.905701,37.463622],[126.905609,37.463649],[126.905543,37.463669],[126.905441,37.463561],[126.905294,37.463613],[126.905128,37.46367],[126.905115,37.463663],[126.905098,37.463666],[126.904916,37.463693],[126.904868,37.463713],[126.904756,37.463763],[126.904633,37.463817],[126.904578,37.463841],[126.904419,37.463891],[126.904301,37.463926],[126.904196,37.463958],[126.903959,37.463845],[126.90393,37.463832],[126.903819,37.46378],[126.903704,37.463726],[126.903549,37.463653],[126.903426,37.463833],[126.903361,37.46392],[126.903289,37.464017],[126.90324,37.464084],[126.903196,37.464142],[126.903114,37.464254],[126.903063,37.464322],[126.903011,37.464393],[126.902988,37.464424],[126.902912,37.464526],[126.902957,37.464557],[126.902894,37.46465]]]]},"properties":{"program":"신속통합기획","site":"독산동 380","selected":"2025.04 수시선정","address":"금천구 독산동 380","area_m2":121830.6,"boundary_source":"토지거래허가구역"}},{"type":"Feature","geometry":{"type":"MultiPolygon","coordinates":[[[[126.911625,37.499975],[126.911724,37.499975],[126.911801,37.499975],[126.91186,37.499974],[126.91199,37.499973],[126.912073,37.499972],[126.912139,37.499971],[126.912244,37.499968],[126.912321,37.499967],[126.912401,37.499967],[126.912485,37.499965],[126.912576,37.499963],[126.912652,37.499962],[126.912737,37.49996],[126.912802,37.499959],[126.912868,37.499957],[126.912924,37.499956],[126.912987,37.499955],[126.912997,37.499954],[126.913063,37.499953],[126.913106,37.499952],[126.913159,37.499951],[126.91326,37.499951],[126.913261,37.499951],[126.913305,37.499951],[126.913477,37.49995],[126.913548,37.499948],[126.913816,37.499947],[126.91392,37.499946],[126.914003,37.499944],[126.914127,37.499942],[126.914137,37.499942],[126.914262,37.49994],[126.914371,37.499937],[126.914382,37.499937],[126.914495,37.499936],[126.914589,37.499933],[126.914613,37.499933],[126.914768,37.499931],[126.914856,37.499931],[126.914909,37.49993],[126.914905,37.499856],[126.914904,37.499798],[126.914901,37.499639],[126.914897,37.499519],[126.914896,37.499446],[126.914894,37.499369],[126.914893,37.499323],[126.914892,37.499234],[126.914888,37.499131],[126.914884,37.499078],[126.914883,37.499059],[126.914884,37.499058],[126.914879,37.498969],[126.914874,37.498865],[126.914867,37.498723],[126.914864,37.498684],[126.914861,37.49856],[126.91482,37.498565],[126.914715,37.498578],[126.914564,37.498596],[126.914459,37.498607],[126.914401,37.498614],[126.914353,37.49862],[126.914214,37.498636],[126.914035,37.498656],[126.913994,37.498661],[126.913833,37.49868],[126.913725,37.498705],[126.913681,37.498715],[126.913654,37.498723],[126.913588,37.498737],[126.91347,37.49878],[126.913457,37.498784],[126.91345,37.498791],[126.913382,37.49882],[126.913337,37.498842],[126.913288,37.498859],[126.913204,37.49889],[126.913144,37.498912],[126.913036,37.498951],[126.912985,37.49897],[126.912906,37.498997],[126.912906,37.498997],[126.912885,37.499003],[126.912792,37.499042],[126.912762,37.499052],[126.912741,37.499059],[126.912733,37.499062],[126.912691,37.499076],[126.912678,37.499081],[126.912642,37.499091],[126.912595,37.499104],[126.912552,37.499115],[126.912516,37.499123],[126.91249,37.499128],[126.91245,37.499136],[126.912409,37.499144],[126.912358,37.499152],[126.912357,37.499152],[126.91233,37.499155],[126.91233,37.499155],[126.912308,37.499156],[126.912307,37.499156],[126.912211,37.499163],[126.912211,37.499163],[126.912128,37.49917],[126.912004,37.499178],[126.911977,37.49918],[126.911844,37.499188],[126.911825,37.499189],[126.911726,37.499195],[126.911719,37.499233],[126.911718,37.499254],[126.911717,37.499261],[126.911705,37.499354],[126.911696,37.499434],[126.911692,37.499458],[126.911682,37.499539],[126.911677,37.499577],[126.911672,37.49962],[126.911669,37.499641],[126.911666,37.499657],[126.911658,37.499725],[126.91165,37.499781],[126.911647,37.499808],[126.911645,37.499823],[126.91163,37.499918],[126.911627,37.499958],[126.911625,37.499975]]]]},"properties":{"program":"신속통합기획","site":"신길동 3922","selected":"2025.04 수시선정","address":"영등포구 신길동 3922","area_m2":33897.0,"boundary_source":"토지거래허가구역"}},{"type":"Feature","geometry":{"type":"MultiPolygon","coordinates":[[[[126.919177,37.588698],[126.919287,37.588855],[126.919621,37.589323],[126.919675,37.5894],[126.919765,37.589521],[126.919841,37.589637],[126.91985,37.589647],[126.919859,37.589655],[126.919887,37.589678],[126.919939,37.589697],[126.919988,37.58966],[126.92004,37.589694],[126.920054,37.589702],[126.920164,37.589665],[126.920288,37.589619],[126.920425,37.589575],[126.920654,37.589501],[126.920745,37.589472],[126.920787,37.589452],[126.920904,37.589341],[126.92088,37.589233],[126.920846,37.589087],[126.920849,37.589062],[126.920811,37.588877],[126.920797,37.588879],[126.920761,37.588755],[126.920715,37.588648],[126.920715,37.588647],[126.92061,37.588507],[126.920585,37.588451],[126.920581,37.588377],[126.920605,37.588281],[126.920598,37.588274],[126.920626,37.588223],[126.920661,37.588157],[126.920655,37.588147],[126.920734,37.588062],[126.920747,37.588016],[126.920811,37.587937],[126.92086,37.587919],[126.920889,37.587909],[126.921011,37.587866],[126.921114,37.587829],[126.921172,37.587809],[126.921256,37.587819],[126.921274,37.58781],[126.921292,37.587802],[126.921369,37.587816],[126.921409,37.587823],[126.921505,37.587837],[126.921602,37.587854],[126.921686,37.58787],[126.92183,37.587879],[126.921831,37.587896],[126.921848,37.587922],[126.921872,37.587931],[126.92188,37.587931],[126.92191,37.587934],[126.921929,37.587911],[126.922049,37.587934],[126.922206,37.587965],[126.922368,37.587998],[126.922373,37.588],[126.922372,37.588051],[126.922567,37.588058],[126.922578,37.587944],[126.922587,37.587847],[126.922599,37.587723],[126.922601,37.587671],[126.922604,37.587647],[126.922614,37.58756],[126.922609,37.587559],[126.922633,37.587403],[126.922638,37.587349],[126.922652,37.58714],[126.922655,37.587106],[126.92266,37.587024],[126.922667,37.58693],[126.92267,37.586882],[126.922679,37.586756],[126.922684,37.586672],[126.922701,37.586427],[126.922705,37.586371],[126.922714,37.586244],[126.922723,37.586109],[126.922731,37.585989],[126.922631,37.585952],[126.922514,37.586045],[126.922318,37.586202],[126.922221,37.586278],[126.922164,37.586324],[126.922025,37.586435],[126.921905,37.586531],[126.921797,37.586617],[126.92175,37.586654],[126.92165,37.586734],[126.921482,37.586868],[126.921357,37.586967],[126.921333,37.586987],[126.921112,37.587163],[126.92093,37.587308],[126.920912,37.587322],[126.920918,37.587307],[126.920875,37.587341],[126.920719,37.587465],[126.920695,37.587484],[126.920502,37.587637],[126.920478,37.587656],[126.920316,37.587785],[126.920261,37.587829],[126.920215,37.587865],[126.92014,37.587925],[126.920115,37.587948],[126.920084,37.587975],[126.920076,37.58798],[126.919983,37.588053],[126.919885,37.58813],[126.919801,37.588201],[126.919703,37.588275],[126.919742,37.588261],[126.919808,37.588239],[126.919831,37.588231],[126.91991,37.5883],[126.919927,37.588314],[126.919915,37.588328],[126.919978,37.588391],[126.92004,37.588387],[126.920106,37.588482],[126.920133,37.588518],[126.920022,37.588563],[126.920052,37.588587],[126.920052,37.588605],[126.919958,37.588656],[126.919955,37.588653],[126.919936,37.588658],[126.919985,37.588708],[126.919805,37.588777],[126.919809,37.588784],[126.91969,37.58883],[126.919699,37.588848],[126.919677,37.588855],[126.919546,37.588897],[126.919441,37.588927],[126.919428,37.58891],[126.919349,37.588804],[126.919276,37.588703],[126.919238,37.588653],[126.919177,37.588698]]]]},"properties":{"program":"신속통합기획","site":"응암동 675","selected":"2025.04 수시선정","address":"은평구 응암동 675","area_m2":40696.4,"boundary_source":"토지거래허가구역"}},{"type":"Feature","geometry":{"type":"MultiPolygon","coordinates":[[[[126.954678,37.534253],[126.954768,37.534267],[126.954759,37.534364],[126.954904,37.534377],[126.955078,37.534403],[126.955087,37.534422],[126.955127,37.534425],[126.95513,37.534425],[126.955176,37.534438],[126.955212,37.534434],[126.955212,37.534435],[126.955218,37.534454],[126.95521,37.534539],[126.955148,37.534632],[126.95511,37.534624],[126.955066,37.534633],[126.955046,37.534615],[126.955012,37.534638],[126.955062,37.534683],[126.955064,37.534655],[126.955179,37.534774],[126.955171,37.53478],[126.955071,37.534842],[126.955068,37.534838],[126.954963,37.534899],[126.954909,37.534932],[126.954879,37.534964],[126.954888,37.535065],[126.954889,37.5351],[126.95489,37.535115],[126.954921,37.53512],[126.955466,37.535152],[126.955519,37.535157],[126.955532,37.535133],[126.955574,37.535056],[126.955577,37.535052],[126.955576,37.535052],[126.955628,37.534957],[126.955665,37.53489],[126.955692,37.534838],[126.955866,37.534518],[126.955873,37.534504],[126.955912,37.534434],[126.955939,37.534385],[126.95595,37.534365],[126.955966,37.534335],[126.956012,37.534255],[126.95602,37.534239],[126.956061,37.534159],[126.956073,37.534137],[126.956085,37.534114],[126.956167,37.533958],[126.956222,37.533855],[126.956314,37.533677],[126.956318,37.533669],[126.956325,37.533652],[126.955911,37.533648],[126.955881,37.533603],[126.955626,37.53359],[126.955554,37.53359],[126.955532,37.533591],[126.95542,37.533582],[126.955393,37.53358],[126.955384,37.53358],[126.955324,37.533583],[126.955191,37.533564],[126.954804,37.533457],[126.954801,37.533517],[126.954799,37.533555],[126.954795,37.533588],[126.954788,37.533669],[126.954797,37.5337],[126.954793,37.533811],[126.954773,37.533807],[126.954755,37.533885],[126.954727,37.533936],[126.954775,37.533937],[126.954775,37.533957],[126.954769,37.533976],[126.954751,37.533992],[126.954744,37.534005],[126.954738,37.534018],[126.954723,37.534047],[126.954703,37.534096],[126.954702,37.534102],[126.954689,37.534163],[126.954708,37.534168],[126.954688,37.534222],[126.954678,37.534252],[126.954678,37.534253]]]]},"properties":{"program":"신속통합기획","site":"신창동 29-1","selected":"2025.06 수시선정","address":"용산구 신창동 29-1","area_m2":16024.5,"boundary_source":"토지거래허가구역"}},{"type":"Feature","geometry":{"type":"MultiPolygon","coordinates":[[[[126.880097,37.494944],[126.880135,37.494991],[126.880199,37.49507],[126.880232,37.495111],[126.880237,37.495117],[126.8803,37.495153],[126.880417,37.495217],[126.880455,37.495238],[126.880517,37.495273],[126.880542,37.495286],[126.88064,37.495342],[126.880752,37.495404],[126.880955,37.495517],[126.881005,37.495544],[126.881116,37.495606],[126.881143,37.49562],[126.881147,37.495622],[126.881184,37.495641],[126.881237,37.49567],[126.881266,37.495685],[126.881285,37.495696],[126.881397,37.495756],[126.881418,37.495767],[126.881424,37.49577],[126.881538,37.495832],[126.881555,37.495841],[126.881571,37.49585],[126.88161,37.495871],[126.881653,37.495894],[126.881693,37.495915],[126.881725,37.495932],[126.881749,37.495945],[126.881804,37.495975],[126.881825,37.495986],[126.881828,37.495987],[126.882013,37.496087],[126.882056,37.49609],[126.8821,37.496087],[126.882141,37.496078],[126.882188,37.496067],[126.88221,37.496061],[126.882326,37.496029],[126.882317,37.496009],[126.882294,37.495957],[126.882269,37.495901],[126.882437,37.495848],[126.882469,37.495805],[126.882389,37.495645],[126.882319,37.495388],[126.882291,37.49533],[126.882277,37.495161],[126.882277,37.495155],[126.882275,37.495142],[126.882229,37.495113],[126.882282,37.495044],[126.88222,37.494993],[126.882138,37.494925],[126.88221,37.494863],[126.882216,37.494859],[126.882283,37.494799],[126.882218,37.494714],[126.882212,37.49467],[126.88221,37.494654],[126.882194,37.494612],[126.882171,37.494553],[126.8822,37.494547],[126.882243,37.494537],[126.882222,37.494469],[126.882212,37.494436],[126.882198,37.494439],[126.882156,37.494448],[126.882128,37.494355],[126.882092,37.494234],[126.88208,37.494185],[126.882039,37.49406],[126.882006,37.493958],[126.882,37.493939],[126.882024,37.493934],[126.881977,37.493818],[126.882012,37.493812],[126.882006,37.493793],[126.881931,37.493576],[126.881902,37.493559],[126.881778,37.493485],[126.881732,37.493459],[126.881639,37.493397],[126.88161,37.49338],[126.881517,37.493352],[126.881487,37.493343],[126.881478,37.493274],[126.881471,37.49323],[126.881501,37.493109],[126.881396,37.49307],[126.881331,37.493045],[126.881377,37.492949],[126.881329,37.492907],[126.88127,37.492843],[126.88125,37.492818],[126.881238,37.492804],[126.881253,37.492767],[126.88127,37.492727],[126.881318,37.492695],[126.881321,37.492699],[126.881375,37.492651],[126.881387,37.492652],[126.881397,37.492653],[126.881548,37.492669],[126.881645,37.49267],[126.881665,37.49267],[126.881907,37.492674],[126.881933,37.492676],[126.882066,37.492684],[126.882196,37.492691],[126.882177,37.492638],[126.882131,37.492514],[126.882104,37.492442],[126.882074,37.492362],[126.882044,37.49228],[126.882034,37.492252],[126.882007,37.492177],[126.881987,37.492123],[126.881961,37.49212],[126.88185,37.492108],[126.881735,37.492094],[126.881673,37.492085],[126.881621,37.492093],[126.881503,37.492112],[126.881497,37.492113],[126.881392,37.492105],[126.881275,37.492095],[126.881165,37.492087],[126.881056,37.492081],[126.880941,37.492073],[126.88083,37.492064],[126.880715,37.492057],[126.880679,37.492054],[126.880716,37.492021],[126.880726,37.492013],[126.880623,37.491932],[126.880542,37.491869],[126.880516,37.491851],[126.880509,37.491855],[126.880449,37.49181],[126.880362,37.491871],[126.880278,37.491932],[126.880257,37.491913],[126.880255,37.491946],[126.880247,37.492064],[126.880247,37.492067],[126.880236,37.492218],[126.880236,37.492369],[126.880236,37.492546],[126.880236,37.492581],[126.880236,37.492594],[126.880236,37.492628],[126.880237,37.492674],[126.880241,37.492736],[126.880244,37.492811],[126.880236,37.492953],[126.880229,37.493064],[126.880221,37.493214],[126.880217,37.493259],[126.880208,37.493363],[126.880205,37.493396],[126.880199,37.493463],[126.880191,37.493464],[126.880191,37.493484],[126.880191,37.493525],[126.88019,37.493598],[126.880189,37.493677],[126.880188,37.493701],[126.880186,37.493714],[126.880184,37.493754],[126.880181,37.493804],[126.880178,37.493934],[126.880176,37.493991],[126.880172,37.494234],[126.880153,37.494334],[126.880144,37.494388],[126.880143,37.494399],[126.88014,37.494416],[126.880103,37.494651],[126.880101,37.494733],[126.880098,37.494809],[126.880098,37.494824],[126.880098,37.494832],[126.880097,37.494934],[126.880097,37.494944]]]]},"properties":{"program":"신속통합기획","site":"구로동 466","selected":"2025.06 수시선정","address":"구로구 구로동 466","area_m2":63871.0,"boundary_source":"토지거래허가구역"}},{"type":"Feature","geometry":{"type":"MultiPolygon","coordinates":[[[[126.853449,37.499243],[126.853496,37.499245],[126.853591,37.499291],[126.853613,37.499303],[126.853674,37.499337],[126.85373,37.499387],[126.853749,37.499407],[126.853817,37.499479],[126.85383,37.499497],[126.853857,37.499535],[126.853896,37.49959],[126.853904,37.499603],[126.853955,37.499684],[126.853996,37.499747],[126.85406,37.499725],[126.854102,37.49971],[126.8541,37.499704],[126.854236,37.499662],[126.854266,37.499729],[126.854273,37.499755],[126.854275,37.499771],[126.854389,37.499743],[126.854403,37.499777],[126.85443,37.499771],[126.854424,37.499746],[126.854546,37.499707],[126.854563,37.499735],[126.854662,37.499708],[126.854692,37.499681],[126.854696,37.499694],[126.854726,37.499791],[126.854917,37.499777],[126.85492,37.499811],[126.854967,37.499808],[126.855101,37.499801],[126.855235,37.499793],[126.855248,37.499921],[126.855296,37.499923],[126.85542,37.499915],[126.855409,37.499783],[126.855398,37.499656],[126.855389,37.499537],[126.85538,37.499421],[126.855376,37.499399],[126.855365,37.499263],[126.855386,37.499213],[126.855505,37.499256],[126.85556,37.499208],[126.855609,37.499162],[126.855706,37.499076],[126.855758,37.499029],[126.855794,37.498991],[126.855797,37.498988],[126.855958,37.498911],[126.856105,37.498839],[126.856116,37.498834],[126.856194,37.498798],[126.856153,37.498782],[126.856085,37.498689],[126.85619,37.498578],[126.856232,37.498534],[126.856235,37.498531],[126.856284,37.498481],[126.856293,37.498472],[126.856459,37.49829],[126.856485,37.498276],[126.856512,37.498269],[126.856509,37.498256],[126.856504,37.498241],[126.856379,37.498247],[126.85627,37.498247],[126.856218,37.498246],[126.856104,37.498234],[126.85598,37.498224],[126.85576,37.498172],[126.855683,37.498131],[126.855679,37.498117],[126.855676,37.49811],[126.855667,37.498084],[126.855657,37.498055],[126.855729,37.497981],[126.855722,37.497922],[126.855692,37.497871],[126.855681,37.497823],[126.85567,37.497797],[126.855638,37.497813],[126.855519,37.49799],[126.855534,37.498],[126.855524,37.498021],[126.85549,37.497979],[126.855476,37.497994],[126.855391,37.49789],[126.855344,37.497835],[126.855335,37.497862],[126.855324,37.497874],[126.855224,37.497969],[126.855228,37.497973],[126.855163,37.498035],[126.8551,37.498097],[126.855058,37.498136],[126.854983,37.49821],[126.854908,37.498277],[126.854881,37.498301],[126.854816,37.498361],[126.854745,37.498429],[126.854708,37.498466],[126.854659,37.498513],[126.854647,37.498523],[126.85449,37.498671],[126.854386,37.498769],[126.854364,37.498798],[126.854357,37.498804],[126.854347,37.498813],[126.854292,37.498871],[126.854253,37.498895],[126.854236,37.498907],[126.854187,37.498933],[126.854112,37.498963],[126.854082,37.498972],[126.854034,37.498987],[126.853956,37.498994],[126.853917,37.499015],[126.853896,37.499018],[126.853781,37.499062],[126.853678,37.499119],[126.853609,37.499158],[126.853544,37.499196],[126.853449,37.499243]]]]},"properties":{"program":"신속통합기획","site":"개봉동 153-19","selected":"2025.06 수시선정","address":"구로구 개봉동 153-19","area_m2":27100.2,"boundary_source":"토지거래허가구역"}},{"type":"Feature","geometry":{"type":"MultiPolygon","coordinates":[[[[127.035848,37.668951],[127.035988,37.669048],[127.036128,37.669145],[127.036236,37.669219],[127.036268,37.66924],[127.036306,37.669265],[127.036375,37.669307],[127.036407,37.669325],[127.036455,37.669351],[127.036533,37.66939],[127.03654,37.669394],[127.036612,37.669427],[127.036635,37.669437],[127.036665,37.66945],[127.036767,37.669494],[127.036884,37.669546],[127.036945,37.669572],[127.037057,37.669621],[127.037122,37.66965],[127.037284,37.669721],[127.037314,37.669734],[127.037416,37.669778],[127.037523,37.669825],[127.037552,37.669838],[127.037559,37.669841],[127.037683,37.669895],[127.037713,37.669908],[127.037843,37.669965],[127.037956,37.670014],[127.037966,37.670018],[127.038128,37.670089],[127.038196,37.669989],[127.038257,37.669899],[127.038297,37.66984],[127.038323,37.669803],[127.038421,37.669658],[127.038521,37.669692],[127.038698,37.669731],[127.038826,37.669759],[127.038848,37.669764],[127.038957,37.669788],[127.03899,37.669795],[127.039076,37.669814],[127.039198,37.669841],[127.039231,37.669848],[127.039324,37.669869],[127.039346,37.669874],[127.03948,37.669903],[127.039522,37.669873],[127.039517,37.66984],[127.03951,37.669801],[127.039489,37.669679],[127.039475,37.669592],[127.039452,37.66946],[127.039431,37.669338],[127.039415,37.669251],[127.039394,37.669134],[127.039391,37.669115],[127.039352,37.668895],[127.039333,37.668774],[127.039324,37.668722],[127.039319,37.668697],[127.039294,37.668549],[127.039291,37.668531],[127.039283,37.668489],[127.039268,37.668397],[127.039254,37.668317],[127.039231,37.66819],[127.039204,37.668032],[127.039201,37.668012],[127.03918,37.667886],[127.039151,37.667718],[127.039136,37.667632],[127.03913,37.667598],[127.039107,37.667469],[127.03909,37.66737],[127.039084,37.667334],[127.039067,37.667238],[127.03905,37.667139],[127.03905,37.667137],[127.039035,37.667053],[127.03897,37.667014],[127.038943,37.666998],[127.038865,37.666947],[127.038768,37.66688],[127.038761,37.666875],[127.03855,37.66673],[127.038334,37.666582],[127.03812,37.666778],[127.038048,37.666844],[127.03798,37.666907],[127.037828,37.667044],[127.037759,37.667108],[127.037744,37.667121],[127.037726,37.667138],[127.037662,37.667196],[127.037585,37.667267],[127.037517,37.667329],[127.037348,37.667481],[127.037333,37.667494],[127.037255,37.667566],[127.037183,37.667633],[127.037173,37.667642],[127.037003,37.667798],[127.036951,37.667845],[127.036881,37.66791],[127.03681,37.667975],[127.036738,37.668042],[127.036684,37.668091],[127.036518,37.668244],[127.036502,37.668258],[127.036496,37.668264],[127.036421,37.668333],[127.036399,37.668353],[127.036323,37.668422],[127.036202,37.668534],[127.036204,37.66856],[127.036129,37.668629],[127.036053,37.6687],[127.036055,37.668725],[127.036091,37.66875],[127.036061,37.668777],[127.03597,37.668859],[127.035959,37.668851],[127.035848,37.668951]]]]},"properties":{"program":"신속통합기획","site":"방학동 641","selected":"2025.06 수시선정","address":"도봉구 방학동 641","area_m2":72282.6,"boundary_source":"토지거래허가구역"}},{"type":"Feature","geometry":{"type":"MultiPolygon","coordinates":[[[[126.924888,37.495219],[126.925093,37.495235],[126.925124,37.495237],[126.925145,37.495238],[126.925257,37.495247],[126.92542,37.495259],[126.925582,37.49527],[126.925734,37.495282],[126.925886,37.495295],[126.925902,37.495296],[126.925928,37.495299],[126.926004,37.495303],[126.926058,37.495307],[126.926135,37.495312],[126.926134,37.495365],[126.926205,37.495403],[126.92626,37.495435],[126.926282,37.495445],[126.926615,37.495398],[126.926621,37.49542],[126.926669,37.495412],[126.926821,37.495389],[126.926966,37.495365],[126.92701,37.495358],[126.927159,37.495334],[126.927306,37.49531],[126.927293,37.495262],[126.927261,37.495122],[126.927232,37.495007],[126.927212,37.494923],[126.927217,37.494924],[126.927209,37.494891],[126.927191,37.494831],[126.927175,37.494761],[126.927157,37.494688],[126.927139,37.49461],[126.927123,37.494545],[126.927119,37.494524],[126.927061,37.494482],[126.926964,37.494414],[126.926936,37.494348],[126.926921,37.49434],[126.926762,37.494236],[126.926729,37.494217],[126.926708,37.494202],[126.926644,37.494159],[126.926625,37.494118],[126.926618,37.494102],[126.926611,37.494049],[126.926605,37.494029],[126.926576,37.493942],[126.926577,37.493905],[126.926575,37.493737],[126.926573,37.493664],[126.926543,37.493575],[126.926511,37.493489],[126.92651,37.493487],[126.926492,37.493486],[126.926484,37.49348],[126.926442,37.493448],[126.926382,37.493381],[126.926347,37.493342],[126.92626,37.493284],[126.926221,37.493274],[126.926098,37.493352],[126.925994,37.493417],[126.925881,37.493486],[126.925868,37.493495],[126.925766,37.493559],[126.925634,37.493639],[126.925587,37.493671],[126.92554,37.493721],[126.925422,37.49384],[126.925333,37.493927],[126.925357,37.493996],[126.925388,37.494096],[126.925422,37.494203],[126.925451,37.494298],[126.925485,37.494403],[126.925515,37.494498],[126.925543,37.494592],[126.925548,37.494601],[126.925576,37.49469],[126.925583,37.494723],[126.925449,37.494764],[126.925278,37.494818],[126.925234,37.494831],[126.925136,37.494905],[126.925024,37.494989],[126.9249,37.495081],[126.924899,37.495108],[126.924888,37.495219]]]]},"properties":{"program":"신속통합기획","site":"신대방동 344-132","selected":"2025.06 수시선정","address":"동작구 신대방동 344-132","area_m2":29461.8,"boundary_source":"토지거래허가구역"}},{"type":"Feature","geometry":{"type":"MultiPolygon","coordinates":[[[[126.955248,37.507432],[126.955303,37.507512],[126.955389,37.507629],[126.95546,37.507727],[126.955443,37.507777],[126.955407,37.507876],[126.9554,37.507893],[126.955368,37.507983],[126.955366,37.507988],[126.955346,37.508041],[126.955338,37.508058],[126.955322,37.508103],[126.955342,37.508131],[126.955423,37.508249],[126.955435,37.508266],[126.955445,37.508283],[126.955478,37.508331],[126.955544,37.508429],[126.955546,37.508432],[126.955553,37.508442],[126.955526,37.50856],[126.955518,37.508578],[126.955512,37.508596],[126.955494,37.508647],[126.955487,37.508676],[126.955562,37.50874],[126.955581,37.508756],[126.955618,37.508787],[126.955629,37.508809],[126.95568,37.508911],[126.955687,37.508925],[126.955634,37.50904],[126.955618,37.509077],[126.955612,37.509095],[126.955608,37.5091],[126.955557,37.509215],[126.955545,37.509243],[126.955737,37.509331],[126.955825,37.509375],[126.955865,37.509392],[126.955866,37.509392],[126.955926,37.509358],[126.956051,37.509282],[126.956128,37.509234],[126.956178,37.509167],[126.956238,37.509094],[126.956384,37.509116],[126.956436,37.509046],[126.956483,37.509023],[126.956504,37.508996],[126.956536,37.50895],[126.956519,37.508936],[126.956625,37.508854],[126.956585,37.508824],[126.956624,37.508793],[126.956663,37.508762],[126.95672,37.508723],[126.95676,37.508702],[126.95687,37.508707],[126.956958,37.508774],[126.956976,37.508785],[126.957078,37.508863],[126.957122,37.508897],[126.95712,37.508883],[126.957108,37.508785],[126.957109,37.508748],[126.95711,37.508687],[126.957136,37.50866],[126.957184,37.50861],[126.957207,37.508608],[126.95717,37.508562],[126.957155,37.508544],[126.957162,37.508496],[126.957268,37.5084],[126.95728,37.508387],[126.957324,37.508342],[126.957362,37.508311],[126.957385,37.508294],[126.957457,37.508127],[126.957494,37.508034],[126.957524,37.507958],[126.957526,37.507856],[126.95753,37.507741],[126.957563,37.507708],[126.957642,37.507622],[126.95766,37.507613],[126.957741,37.50757],[126.957782,37.507533],[126.957832,37.507468],[126.957848,37.507454],[126.957897,37.507417],[126.957952,37.507387],[126.958,37.507383],[126.958004,37.507374],[126.958025,37.507332],[126.958027,37.507332],[126.958087,37.507273],[126.958115,37.507246],[126.958164,37.507213],[126.958189,37.507192],[126.958251,37.507148],[126.958264,37.507131],[126.958272,37.50712],[126.958282,37.507107],[126.958359,37.506995],[126.958409,37.506954],[126.958447,37.506947],[126.958354,37.506937],[126.958346,37.506943],[126.958301,37.506984],[126.958279,37.506996],[126.958267,37.507003],[126.958235,37.507054],[126.958226,37.507052],[126.958147,37.507034],[126.95811,37.507025],[126.95805,37.507083],[126.957951,37.507027],[126.957937,37.507019],[126.957871,37.507105],[126.957791,37.507197],[126.957715,37.507165],[126.957698,37.507156],[126.957634,37.50712],[126.957635,37.507099],[126.957646,37.506984],[126.957603,37.506975],[126.957593,37.50699],[126.957562,37.506985],[126.957489,37.506975],[126.957464,37.507083],[126.957297,37.507091],[126.95726,37.507092],[126.957175,37.507092],[126.957016,37.506952],[126.95705,37.506895],[126.957091,37.506827],[126.957137,37.506761],[126.957205,37.506697],[126.957255,37.506651],[126.957188,37.506628],[126.957086,37.506591],[126.956978,37.506552],[126.956922,37.506527],[126.956864,37.506501],[126.956762,37.506457],[126.956719,37.506438],[126.9566,37.506385],[126.956488,37.506335],[126.956441,37.506395],[126.95642,37.50642],[126.95641,37.506433],[126.95636,37.506496],[126.956357,37.506499],[126.956326,37.506556],[126.956315,37.50657],[126.956238,37.506666],[126.956159,37.506767],[126.956138,37.506793],[126.956066,37.506892],[126.955993,37.506989],[126.955952,37.507037],[126.95591,37.507051],[126.955826,37.507079],[126.955729,37.507111],[126.955526,37.507178],[126.955493,37.50719],[126.95548,37.507194],[126.955402,37.507221],[126.955401,37.507222],[126.955367,37.50727],[126.955303,37.507357],[126.955248,37.507432]]]]},"properties":{"program":"신속통합기획","site":"흑석동 204-104","selected":"2025.06 수시선정","address":"동작구 흑석동 204-104","area_m2":45882.0,"boundary_source":"토지거래허가구역"}},{"type":"Feature","geometry":{"type":"MultiPolygon","coordinates":[[[[126.937205,37.501163],[126.937237,37.501198],[126.937242,37.501216],[126.937244,37.501217],[126.937289,37.501331],[126.937294,37.501361],[126.937305,37.50149],[126.937311,37.501576],[126.937313,37.501605],[126.937299,37.501625],[126.937325,37.501699],[126.937393,37.501735],[126.937486,37.501722],[126.937614,37.501709],[126.937718,37.501653],[126.937769,37.501628],[126.937836,37.5015],[126.937845,37.50149],[126.937942,37.501408],[126.93798,37.501379],[126.938049,37.501335],[126.938158,37.501271],[126.938176,37.501263],[126.938258,37.501202],[126.938275,37.50119],[126.938385,37.50111],[126.938486,37.501037],[126.938583,37.500968],[126.938589,37.500964],[126.938624,37.500997],[126.938625,37.500997],[126.938717,37.501085],[126.938712,37.501087],[126.938708,37.501089],[126.938734,37.501112],[126.938882,37.501222],[126.939098,37.501315],[126.939269,37.501379],[126.939313,37.501396],[126.939431,37.501441],[126.939533,37.501477],[126.939634,37.501517],[126.939713,37.501547],[126.939793,37.501577],[126.93983,37.501592],[126.93983,37.501592],[126.939873,37.501674],[126.939903,37.501687],[126.939966,37.501674],[126.940061,37.501655],[126.940089,37.501648],[126.940101,37.501648],[126.94017,37.501655],[126.940215,37.501659],[126.940337,37.50167],[126.940362,37.501672],[126.940383,37.501672],[126.940454,37.501679],[126.94057,37.501692],[126.940611,37.501697],[126.940701,37.501709],[126.940797,37.501594],[126.940909,37.501462],[126.94092,37.501449],[126.940935,37.501431],[126.940941,37.501424],[126.940973,37.501386],[126.941011,37.501341],[126.941073,37.50127],[126.941082,37.501261],[126.941131,37.501204],[126.9412,37.501119],[126.941212,37.501104],[126.941225,37.50109],[126.941298,37.501001],[126.941442,37.500829],[126.941463,37.500802],[126.941475,37.500788],[126.941475,37.50068],[126.941479,37.500567],[126.941453,37.500545],[126.941335,37.500437],[126.94125,37.500357],[126.941228,37.500336],[126.941215,37.500325],[126.941154,37.500264],[126.941073,37.500195],[126.941,37.500118],[126.940993,37.500104],[126.940987,37.500098],[126.941007,37.50004],[126.940856,37.499939],[126.940717,37.499845],[126.940619,37.499753],[126.940586,37.499723],[126.940493,37.499641],[126.940416,37.499568],[126.940334,37.49949],[126.94022,37.499381],[126.940097,37.499271],[126.939944,37.499131],[126.939887,37.499086],[126.939796,37.499013],[126.939696,37.49894],[126.93959,37.498871],[126.939575,37.498861],[126.939467,37.498807],[126.93944,37.498793],[126.939429,37.498788],[126.939106,37.498653],[126.938823,37.498572],[126.938818,37.498571],[126.938777,37.49856],[126.938592,37.498516],[126.938507,37.498496],[126.938508,37.498508],[126.938502,37.498579],[126.938424,37.49883],[126.938415,37.498887],[126.938374,37.499042],[126.938338,37.499068],[126.938244,37.499064],[126.938165,37.49912],[126.938158,37.499273],[126.938154,37.499287],[126.938154,37.499287],[126.93815,37.499281],[126.938068,37.499279],[126.938049,37.499393],[126.937948,37.499376],[126.937928,37.499456],[126.937902,37.499452],[126.937887,37.499534],[126.937869,37.499627],[126.937854,37.49971],[126.937839,37.499788],[126.93783,37.499805],[126.937793,37.499892],[126.937754,37.499959],[126.937726,37.500023],[126.937725,37.500023],[126.9377,37.500094],[126.937648,37.500216],[126.937609,37.500319],[126.937566,37.500427],[126.937523,37.50054],[126.93746,37.5007],[126.937414,37.500821],[126.937412,37.500822],[126.937406,37.500844],[126.937407,37.500846],[126.937475,37.500848],[126.937535,37.50087],[126.937561,37.500853],[126.937602,37.500893],[126.937589,37.500903],[126.937427,37.500998],[126.937452,37.501032],[126.9374,37.501073],[126.937298,37.50112],[126.937205,37.501163]]]]},"properties":{"program":"신속통합기획","site":"상도동 201","selected":"2025.06 수시선정","address":"동작구 상도동 201","area_m2":80937.0,"boundary_source":"토지거래허가구역"}},{"type":"Feature","geometry":{"type":"MultiPolygon","coordinates":[[[[127.006904,37.584918],[127.006963,37.585064],[127.006992,37.585128],[127.006998,37.585146],[127.006996,37.58519],[127.006993,37.585221],[127.00699,37.58526],[127.007017,37.585353],[127.007143,37.585322],[127.007188,37.585311],[127.007199,37.585242],[127.007248,37.585225],[127.007254,37.585412],[127.007261,37.585549],[127.00726,37.585549],[127.007262,37.585587],[127.007263,37.585589],[127.007264,37.585662],[127.007262,37.585679],[127.007258,37.585693],[127.007204,37.58588],[127.007183,37.585947],[127.007209,37.585993],[127.007306,37.586036],[127.007387,37.586072],[127.007389,37.586072],[127.007425,37.586088],[127.007559,37.586145],[127.00759,37.586158],[127.007706,37.586209],[127.007828,37.586263],[127.00784,37.586267],[127.007906,37.586278],[127.007918,37.58628],[127.008023,37.586298],[127.008118,37.586315],[127.008306,37.586346],[127.008433,37.586368],[127.008461,37.586374],[127.008586,37.586396],[127.008716,37.586418],[127.008716,37.586415],[127.008747,37.586303],[127.008774,37.586198],[127.008643,37.586178],[127.008711,37.586104],[127.00872,37.586094],[127.008787,37.58602],[127.008867,37.585931],[127.008863,37.585928],[127.008757,37.585858],[127.008757,37.585859],[127.008711,37.585825],[127.008668,37.585788],[127.008646,37.585772],[127.008626,37.585749],[127.008588,37.585701],[127.008556,37.585636],[127.008541,37.585593],[127.00853,37.585542],[127.008528,37.585527],[127.008527,37.585518],[127.008519,37.585387],[127.008515,37.585249],[127.008535,37.585157],[127.008553,37.585067],[127.008575,37.584961],[127.008578,37.584951],[127.008577,37.584946],[127.008589,37.584888],[127.008612,37.584771],[127.008709,37.584736],[127.008768,37.584714],[127.008799,37.584703],[127.008908,37.584664],[127.009279,37.584534],[127.00938,37.584498],[127.009397,37.584492],[127.00944,37.584477],[127.009487,37.584459],[127.009488,37.584406],[127.00949,37.584346],[127.009491,37.584327],[127.009493,37.584264],[127.009495,37.58418],[127.009496,37.584142],[127.009497,37.584115],[127.009498,37.584063],[127.009499,37.583981],[127.0095,37.583929],[127.009501,37.58389],[127.009506,37.583722],[127.009507,37.583662],[127.009508,37.583656],[127.009508,37.583633],[127.009501,37.583633],[127.0095,37.583668],[127.009498,37.583718],[127.009343,37.583712],[127.009343,37.583689],[127.009193,37.583692],[127.009191,37.583655],[127.009058,37.583687],[127.008986,37.583691],[127.008986,37.583663],[127.008869,37.583654],[127.008789,37.583643],[127.008792,37.583584],[127.008859,37.583587],[127.008874,37.583538],[127.008878,37.583503],[127.00867,37.583357],[127.008632,37.58335],[127.008602,37.583345],[127.008581,37.583317],[127.008573,37.583338],[127.008561,37.583336],[127.00856,37.583336],[127.008559,37.583336],[127.008441,37.583322],[127.008375,37.583312],[127.008356,37.583107],[127.008345,37.582986],[127.008343,37.582952],[127.008337,37.582929],[127.008336,37.582923],[127.00834,37.582896],[127.008341,37.582886],[127.008344,37.582881],[127.008367,37.582842],[127.008397,37.582795],[127.008449,37.582711],[127.008485,37.582652],[127.008517,37.5826],[127.008559,37.582534],[127.008594,37.582477],[127.008597,37.582472],[127.008531,37.582475],[127.008451,37.582478],[127.008399,37.582487],[127.008373,37.58249],[127.008364,37.582492],[127.008278,37.582511],[127.00827,37.582513],[127.008236,37.582536],[127.008141,37.582602],[127.007987,37.582656],[127.007982,37.582658],[127.007975,37.58266],[127.007894,37.582694],[127.007857,37.582711],[127.007777,37.58275],[127.007704,37.582791],[127.007696,37.582794],[127.007616,37.58283],[127.007594,37.582838],[127.007524,37.582873],[127.00752,37.582881],[127.007502,37.582959],[127.007497,37.582978],[127.00748,37.583017],[127.007359,37.583179],[127.007354,37.58334],[127.00735,37.583341],[127.007365,37.583434],[127.007329,37.583494],[127.007284,37.583568],[127.007272,37.583589],[127.007252,37.583623],[127.00721,37.583691],[127.007229,37.583704],[127.007224,37.583809],[127.007218,37.583908],[127.007211,37.58401],[127.00721,37.584028],[127.00721,37.584039],[127.007192,37.584155],[127.007172,37.584222],[127.007163,37.584234],[127.007146,37.584306],[127.007129,37.584352],[127.007109,37.584404],[127.007096,37.584442],[127.007076,37.584495],[127.007047,37.584574],[127.00702,37.58464],[127.00699,37.584703],[127.006945,37.584801],[127.006915,37.584896],[127.006904,37.584918]]]]},"properties":{"program":"신속통합기획","site":"삼선동1가 277","selected":"2025.06 수시선정","address":"성북구 삼선동1가 277","area_m2":56770.6,"boundary_source":"토지거래허가구역"}},{"type":"Feature","geometry":{"type":"MultiPolygon","coordinates":[[[[127.034778,37.667893],[127.034929,37.667996],[127.03496,37.668016],[127.035051,37.668083],[127.035084,37.668107],[127.035097,37.668117],[127.035208,37.668191],[127.03523,37.66821],[127.035037,37.66839],[127.035181,37.66849],[127.035191,37.668497],[127.035376,37.668625],[127.035427,37.668661],[127.035428,37.66866],[127.035574,37.668761],[127.035708,37.668854],[127.035848,37.668951],[127.035959,37.668851],[127.03597,37.668859],[127.036061,37.668777],[127.035974,37.668717],[127.036018,37.668676],[127.036089,37.668611],[127.03617,37.668536],[127.036218,37.668437],[127.03627,37.66839],[127.036344,37.668321],[127.036366,37.668301],[127.036462,37.668213],[127.03654,37.668141],[127.036637,37.668052],[127.036707,37.667988],[127.036799,37.667903],[127.036892,37.667817],[127.036954,37.667761],[127.037051,37.667672],[127.037057,37.667666],[127.037116,37.667612],[127.037205,37.66753],[127.037366,37.667382],[127.037466,37.667294],[127.037537,37.667228],[127.037617,37.667155],[127.037636,37.667138],[127.037698,37.667081],[127.037777,37.667009],[127.03789,37.666907],[127.037957,37.666846],[127.038073,37.666739],[127.038096,37.666718],[127.038163,37.666656],[127.038185,37.666636],[127.038283,37.666546],[127.038169,37.666468],[127.038055,37.666389],[127.037949,37.666317],[127.037924,37.666299],[127.03782,37.666227],[127.037723,37.666161],[127.037697,37.666143],[127.037574,37.666059],[127.037521,37.666022],[127.037426,37.665957],[127.037335,37.665894],[127.0373,37.66587],[127.037212,37.66581],[127.037178,37.665786],[127.03712,37.665746],[127.037076,37.665786],[127.037056,37.665805],[127.037038,37.665821],[127.036955,37.665896],[127.036877,37.665967],[127.036793,37.666043],[127.036725,37.666106],[127.036613,37.666208],[127.03655,37.666266],[127.036461,37.666348],[127.036376,37.666425],[127.036302,37.666494],[127.036306,37.666539],[127.03636,37.666576],[127.036431,37.666625],[127.036507,37.666677],[127.036641,37.666769],[127.036724,37.666826],[127.036859,37.666919],[127.036866,37.666924],[127.036778,37.666971],[127.036675,37.667026],[127.036562,37.667086],[127.036465,37.667138],[127.036444,37.667149],[127.036363,37.667193],[127.036236,37.66726],[127.036171,37.667295],[127.036031,37.66737],[127.035917,37.667431],[127.035818,37.667484],[127.035721,37.667536],[127.03567,37.667501],[127.035573,37.667435],[127.035431,37.667337],[127.035375,37.66734],[127.035269,37.667438],[127.035188,37.667512],[127.035107,37.667586],[127.035052,37.667636],[127.034958,37.667728],[127.034883,37.667797],[127.03479,37.667882],[127.034778,37.667893]]]]},"properties":{"program":"신속통합기획","site":"방학동 638","selected":"2025.08 수시선정","address":"도봉구 방학동 638","area_m2":39270.5,"boundary_source":"토지거래허가구역"}},{"type":"Feature","geometry":{"type":"MultiPolygon","coordinates":[[[[126.942823,37.494977],[126.942875,37.494985],[126.942908,37.495035],[126.942938,37.495079],[126.94296,37.495123],[126.943012,37.495221],[126.943048,37.49529],[126.943092,37.49537],[126.943137,37.495455],[126.943174,37.49553],[126.943204,37.495544],[126.94331,37.4956],[126.943249,37.495624],[126.943209,37.49564],[126.943264,37.49566],[126.943298,37.495676],[126.94333,37.495691],[126.943319,37.4957],[126.943297,37.495719],[126.943356,37.495757],[126.943345,37.495777],[126.943379,37.495846],[126.943381,37.495866],[126.943383,37.495879],[126.943386,37.495921],[126.943405,37.495975],[126.943388,37.495988],[126.943368,37.496001],[126.943311,37.496043],[126.943344,37.496069],[126.943443,37.496134],[126.943533,37.496191],[126.943627,37.496216],[126.943624,37.496234],[126.943643,37.49628],[126.943645,37.496287],[126.943658,37.496314],[126.943686,37.496332],[126.943703,37.496341],[126.943764,37.496352],[126.943772,37.496383],[126.943789,37.496449],[126.943818,37.496575],[126.94386,37.496743],[126.94389,37.496828],[126.943917,37.496933],[126.943939,37.497008],[126.943998,37.497198],[126.943844,37.497254],[126.943831,37.49725],[126.943751,37.497224],[126.943647,37.497231],[126.943614,37.497224],[126.943454,37.497191],[126.943421,37.497185],[126.943357,37.497186],[126.943292,37.49717],[126.943264,37.497165],[126.94321,37.497188],[126.943209,37.497188],[126.943214,37.497205],[126.943249,37.497276],[126.94329,37.497353],[126.943337,37.497438],[126.94336,37.497487],[126.943435,37.497459],[126.943556,37.497417],[126.943595,37.497399],[126.943651,37.497503],[126.943695,37.497589],[126.943823,37.497546],[126.94395,37.497504],[126.944069,37.497502],[126.944789,37.497342],[126.944908,37.497316],[126.945018,37.497293],[126.945028,37.497291],[126.945016,37.497186],[126.945019,37.497158],[126.945184,37.497114],[126.945244,37.49709],[126.945281,37.497077],[126.945386,37.497037],[126.945527,37.496985],[126.945643,37.496949],[126.945738,37.496912],[126.945849,37.49687],[126.945952,37.496837],[126.94607,37.496794],[126.946136,37.49677],[126.946186,37.496748],[126.946287,37.496731],[126.946297,37.496746],[126.946322,37.496788],[126.946379,37.496888],[126.946516,37.496837],[126.946686,37.496775],[126.946782,37.496736],[126.94689,37.496696],[126.947043,37.496639],[126.947129,37.496604],[126.947152,37.496598],[126.947427,37.496492],[126.947318,37.496327],[126.947228,37.496193],[126.946895,37.496255],[126.946844,37.496035],[126.946834,37.495994],[126.946786,37.495792],[126.946763,37.49568],[126.946756,37.495657],[126.946753,37.495647],[126.946724,37.495513],[126.946691,37.495399],[126.946515,37.495289],[126.946508,37.495277],[126.946226,37.494801],[126.945846,37.495053],[126.945684,37.495145],[126.945483,37.495294],[126.945194,37.495187],[126.945079,37.494954],[126.945062,37.494627],[126.945061,37.494624],[126.94506,37.494603],[126.945162,37.494372],[126.945132,37.494318],[126.945081,37.494223],[126.945052,37.494172],[126.945051,37.494172],[126.944861,37.494189],[126.94486,37.494189],[126.944404,37.494226],[126.944301,37.494235],[126.944056,37.494258],[126.943825,37.494281],[126.943778,37.494265],[126.943685,37.494261],[126.943643,37.49424],[126.943526,37.494258],[126.943524,37.494259],[126.943476,37.494277],[126.943274,37.494352],[126.943105,37.494424],[126.943059,37.494452],[126.942974,37.494555],[126.94296,37.494584],[126.942956,37.494587],[126.94295,37.494608],[126.942919,37.494677],[126.942867,37.494799],[126.942836,37.494925],[126.942823,37.494977]]]]},"properties":{"program":"신속통합기획","site":"상도동 214","selected":"2025.08 수시선정","address":"동작구 상도동 214","area_m2":85787.7,"boundary_source":"토지거래허가구역"}},{"type":"Feature","geometry":{"type":"MultiPolygon","coordinates":[[[[126.973747,37.478012],[126.973756,37.478013],[126.973782,37.478028],[126.974076,37.478182],[126.974046,37.478215],[126.97399,37.478277],[126.974076,37.478329],[126.974031,37.478472],[126.973994,37.47853],[126.973942,37.47861],[126.97386,37.478705],[126.973936,37.478747],[126.974019,37.478819],[126.974028,37.47883],[126.973969,37.478861],[126.973865,37.478914],[126.973814,37.47894],[126.973817,37.478998],[126.973817,37.479012],[126.973838,37.479093],[126.973864,37.47919],[126.973883,37.479204],[126.973927,37.479246],[126.973914,37.47926],[126.973841,37.479333],[126.973813,37.479361],[126.973786,37.479389],[126.973881,37.479467],[126.97391,37.479476],[126.973971,37.479544],[126.974029,37.479606],[126.974062,37.479643],[126.974008,37.479676],[126.974033,37.479712],[126.974043,37.479726],[126.974117,37.47983],[126.974133,37.479848],[126.974212,37.479922],[126.974227,37.479934],[126.974249,37.479955],[126.974364,37.479991],[126.974417,37.480006],[126.974426,37.480047],[126.974435,37.480083],[126.974463,37.48016],[126.974486,37.480208],[126.974516,37.480249],[126.974554,37.480295],[126.97459,37.480337],[126.974619,37.480327],[126.974621,37.480344],[126.974622,37.480347],[126.974627,37.480388],[126.974698,37.480381],[126.974794,37.480505],[126.974879,37.480613],[126.97496,37.480719],[126.975035,37.480821],[126.975119,37.480926],[126.975196,37.481031],[126.975228,37.481069],[126.975279,37.48113],[126.975341,37.481206],[126.975406,37.481284],[126.975486,37.481375],[126.975528,37.481424],[126.975552,37.481427],[126.975669,37.481436],[126.975702,37.481453],[126.975687,37.481469],[126.97569,37.481531],[126.975692,37.481562],[126.975678,37.481582],[126.975684,37.481668],[126.975684,37.481689],[126.975686,37.481776],[126.975687,37.481809],[126.975689,37.481861],[126.975692,37.481948],[126.975694,37.481983],[126.975694,37.482048],[126.975694,37.482082],[126.975696,37.482133],[126.975698,37.482176],[126.975699,37.482229],[126.9757,37.482272],[126.975703,37.482352],[126.975705,37.4824],[126.975705,37.482414],[126.975641,37.482453],[126.975669,37.48248],[126.975707,37.482515],[126.975712,37.482648],[126.975713,37.482673],[126.975709,37.482794],[126.97571,37.482826],[126.975712,37.482919],[126.975713,37.482936],[126.975714,37.483021],[126.975717,37.48314],[126.975702,37.48315],[126.975719,37.48318],[126.975717,37.483205],[126.975738,37.483211],[126.975815,37.48323],[126.975893,37.48325],[126.975926,37.48326],[126.976025,37.483268],[126.976076,37.483283],[126.97625,37.483335],[126.976328,37.483361],[126.976345,37.483367],[126.976465,37.483407],[126.976462,37.48341],[126.976549,37.483432],[126.976556,37.483434],[126.976567,37.483437],[126.976586,37.483403],[126.976652,37.483286],[126.976663,37.483267],[126.976646,37.483241],[126.976643,37.483236],[126.976711,37.483116],[126.976752,37.483042],[126.976818,37.482924],[126.976817,37.482911],[126.976925,37.4829],[126.977031,37.482896],[126.977126,37.482893],[126.977211,37.48289],[126.977253,37.482888],[126.977365,37.482884],[126.977478,37.48288],[126.977544,37.482878],[126.97762,37.482875],[126.977638,37.482875],[126.977666,37.482874],[126.97776,37.482871],[126.977822,37.482868],[126.977935,37.482864],[126.978028,37.482861],[126.978123,37.482858],[126.978161,37.482825],[126.978155,37.482725],[126.978149,37.482613],[126.978143,37.482507],[126.978139,37.482426],[126.978133,37.482308],[126.978129,37.482241],[126.978123,37.482131],[126.978117,37.482023],[126.978111,37.481916],[126.978095,37.481781],[126.97809,37.481665],[126.978085,37.481572],[126.978076,37.481356],[126.978062,37.481238],[126.978058,37.481162],[126.978053,37.481064],[126.978051,37.481017],[126.978048,37.480964],[126.978046,37.480933],[126.978043,37.480863],[126.978038,37.48077],[126.977996,37.480739],[126.977917,37.480742],[126.97789,37.480743],[126.977804,37.480745],[126.977711,37.480748],[126.977707,37.480748],[126.977612,37.480751],[126.977512,37.480754],[126.977476,37.480755],[126.977419,37.480757],[126.977375,37.480758],[126.977371,37.480672],[126.977368,37.480616],[126.977363,37.480525],[126.977357,37.480416],[126.977356,37.480389],[126.977354,37.480362],[126.97735,37.480291],[126.977346,37.480216],[126.977346,37.480211],[126.977342,37.480126],[126.97734,37.480099],[126.977338,37.480055],[126.977333,37.479972],[126.977331,37.479925],[126.977328,37.479882],[126.977326,37.479843],[126.977324,37.479807],[126.977317,37.479676],[126.977312,37.479591],[126.97742,37.479587],[126.977568,37.479582],[126.977654,37.479579],[126.977668,37.479579],[126.97769,37.479578],[126.977798,37.479574],[126.977832,37.479573],[126.977937,37.479569],[126.977975,37.479536],[126.97797,37.479452],[126.977965,37.479367],[126.977963,37.479339],[126.977958,37.479256],[126.977952,37.479165],[126.97795,37.479128],[126.977948,37.479091],[126.977946,37.479065],[126.977941,37.478979],[126.977937,37.478912],[126.977936,37.478902],[126.977932,37.478857],[126.977928,37.478809],[126.977925,37.478774],[126.97792,37.478716],[126.977917,37.478689],[126.977912,37.478629],[126.977911,37.478621],[126.977911,37.478618],[126.97791,37.478608],[126.977898,37.478474],[126.977855,37.478444],[126.977761,37.47845],[126.977673,37.478456],[126.977554,37.478463],[126.977525,37.478465],[126.977432,37.47847],[126.977398,37.478473],[126.977374,37.478474],[126.977327,37.478626],[126.977325,37.478647],[126.977315,37.478754],[126.977321,37.478856],[126.977317,37.478892],[126.977244,37.478931],[126.977177,37.478967],[126.977085,37.479018],[126.976924,37.479106],[126.976857,37.479141],[126.976714,37.479218],[126.976577,37.479291],[126.976574,37.479296],[126.976563,37.479302],[126.976525,37.479326],[126.976476,37.479268],[126.976386,37.479161],[126.976291,37.479212],[126.976203,37.479259],[126.976101,37.479141],[126.976289,37.479039],[126.976188,37.478917],[126.976088,37.478795],[126.976007,37.478697],[126.975927,37.478613],[126.975842,37.47851],[126.975737,37.478386],[126.975638,37.478268],[126.975531,37.478142],[126.975448,37.47804],[126.975413,37.478026],[126.975237,37.47812],[126.975225,37.478126],[126.975225,37.478127],[126.975142,37.478171],[126.975062,37.478216],[126.97501,37.478243],[126.974981,37.478207],[126.974893,37.478104],[126.974873,37.478082],[126.974868,37.478084],[126.97476,37.47803],[126.974675,37.477986],[126.974541,37.477918],[126.974288,37.47779],[126.974208,37.477749],[126.974201,37.477746],[126.974167,37.477723],[126.974166,37.477724],[126.974039,37.47786],[126.97397,37.47793],[126.97395,37.477951],[126.973921,37.477983],[126.973905,37.478001],[126.973861,37.478007],[126.973778,37.477966],[126.973762,37.477988],[126.973747,37.478012]],[[126.975965,37.481369],[126.975959,37.48124],[126.975955,37.481162],[126.975951,37.481071],[126.975948,37.48098],[126.975943,37.480889],[126.975941,37.48081],[126.97594,37.480801],[126.975935,37.480707],[126.975933,37.480617],[126.975928,37.480526],[126.975926,37.48043],[126.975975,37.480436],[126.975977,37.480498],[126.975982,37.480603],[126.975985,37.480693],[126.975989,37.480782],[126.975988,37.480788],[126.975993,37.480878],[126.975997,37.480966],[126.976,37.481057],[126.976004,37.481149],[126.976007,37.481238],[126.976011,37.481351],[126.975965,37.481369]],[[126.974365,37.479238],[126.974342,37.479209],[126.974368,37.479195],[126.974423,37.479165],[126.974476,37.479135],[126.974508,37.479117],[126.974523,37.479131],[126.974535,37.47915],[126.974483,37.479178],[126.9744,37.47922],[126.974365,37.479238]]]]},"properties":{"program":"신속통합기획","site":"사당동 419-1","selected":"2025.08 수시선정","address":"동작구 사당동 419-1","area_m2":133007.4,"boundary_source":"토지거래허가구역"}},{"type":"Feature","geometry":{"type":"MultiPolygon","coordinates":[[[[126.900245,37.508658],[126.900287,37.508658],[126.90041,37.508656],[126.900609,37.508651],[126.900702,37.508649],[126.900714,37.508648],[126.900706,37.508643],[126.9007,37.508641],[126.900715,37.508615],[126.900724,37.508617],[126.900771,37.508632],[126.900803,37.508647],[126.900808,37.508648],[126.900862,37.508672],[126.900953,37.508689],[126.900961,37.50869],[126.901028,37.508723],[126.901035,37.508727],[126.901132,37.508771],[126.901141,37.508775],[126.901211,37.508806],[126.901275,37.508834],[126.901328,37.508856],[126.901346,37.508863],[126.901459,37.50891],[126.901466,37.508914],[126.901474,37.508917],[126.901483,37.508922],[126.901532,37.508946],[126.901578,37.508969],[126.9016,37.508982],[126.901624,37.508996],[126.901634,37.509],[126.901686,37.50902],[126.901941,37.509053],[126.902177,37.50912],[126.902298,37.509156],[126.902358,37.509172],[126.902666,37.509261],[126.90283,37.509308],[126.902974,37.509349],[126.903137,37.509396],[126.903194,37.509413],[126.903293,37.509429],[126.903293,37.509444],[126.903351,37.509449],[126.903427,37.509454],[126.903428,37.509454],[126.903473,37.509457],[126.903473,37.509457],[126.903514,37.50946],[126.903642,37.5095],[126.903804,37.509552],[126.903948,37.509574],[126.903984,37.509594],[126.904076,37.509645],[126.90421,37.509733],[126.90433,37.509792],[126.904418,37.509836],[126.904466,37.509864],[126.90453,37.509844],[126.904602,37.509745],[126.904686,37.509632],[126.904805,37.50946],[126.90482,37.509434],[126.904847,37.509401],[126.904864,37.509375],[126.904924,37.509283],[126.904958,37.50923],[126.904976,37.50921],[126.905107,37.508976],[126.905124,37.508945],[126.905173,37.508875],[126.905219,37.508808],[126.905274,37.50873],[126.905301,37.508691],[126.905289,37.508665],[126.905276,37.508633],[126.905245,37.508543],[126.905155,37.508501],[126.905149,37.508499],[126.905128,37.508489],[126.905032,37.508445],[126.904983,37.508422],[126.904976,37.508419],[126.904944,37.508405],[126.904843,37.508358],[126.904805,37.508341],[126.904791,37.508334],[126.904756,37.508318],[126.904671,37.508279],[126.904623,37.508257],[126.904538,37.508218],[126.904492,37.508196],[126.904482,37.508192],[126.904444,37.508176],[126.904352,37.508137],[126.904294,37.508113],[126.904149,37.508049],[126.904125,37.508039],[126.904038,37.508001],[126.904006,37.507986],[126.903946,37.507959],[126.90393,37.507952],[126.903902,37.50794],[126.903882,37.507931],[126.903844,37.507913],[126.903654,37.507831],[126.903638,37.507823],[126.903601,37.507807],[126.903387,37.507719],[126.903285,37.507677],[126.903143,37.507613],[126.903086,37.507588],[126.902959,37.507533],[126.90286,37.50767],[126.902836,37.507695],[126.902793,37.507762],[126.902756,37.507819],[126.902697,37.507906],[126.902568,37.50785],[126.902491,37.507819],[126.902491,37.507814],[126.902483,37.507811],[126.902359,37.507764],[126.902336,37.507755],[126.902309,37.507744],[126.90228,37.507734],[126.902265,37.507728],[126.902118,37.507665],[126.902096,37.507651],[126.902039,37.507627],[126.901983,37.507604],[126.901969,37.507598],[126.901872,37.507559],[126.901819,37.507536],[126.901788,37.507523],[126.901784,37.507522],[126.901747,37.507505],[126.901698,37.507484],[126.901618,37.507495],[126.901547,37.507589],[126.901487,37.50767],[126.901455,37.507712],[126.901413,37.507686],[126.901401,37.507679],[126.901387,37.50767],[126.901329,37.507633],[126.901316,37.507646],[126.901279,37.507623],[126.901222,37.50759],[126.901218,37.507592],[126.901082,37.507531],[126.901085,37.50753],[126.901075,37.507521],[126.901012,37.507563],[126.900997,37.507588],[126.900987,37.507605],[126.900985,37.507604],[126.900946,37.50766],[126.900874,37.507763],[126.900852,37.507794],[126.90081,37.507853],[126.900754,37.507933],[126.900739,37.507955],[126.900723,37.507979],[126.900672,37.508051],[126.900654,37.508076],[126.900577,37.508186],[126.900469,37.508339],[126.900407,37.508427],[126.900317,37.508553],[126.900245,37.508658]]]]},"properties":{"program":"신속통합기획","site":"도림동 133-1","selected":"2025.08 수시선정","address":"영등포구 도림동 133-1","area_m2":63654.0,"boundary_source":"토지거래허가구역"}},{"type":"Feature","geometry":{"type":"MultiPolygon","coordinates":[[[[127.024131,37.634627],[127.024304,37.63464],[127.024489,37.634654],[127.024681,37.634667],[127.024807,37.634676],[127.024885,37.634681],[127.024976,37.634688],[127.024997,37.634689],[127.025119,37.634697],[127.025244,37.634706],[127.025312,37.634711],[127.025417,37.634719],[127.025522,37.634726],[127.025624,37.634734],[127.025746,37.634742],[127.02578,37.634744],[127.025904,37.634752],[127.026045,37.634762],[127.026077,37.634765],[127.026078,37.634765],[127.026218,37.634775],[127.026278,37.634778],[127.026383,37.634784],[127.026515,37.634792],[127.026585,37.634797],[127.026709,37.634807],[127.026826,37.634816],[127.026943,37.634824],[127.027066,37.634833],[127.02714,37.634838],[127.027347,37.634852],[127.027239,37.634718],[127.0272,37.634669],[127.027142,37.634596],[127.027081,37.63452],[127.027021,37.634444],[127.026959,37.634367],[127.026897,37.634289],[127.026835,37.634212],[127.026769,37.63413],[127.026723,37.634072],[127.026612,37.633937],[127.026567,37.633874],[127.026486,37.633774],[127.026332,37.633584],[127.026278,37.633539],[127.026213,37.633492],[127.026029,37.633354],[127.026019,37.633347],[127.025947,37.633294],[127.025868,37.633277],[127.025822,37.633266],[127.025748,37.633254],[127.025662,37.633236],[127.025528,37.633208],[127.025377,37.633176],[127.025223,37.633143],[127.025174,37.633133],[127.025053,37.633107],[127.024966,37.633089],[127.024821,37.633057],[127.024724,37.633033],[127.024616,37.633006],[127.024585,37.632998],[127.024469,37.632969],[127.024399,37.632951],[127.024356,37.632973],[127.024335,37.633028],[127.024303,37.633111],[127.0243,37.633115],[127.024297,37.633147],[127.024292,37.633197],[127.024289,37.633229],[127.024286,37.633248],[127.02428,37.633309],[127.024278,37.633325],[127.024275,37.633354],[127.024272,37.6334],[127.024271,37.633415],[127.024261,37.633495],[127.024253,37.633572],[127.024246,37.633622],[127.02423,37.633739],[127.024215,37.633878],[127.024206,37.633967],[127.024195,37.63406],[127.024189,37.634117],[127.024175,37.634235],[127.024167,37.634307],[127.024155,37.634415],[127.024131,37.634627]]]]},"properties":{"program":"신속통합기획","site":"미아동 159","selected":"2025.08 수시선정","address":"강북구 미아동 159","area_m2":37709.7,"boundary_source":"토지거래허가구역"}},{"type":"Feature","geometry":{"type":"MultiPolygon","coordinates":[[[[126.951974,37.556968],[126.952065,37.556975],[126.95222,37.556986],[126.952223,37.556948],[126.952207,37.556861],[126.952311,37.556849],[126.952394,37.55684],[126.952458,37.556844],[126.952578,37.556851],[126.952606,37.556852],[126.95264,37.556855],[126.95271,37.556861],[126.952715,37.556862],[126.952719,37.556862],[126.952727,37.556863],[126.95281,37.556869],[126.952812,37.556869],[126.952867,37.556872],[126.952897,37.556873],[126.95296,37.556876],[126.953026,37.556879],[126.953038,37.55688],[126.953092,37.556883],[126.95312,37.556885],[126.953215,37.55689],[126.953286,37.556909],[126.953341,37.556912],[126.953381,37.556915],[126.953391,37.556915],[126.953489,37.556921],[126.953515,37.556922],[126.953597,37.556927],[126.953726,37.556935],[126.95378,37.556938],[126.953882,37.556944],[126.953904,37.556947],[126.954013,37.556952],[126.954048,37.556955],[126.954082,37.556956],[126.954117,37.556959],[126.954174,37.556961],[126.954214,37.556965],[126.954276,37.556969],[126.954307,37.556969],[126.95434,37.556972],[126.954427,37.556976],[126.954427,37.556976],[126.954521,37.556982],[126.954527,37.556913],[126.954534,37.556846],[126.954537,37.556723],[126.954539,37.55671],[126.954543,37.556667],[126.95455,37.556591],[126.954565,37.556445],[126.954572,37.556366],[126.954587,37.556264],[126.954447,37.556249],[126.954353,37.55624],[126.954236,37.556229],[126.95413,37.556218],[126.953977,37.556201],[126.953852,37.556187],[126.953744,37.556178],[126.95363,37.556174],[126.953452,37.556169],[126.953249,37.556163],[126.95303,37.556152],[126.952836,37.556143],[126.952802,37.55614],[126.952707,37.556135],[126.952705,37.556135],[126.952693,37.556134],[126.952512,37.556127],[126.952484,37.556125],[126.952443,37.556123],[126.95238,37.55612],[126.95229,37.556114],[126.952173,37.556108],[126.952097,37.55612],[126.952052,37.5562],[126.95205,37.556217],[126.952041,37.556283],[126.952025,37.556415],[126.952024,37.556434],[126.95201,37.556577],[126.951999,37.556705],[126.951994,37.556753],[126.951985,37.556843],[126.951974,37.556967],[126.951974,37.556968]]]]},"properties":{"program":"신속통합기획","site":"아현동 331-29","selected":"2025.08 수시선정","address":"마포구 아현동 331-29","area_m2":18557.3,"boundary_source":"토지거래허가구역"}},{"type":"Feature","geometry":{"type":"MultiPolygon","coordinates":[[[[126.982982,37.545894],[126.982982,37.545893],[126.982989,37.545889],[126.983025,37.545867],[126.983058,37.545847],[126.983111,37.545815],[126.983168,37.545791],[126.983219,37.545793],[126.983261,37.545793],[126.983316,37.545797],[126.983389,37.545801],[126.983444,37.545803],[126.983465,37.545804],[126.983538,37.545807],[126.983611,37.545809],[126.983671,37.545811],[126.983719,37.545813],[126.983764,37.545822],[126.983775,37.545824],[126.983785,37.545826],[126.983793,37.545828],[126.983833,37.545836],[126.983877,37.545845],[126.983899,37.54585],[126.983934,37.545857],[126.983975,37.545843],[126.983994,37.545836],[126.984005,37.545785],[126.984019,37.545726],[126.984027,37.545697],[126.984025,37.545696],[126.984061,37.545525],[126.984069,37.545491],[126.984073,37.545473],[126.984083,37.545432],[126.984089,37.545408],[126.983992,37.54532],[126.983992,37.545319],[126.983936,37.545316],[126.983836,37.545305],[126.983815,37.545304],[126.983781,37.545303],[126.9835,37.545263],[126.983487,37.545261],[126.983478,37.545259],[126.983469,37.545256],[126.983612,37.544933],[126.983696,37.544743],[126.983644,37.544722],[126.983603,37.544707],[126.983584,37.544701],[126.983568,37.544697],[126.983489,37.544677],[126.983422,37.544662],[126.983293,37.544617],[126.983258,37.544598],[126.983209,37.544571],[126.98307,37.544493],[126.982972,37.544433],[126.982894,37.544384],[126.982794,37.544322],[126.982777,37.544315],[126.982675,37.544247],[126.982631,37.544217],[126.982594,37.544192],[126.98251,37.544136],[126.9825,37.54413],[126.982496,37.544132],[126.982457,37.54417],[126.982446,37.544199],[126.982421,37.544203],[126.982434,37.544171],[126.98244,37.544155],[126.982442,37.544151],[126.982499,37.544094],[126.982492,37.544089],[126.982441,37.544115],[126.982385,37.5441],[126.982405,37.544064],[126.982296,37.544025],[126.982178,37.543983],[126.982174,37.543982],[126.982085,37.543885],[126.982056,37.543864],[126.982034,37.543841],[126.982001,37.543806],[126.981948,37.543751],[126.981861,37.54378],[126.98176,37.543814],[126.98168,37.543841],[126.981658,37.543848],[126.981633,37.543849],[126.981514,37.543854],[126.981384,37.54386],[126.981336,37.543863],[126.981296,37.543885],[126.981243,37.543913],[126.981195,37.543939],[126.981095,37.543994],[126.981073,37.544006],[126.981013,37.544038],[126.980986,37.544053],[126.980936,37.544081],[126.980851,37.544126],[126.980735,37.544195],[126.980729,37.544193],[126.980726,37.544194],[126.980678,37.544174],[126.98064,37.544197],[126.980601,37.544197],[126.980533,37.544195],[126.980533,37.544217],[126.980567,37.54424],[126.980572,37.54425],[126.980604,37.544295],[126.980742,37.54436],[126.980767,37.544371],[126.980802,37.54438],[126.98084,37.544392],[126.980891,37.544408],[126.980931,37.544419],[126.980975,37.544429],[126.981062,37.544446],[126.981212,37.544488],[126.98132,37.544517],[126.981424,37.544545],[126.98157,37.544583],[126.981685,37.544612],[126.981693,37.544648],[126.981689,37.54467],[126.981663,37.544724],[126.981662,37.544728],[126.981662,37.544846],[126.98166,37.545017],[126.98166,37.545058],[126.981658,37.545107],[126.981653,37.545202],[126.981651,37.545259],[126.981648,37.545319],[126.981648,37.545349],[126.981648,37.545354],[126.981648,37.54537],[126.981652,37.545443],[126.981656,37.545536],[126.981651,37.545589],[126.981648,37.545624],[126.981638,37.54571],[126.981638,37.545715],[126.98163,37.545827],[126.98163,37.545835],[126.981626,37.545851],[126.981608,37.545931],[126.981604,37.545942],[126.981583,37.546026],[126.981581,37.546029],[126.981576,37.546058],[126.981557,37.546155],[126.981518,37.546337],[126.981509,37.546336],[126.981501,37.546367],[126.981499,37.546376],[126.981482,37.546508],[126.981608,37.546457],[126.981742,37.546442],[126.981858,37.546389],[126.981851,37.546381],[126.981843,37.546372],[126.981881,37.546375],[126.981919,37.546379],[126.981954,37.546359],[126.982068,37.546312],[126.982192,37.546262],[126.982487,37.546142],[126.98255,37.546106],[126.982554,37.546105],[126.982653,37.546065],[126.982676,37.546054],[126.982799,37.546005],[126.982877,37.545966],[126.982927,37.545942],[126.982973,37.545908],[126.982982,37.545894]]]]},"properties":{"program":"신속통합기획","site":"용산동2가 1-1351","selected":"2025.08 수시선정","address":"용산구 용산동2가 1-1351","area_m2":43016.7,"boundary_source":"토지거래허가구역"}},{"type":"Feature","geometry":{"type":"MultiPolygon","coordinates":[[[[126.909826,37.462457],[126.909851,37.462456],[126.909876,37.46249],[126.909891,37.462511],[126.909911,37.462539],[126.90994,37.462559],[126.910032,37.462623],[126.910145,37.462701],[126.910147,37.462715],[126.910183,37.462925],[126.910208,37.463075],[126.910343,37.463203],[126.910445,37.463307],[126.910576,37.463441],[126.910715,37.463564],[126.910783,37.46363],[126.910849,37.46369],[126.910936,37.463767],[126.911012,37.463841],[126.911104,37.463928],[126.911175,37.463993],[126.911195,37.464012],[126.91129,37.463964],[126.911392,37.463915],[126.91148,37.463996],[126.911519,37.463973],[126.911649,37.463898],[126.911709,37.463861],[126.911791,37.463987],[126.911842,37.464066],[126.911828,37.463992],[126.911796,37.463827],[126.911734,37.46352],[126.911695,37.46332],[126.911665,37.463169],[126.911643,37.463122],[126.911582,37.462988],[126.911527,37.462863],[126.911384,37.462547],[126.911726,37.462555],[126.91194,37.462561],[126.91242,37.462577],[126.912415,37.462443],[126.912556,37.462443],[126.912716,37.462442],[126.912742,37.462457],[126.912933,37.462454],[126.912893,37.462221],[126.912689,37.462198],[126.912676,37.462216],[126.912564,37.462204],[126.912539,37.4622],[126.912404,37.462187],[126.91233,37.462183],[126.912211,37.462188],[126.912078,37.462191],[126.911903,37.462197],[126.911806,37.4622],[126.911663,37.462207],[126.911526,37.462211],[126.911436,37.462219],[126.911295,37.462222],[126.911153,37.462226],[126.911056,37.46223],[126.910809,37.46224],[126.910723,37.462241],[126.910582,37.462246],[126.91058,37.462275],[126.91058,37.462368],[126.91058,37.462493],[126.910439,37.462487],[126.910411,37.462464],[126.910411,37.462252],[126.910348,37.462255],[126.910253,37.462259],[126.910147,37.46226],[126.910054,37.462314],[126.910006,37.462342],[126.909963,37.462385],[126.909962,37.462386],[126.909883,37.462438],[126.909826,37.462457]]]]},"properties":{"program":"신속통합기획","site":"시흥동 1","selected":"2025.11 수시선정","address":"금천구 시흥동 1","area_m2":24901.5,"boundary_source":"토지거래허가구역"}},{"type":"Feature","geometry":{"type":"MultiPolygon","coordinates":[[[[126.960318,37.573555],[126.960413,37.573635],[126.960472,37.573686],[126.960496,37.573706],[126.960518,37.573727],[126.960582,37.573792],[126.960678,37.573885],[126.960721,37.573927],[126.960748,37.573917],[126.9608,37.573956],[126.960815,37.573968],[126.960833,37.573983],[126.960849,37.573995],[126.96091,37.574044],[126.960971,37.574092],[126.960977,37.574097],[126.960988,37.574108],[126.961026,37.574141],[126.961065,37.574176],[126.96109,37.574201],[126.961136,37.574226],[126.961168,37.57426],[126.961184,37.574277],[126.961197,37.574283],[126.961227,37.574297],[126.96131,37.574333],[126.961373,37.574365],[126.96139,37.574376],[126.961458,37.574417],[126.961465,37.574423],[126.961476,37.574432],[126.961516,37.574462],[126.961492,37.574485],[126.961561,37.574541],[126.961711,37.574667],[126.961818,37.574757],[126.961795,37.57483],[126.961793,37.57484],[126.96177,37.574923],[126.96175,37.57499],[126.961749,37.575],[126.961751,37.575006],[126.961813,37.575197],[126.961844,37.575245],[126.961862,37.575272],[126.961888,37.57531],[126.961964,37.575425],[126.961946,37.575692],[126.961943,37.575725],[126.96196,37.575755],[126.961958,37.575768],[126.961958,37.575772],[126.961955,37.575798],[126.961949,37.575855],[126.961947,37.575879],[126.96195,37.575963],[126.961953,37.576031],[126.961953,37.576043],[126.96196,37.576125],[126.961966,37.576167],[126.961966,37.576185],[126.961969,37.576231],[126.961972,37.576292],[126.961974,37.576361],[126.962001,37.576439],[126.962006,37.576454],[126.962052,37.576503],[126.96206,37.576513],[126.962109,37.576578],[126.962117,37.576589],[126.962152,37.57664],[126.96218,37.576628],[126.962197,37.576621],[126.962204,37.576623],[126.962212,37.576625],[126.962253,37.576608],[126.962275,37.57657],[126.962524,37.576137],[126.962589,37.576024],[126.962605,37.575997],[126.962627,37.575956],[126.962664,37.575966],[126.9627,37.575978],[126.96271,37.575981],[126.962764,37.576009],[126.962804,37.575929],[126.962958,37.575981],[126.962931,37.576065],[126.962974,37.576079],[126.96304,37.576101],[126.963097,37.57612],[126.963126,37.575996],[126.963109,37.575941],[126.963125,37.575904],[126.963142,37.575879],[126.963186,37.575814],[126.96327,37.57569],[126.963382,37.575509],[126.963436,37.575336],[126.963451,37.575282],[126.963467,37.575225],[126.963471,37.57519],[126.963472,37.575177],[126.963472,37.575168],[126.963474,37.575134],[126.963476,37.575115],[126.963481,37.575065],[126.963486,37.575008],[126.963501,37.574914],[126.963512,37.574823],[126.963528,37.574729],[126.963528,37.574661],[126.963549,37.574574],[126.963579,37.57446],[126.963578,37.574451],[126.963569,37.574407],[126.963558,37.574333],[126.963549,37.574278],[126.963542,37.57422],[126.963539,37.574193],[126.963542,37.574129],[126.963549,37.574033],[126.963569,37.574022],[126.963581,37.574005],[126.963638,37.573922],[126.963659,37.573901],[126.96367,37.573888],[126.963747,37.573813],[126.963832,37.573738],[126.963883,37.573693],[126.963944,37.573638],[126.963971,37.573614],[126.96398,37.573599],[126.964007,37.573547],[126.964007,37.573526],[126.964112,37.573465],[126.964136,37.573437],[126.96417,37.573394],[126.964216,37.573334],[126.964261,37.573276],[126.964262,37.573276],[126.964282,37.573238],[126.964293,37.573223],[126.964331,37.573174],[126.964362,37.57314],[126.964393,37.573106],[126.964425,37.573061],[126.964445,37.573044],[126.964466,37.573027],[126.964489,37.573013],[126.964526,37.572987],[126.964541,37.572979],[126.964609,37.572945],[126.964629,37.572942],[126.964674,37.572929],[126.964701,37.572925],[126.964739,37.572925],[126.964793,37.572929],[126.964832,37.572926],[126.964875,37.572921],[126.964947,37.572909],[126.964968,37.572905],[126.964968,37.572905],[126.965,37.572897],[126.9651,37.572869],[126.965154,37.572852],[126.965196,37.572839],[126.965234,37.572816],[126.965249,37.572806],[126.965264,37.572783],[126.965294,37.572734],[126.965321,37.572707],[126.965342,37.572686],[126.965345,37.572676],[126.965361,37.572628],[126.965374,37.572608],[126.965401,37.572548],[126.965415,37.57252],[126.965421,37.572506],[126.965443,37.57246],[126.965452,37.572439],[126.965457,37.572438],[126.965467,37.572395],[126.965475,37.572362],[126.965493,37.572282],[126.965498,37.572267],[126.9655,37.572257],[126.965516,37.5722],[126.965527,37.572165],[126.965533,37.572143],[126.965537,37.57213],[126.965551,37.572084],[126.965562,37.572054],[126.965574,37.572022],[126.965502,37.571982],[126.965435,37.571946],[126.965334,37.571892],[126.965328,37.571888],[126.965234,37.571838],[126.965181,37.571811],[126.965159,37.571799],[126.965048,37.571744],[126.965046,37.571767],[126.965045,37.571784],[126.965043,37.571805],[126.965035,37.571875],[126.965015,37.571957],[126.964994,37.571989],[126.964941,37.572072],[126.964929,37.572091],[126.964906,37.572115],[126.964854,37.572175],[126.964828,37.572204],[126.964819,37.572214],[126.964799,37.572235],[126.964772,37.572264],[126.964756,37.572278],[126.964742,37.572289],[126.964712,37.572315],[126.964707,37.57235],[126.964668,37.57239],[126.964659,37.57239],[126.964635,37.572385],[126.964543,37.572449],[126.964535,37.572455],[126.964489,37.572487],[126.964419,37.572535],[126.96434,37.57259],[126.96431,37.572563],[126.964288,37.572543],[126.964185,37.572485],[126.964086,37.572441],[126.96404,37.572436],[126.96403,37.572452],[126.963906,37.572648],[126.963877,37.572684],[126.963742,37.572607],[126.963645,37.572592],[126.963573,37.572582],[126.96353,37.572575],[126.963506,37.572573],[126.963493,37.572572],[126.963474,37.572635],[126.96347,37.572645],[126.963507,37.572659],[126.963478,37.572703],[126.963378,37.572853],[126.963294,37.572844],[126.963169,37.57283],[126.963082,37.5728],[126.96294,37.57275],[126.962942,37.572744],[126.962957,37.572704],[126.962997,37.57263],[126.962965,37.572602],[126.96277,37.572602],[126.962554,37.572601],[126.962446,37.5726],[126.962358,37.572608],[126.962338,37.5726],[126.962325,37.572609],[126.962268,37.572611],[126.962262,37.572611],[126.962216,37.572611],[126.962181,37.572612],[126.96205,37.572614],[126.961966,37.572623],[126.96198,37.572638],[126.962008,37.572668],[126.962034,37.572695],[126.962169,37.572665],[126.962202,37.572634],[126.962207,37.572638],[126.962183,37.572673],[126.962161,37.572681],[126.962058,37.572712],[126.962177,37.572807],[126.962236,37.572875],[126.962279,37.572934],[126.962296,37.572959],[126.962317,37.572998],[126.962355,37.573068],[126.962391,37.573133],[126.962416,37.573185],[126.962459,37.573178],[126.962552,37.573158],[126.962551,37.573144],[126.962641,37.573146],[126.962637,37.573364],[126.962634,37.573503],[126.962633,37.573565],[126.962605,37.573624],[126.962594,37.573683],[126.962547,37.573714],[126.962546,37.573735],[126.962518,37.573739],[126.962433,37.573787],[126.962329,37.573796],[126.962199,37.573806],[126.962166,37.57381],[126.962141,37.573814],[126.962043,37.573832],[126.96198,37.573844],[126.961944,37.573852],[126.961812,37.57387],[126.961708,37.573885],[126.961698,37.573887],[126.961576,37.573908],[126.961545,37.573913],[126.961514,37.573918],[126.961502,37.57392],[126.961471,37.573925],[126.961465,37.573885],[126.961453,37.573819],[126.961428,37.573702],[126.961425,37.57368],[126.961396,37.573537],[126.961377,37.573447],[126.961361,37.573365],[126.961264,37.573411],[126.961231,37.57336],[126.961182,37.573286],[126.961184,37.573284],[126.961168,37.573261],[126.961146,37.573229],[126.961099,37.573236],[126.961071,37.573143],[126.961059,37.573102],[126.961052,37.573083],[126.961018,37.57306],[126.960944,37.573004],[126.960929,37.573019],[126.960867,37.573074],[126.960798,37.573135],[126.960716,37.573207],[126.960709,37.573213],[126.960698,37.573222],[126.960596,37.573314],[126.960584,37.573327],[126.960485,37.573404],[126.960424,37.57346],[126.960358,37.573518],[126.960339,37.573535],[126.960318,37.573555]]]]},"properties":{"program":"신속통합기획","site":"행촌동 210-2","selected":"2025.11 수시선정","address":"종로구 행촌동 210-2","area_m2":76310.0,"boundary_source":"토지거래허가구역"}},{"type":"Feature","geometry":{"type":"Point","coordinates":[126.906063,37.550373]},"properties":{"program":"신속통합기획","site":"합정동 444-12","selected":"2025.11 수시선정","address":"마포구 합정동 444-12","area_m2":40735.5,"boundary_source":null}},{"type":"Feature","geometry":{"type":"MultiPolygon","coordinates":[[[[126.988625,37.538824],[126.988665,37.538843],[126.98869,37.538857],[126.98875,37.538893],[126.988784,37.538915],[126.988888,37.53898],[126.988909,37.538992],[126.988918,37.538998],[126.988981,37.539038],[126.988982,37.539043],[126.989002,37.539052],[126.9891,37.539113],[126.989162,37.539152],[126.989313,37.539249],[126.989344,37.539223],[126.989435,37.539171],[126.989451,37.539132],[126.989473,37.53912],[126.989596,37.539059],[126.989621,37.539046],[126.98978,37.53896],[126.98979,37.538956],[126.989799,37.538951],[126.989915,37.53889],[126.989952,37.53887],[126.989991,37.53883],[126.990002,37.538811],[126.990031,37.538765],[126.990036,37.538754],[126.99006,37.538679],[126.990095,37.538665],[126.990149,37.538653],[126.990177,37.538652],[126.990386,37.538655],[126.990619,37.538661],[126.990607,37.538895],[126.990606,37.538912],[126.990853,37.538922],[126.990853,37.538913],[126.990863,37.5388],[126.990881,37.53867],[126.990892,37.53867],[126.990978,37.538699],[126.991012,37.53871],[126.991019,37.538698],[126.991092,37.538731],[126.991037,37.53883],[126.991007,37.538889],[126.991002,37.53891],[126.990998,37.53892],[126.990994,37.538931],[126.99102,37.538954],[126.991043,37.538976],[126.990934,37.539081],[126.990914,37.53909],[126.990931,37.539137],[126.991066,37.53914],[126.991187,37.53914],[126.991198,37.53914],[126.991309,37.53916],[126.99133,37.539161],[126.991344,37.539172],[126.991414,37.53922],[126.991422,37.539226],[126.991472,37.539252],[126.991563,37.53929],[126.991679,37.539339],[126.991714,37.539344],[126.991737,37.539348],[126.991791,37.539356],[126.991923,37.539352],[126.991982,37.539352],[126.992003,37.539339],[126.992056,37.539308],[126.992048,37.539476],[126.992061,37.539485],[126.992074,37.539515],[126.99209,37.539525],[126.992053,37.539673],[126.992067,37.539676],[126.992049,37.539753],[126.992026,37.539859],[126.992156,37.539913],[126.992254,37.539953],[126.992297,37.539969],[126.992343,37.539946],[126.992404,37.539882],[126.992473,37.539845],[126.992612,37.53981],[126.992643,37.539808],[126.992708,37.539805],[126.992744,37.539795],[126.992817,37.539776],[126.992862,37.53976],[126.992888,37.539751],[126.992932,37.539756],[126.992962,37.539757],[126.99313,37.539657],[126.993153,37.539645],[126.993242,37.539539],[126.993299,37.5395],[126.99342,37.539397],[126.993526,37.539309],[126.99355,37.539289],[126.993594,37.539208],[126.993608,37.53918],[126.993665,37.539137],[126.993689,37.539136],[126.993722,37.539109],[126.993745,37.539099],[126.993796,37.539083],[126.993851,37.539044],[126.993866,37.539018],[126.993889,37.53901],[126.994048,37.539001],[126.994141,37.538971],[126.994162,37.538954],[126.994194,37.538926],[126.994234,37.538778],[126.994201,37.53876],[126.994191,37.538715],[126.9942,37.538572],[126.994134,37.538505],[126.994117,37.538481],[126.99407,37.538445],[126.993948,37.53837],[126.993854,37.538362],[126.993652,37.538371],[126.993577,37.538374],[126.993375,37.53838],[126.993288,37.538379],[126.993286,37.538385],[126.993282,37.538389],[126.993191,37.538406],[126.993162,37.538405],[126.992911,37.538396],[126.992888,37.538395],[126.992881,37.5384],[126.992872,37.538394],[126.992776,37.53833],[126.992683,37.538267],[126.992666,37.538255],[126.992646,37.538241],[126.992257,37.537992],[126.992037,37.537852],[126.992016,37.537838],[126.991965,37.537808],[126.99193,37.537786],[126.991745,37.537708],[126.991712,37.537718],[126.991669,37.537693],[126.991667,37.537691],[126.991618,37.537662],[126.991541,37.537608],[126.991417,37.53752],[126.991346,37.537469],[126.991333,37.537464],[126.991194,37.537396],[126.991195,37.537407],[126.991161,37.537393],[126.99109,37.537364],[126.990925,37.5373],[126.99089,37.537285],[126.990765,37.537233],[126.990695,37.537203],[126.990628,37.537213],[126.990598,37.537334],[126.990568,37.537447],[126.990562,37.537474],[126.990688,37.537497],[126.990662,37.537611],[126.990535,37.537585],[126.990514,37.537662],[126.990489,37.537692],[126.990506,37.537698],[126.990478,37.537746],[126.990473,37.537759],[126.990431,37.537806],[126.990417,37.537819],[126.990402,37.537836],[126.990335,37.537877],[126.990266,37.537922],[126.990234,37.537941],[126.990217,37.537943],[126.990174,37.537967],[126.990126,37.537979],[126.990089,37.537991],[126.989991,37.538022],[126.989971,37.538029],[126.98989,37.538036],[126.98975,37.537988],[126.989584,37.537986],[126.989573,37.537995],[126.9895,37.538013],[126.989474,37.538011],[126.989394,37.538012],[126.989274,37.538006],[126.98919,37.538001],[126.989161,37.537999],[126.989143,37.537998],[126.988995,37.537982],[126.988989,37.537979],[126.988933,37.537973],[126.988837,37.537967],[126.988824,37.537966],[126.988814,37.538022],[126.98881,37.538036],[126.988792,37.538036],[126.98879,37.538044],[126.988786,37.538067],[126.988784,37.538074],[126.988762,37.538083],[126.988737,37.538146],[126.988712,37.538234],[126.988715,37.538247],[126.988708,37.538274],[126.988698,37.53831],[126.988695,37.538342],[126.988677,37.538454],[126.98868,37.538476],[126.988646,37.538563],[126.988627,37.5387],[126.988636,37.538704],[126.988626,37.538813],[126.988625,37.538824]]]]},"properties":{"program":"신속통합기획","site":"이태원동 214-37","selected":"2025.11 수시선정","address":"용산구 이태원동 214-37","area_m2":66986.2,"boundary_source":"토지거래허가구역"}},{"type":"Feature","geometry":{"type":"MultiPolygon","coordinates":[[[[126.981251,37.546832],[126.981289,37.54686],[126.981309,37.546871],[126.981368,37.546916],[126.981417,37.546951],[126.981438,37.546968],[126.981576,37.547069],[126.981673,37.54714],[126.981745,37.547189],[126.981902,37.547305],[126.981969,37.547354],[126.982007,37.547384],[126.982121,37.547472],[126.9822,37.547532],[126.982224,37.547549],[126.98223,37.547554],[126.982291,37.547609],[126.982299,37.547618],[126.982327,37.547652],[126.982371,37.547723],[126.982401,37.547782],[126.982402,37.547785],[126.982405,37.547797],[126.982424,37.547847],[126.982438,37.547902],[126.982444,37.547945],[126.982442,37.547995],[126.982415,37.548138],[126.982412,37.548159],[126.98239,37.548258],[126.982401,37.548273],[126.982459,37.548285],[126.982589,37.548313],[126.982593,37.548312],[126.982666,37.548303],[126.982697,37.548302],[126.982731,37.548302],[126.982821,37.548301],[126.982835,37.548301],[126.982925,37.5483],[126.98297,37.5483],[126.983045,37.548299],[126.983051,37.5483],[126.983095,37.548304],[126.983164,37.548311],[126.983184,37.548314],[126.983193,37.548304],[126.983209,37.548277],[126.983224,37.54826],[126.983235,37.548231],[126.983238,37.548222],[126.983248,37.548194],[126.983254,37.548118],[126.983304,37.54808],[126.983322,37.548038],[126.983359,37.547997],[126.983469,37.548026],[126.983537,37.548042],[126.983698,37.548083],[126.983736,37.548093],[126.983825,37.548133],[126.983869,37.548169],[126.983896,37.548185],[126.983966,37.548097],[126.983988,37.548112],[126.984002,37.548089],[126.984004,37.548086],[126.984018,37.548051],[126.98405,37.547939],[126.98405,37.547924],[126.984056,37.547852],[126.984077,37.547666],[126.984078,37.54766],[126.984085,37.547587],[126.984081,37.547565],[126.984093,37.547493],[126.984097,37.54744],[126.9841,37.547414],[126.984096,37.547387],[126.984072,37.547338],[126.984063,37.547316],[126.984033,37.547246],[126.984027,37.547236],[126.984009,37.547145],[126.984009,37.547142],[126.984001,37.547113],[126.984002,37.547096],[126.984004,37.547049],[126.98401,37.547032],[126.98401,37.546982],[126.984023,37.546934],[126.984025,37.546923],[126.984029,37.546916],[126.984063,37.546839],[126.984093,37.546813],[126.984126,37.546775],[126.984133,37.54677],[126.9842,37.546728],[126.984335,37.546656],[126.9844,37.546623],[126.984422,37.546605],[126.984476,37.546566],[126.984535,37.546529],[126.984636,37.546528],[126.984706,37.546564],[126.98471,37.546566],[126.984777,37.546612],[126.984804,37.546629],[126.984956,37.546567],[126.985024,37.546527],[126.985048,37.546514],[126.98511,37.546478],[126.985151,37.546454],[126.985198,37.546432],[126.985232,37.546417],[126.985294,37.546399],[126.985304,37.546103],[126.985309,37.545955],[126.985278,37.545929],[126.985259,37.545914],[126.985181,37.545864],[126.985164,37.54577],[126.985159,37.545766],[126.985117,37.545718],[126.985099,37.545707],[126.985018,37.545652],[126.984956,37.545603],[126.984922,37.545565],[126.984914,37.545555],[126.984883,37.545554],[126.98478,37.545642],[126.984768,37.545652],[126.984695,37.545711],[126.984671,37.545726],[126.984584,37.545803],[126.984516,37.545864],[126.984453,37.545914],[126.984403,37.545951],[126.984385,37.545964],[126.984377,37.54597],[126.98437,37.545977],[126.984355,37.545988],[126.984313,37.546022],[126.98429,37.54604],[126.984216,37.546021],[126.984216,37.546021],[126.984215,37.54602],[126.984188,37.545956],[126.984183,37.545956],[126.984084,37.545946],[126.983944,37.545933],[126.983876,37.545915],[126.98378,37.5459],[126.983711,37.545884],[126.983666,37.545881],[126.983663,37.545881],[126.98363,37.545879],[126.983619,37.545879],[126.983487,37.545875],[126.983451,37.545875],[126.98342,37.545874],[126.983303,37.545867],[126.983279,37.545867],[126.983256,37.545864],[126.983161,37.54586],[126.983151,37.54587],[126.983145,37.545877],[126.983073,37.545925],[126.982961,37.546002],[126.982877,37.54605],[126.982814,37.546074],[126.982777,37.546087],[126.982739,37.546101],[126.982682,37.546123],[126.982598,37.546159],[126.982536,37.546197],[126.98252,37.546206],[126.982522,37.546209],[126.982498,37.546218],[126.982494,37.546211],[126.982453,37.546229],[126.982442,37.546234],[126.982437,37.546236],[126.982309,37.546293],[126.98229,37.5463],[126.982239,37.546322],[126.982201,37.54634],[126.982195,37.54634],[126.982131,37.546367],[126.982124,37.54636],[126.982112,37.546345],[126.98202,37.546377],[126.981999,37.546388],[126.982018,37.54639],[126.981989,37.546405],[126.982001,37.546418],[126.981971,37.546438],[126.981961,37.546444],[126.981887,37.54648],[126.981855,37.546496],[126.981761,37.54653],[126.981679,37.546561],[126.981653,37.546567],[126.981606,37.546584],[126.98156,37.5466],[126.981494,37.546624],[126.981481,37.546644],[126.981493,37.546657],[126.981474,37.546672],[126.981435,37.546653],[126.981355,37.546722],[126.981341,37.546734],[126.981352,37.546743],[126.981251,37.546832]]]]},"properties":{"program":"신속통합기획","site":"용산동2가 1-597","selected":"2025.11 수시선정","address":"용산구 용산동2가 1-597","area_m2":53734.6,"boundary_source":"토지거래허가구역"}},{"type":"Feature","geometry":{"type":"MultiPolygon","coordinates":[[[[126.933116,37.603777],[126.933227,37.603793],[126.933293,37.603797],[126.933393,37.603817],[126.93348,37.603834],[126.933589,37.603849],[126.933748,37.60387],[126.933857,37.603893],[126.934028,37.603922],[126.93404,37.603927],[126.934175,37.603939],[126.934312,37.603951],[126.934457,37.603964],[126.934595,37.603976],[126.934664,37.603981],[126.934673,37.603915],[126.934691,37.603803],[126.934704,37.603706],[126.934668,37.603742],[126.934518,37.603737],[126.934489,37.603716],[126.934589,37.603443],[126.934538,37.603438],[126.934343,37.603413],[126.934355,37.603335],[126.93436,37.603328],[126.934307,37.603284],[126.934386,37.603226],[126.934428,37.603195],[126.934456,37.603143],[126.934522,37.603112],[126.934539,37.60311],[126.934649,37.603075],[126.934715,37.603065],[126.934773,37.603073],[126.934808,37.603079],[126.934836,37.602926],[126.93485,37.602824],[126.934858,37.602801],[126.934876,37.602704],[126.934883,37.602669],[126.934883,37.602668],[126.934911,37.602462],[126.934918,37.602463],[126.934924,37.602464],[126.934929,37.602378],[126.934882,37.602381],[126.934787,37.602386],[126.934682,37.602392],[126.934612,37.602396],[126.934587,37.602391],[126.934546,37.602387],[126.934544,37.602386],[126.934508,37.602359],[126.934297,37.602346],[126.933958,37.602327],[126.933957,37.602352],[126.933856,37.602333],[126.933762,37.602315],[126.933741,37.602339],[126.933688,37.602345],[126.933493,37.60236],[126.933477,37.602361],[126.933475,37.602354],[126.933182,37.602382],[126.93324,37.602539],[126.933278,37.602646],[126.9333,37.602704],[126.933337,37.602806],[126.933341,37.602816],[126.933375,37.60298],[126.933483,37.603213],[126.933499,37.603246],[126.933627,37.603236],[126.933573,37.603332],[126.933569,37.603338],[126.933499,37.603339],[126.933476,37.603385],[126.933357,37.60358],[126.933346,37.603598],[126.933276,37.603623],[126.933166,37.603741],[126.933116,37.603777]]]]},"properties":{"program":"신속통합기획","site":"녹번동 35-78","selected":"2025.11 수시선정","address":"은평구 녹번동 35-78","area_m2":20320.5,"boundary_source":"토지거래허가구역"}},{"type":"Feature","geometry":{"type":"MultiPolygon","coordinates":[[[[126.885024,37.487615],[126.885061,37.487673],[126.885068,37.487684],[126.885101,37.487736],[126.885129,37.487784],[126.885135,37.487793],[126.885165,37.487842],[126.885198,37.487893],[126.88523,37.487948],[126.885264,37.488003],[126.885296,37.488057],[126.885337,37.488121],[126.885426,37.488085],[126.88549,37.48806],[126.885495,37.488058],[126.885555,37.488156],[126.885588,37.488209],[126.885622,37.488265],[126.885655,37.488318],[126.885679,37.488357],[126.885687,37.488369],[126.885717,37.488417],[126.885722,37.488426],[126.885756,37.48848],[126.885786,37.48853],[126.88582,37.488585],[126.885859,37.488648],[126.885882,37.488679],[126.885887,37.488686],[126.88592,37.488739],[126.885951,37.488791],[126.885956,37.488799],[126.885986,37.488847],[126.886017,37.488898],[126.886022,37.488907],[126.886054,37.488959],[126.886056,37.488962],[126.886083,37.489006],[126.886088,37.489015],[126.886119,37.489066],[126.886149,37.489117],[126.886154,37.489125],[126.886185,37.489175],[126.886216,37.489226],[126.886222,37.489237],[126.886226,37.489244],[126.886252,37.489286],[126.886284,37.48934],[126.886284,37.48934],[126.886284,37.48934],[126.886291,37.489351],[126.886291,37.489351],[126.886291,37.489351],[126.886336,37.489427],[126.886378,37.489411],[126.886402,37.489438],[126.886581,37.48937],[126.886584,37.489373],[126.886625,37.489407],[126.886639,37.489375],[126.886666,37.489382],[126.886661,37.489399],[126.886685,37.489409],[126.886759,37.489416],[126.886765,37.489416],[126.886883,37.489452],[126.887027,37.489493],[126.887099,37.489527],[126.887149,37.48952],[126.887177,37.489561],[126.887204,37.489599],[126.887241,37.489654],[126.887313,37.489744],[126.887318,37.489751],[126.887367,37.489813],[126.887376,37.489824],[126.887382,37.489838],[126.887405,37.489867],[126.887568,37.489821],[126.88757,37.489825],[126.887592,37.489818],[126.887721,37.489778],[126.887732,37.489797],[126.887823,37.489766],[126.887848,37.489757],[126.887859,37.489781],[126.887965,37.489757],[126.887919,37.489678],[126.887927,37.489675],[126.888004,37.489653],[126.887999,37.489644],[126.887944,37.489557],[126.887917,37.489519],[126.887911,37.489507],[126.887902,37.48949],[126.887929,37.489397],[126.887942,37.489376],[126.88795,37.489362],[126.887969,37.489318],[126.887974,37.489305],[126.888004,37.489185],[126.888016,37.489137],[126.888023,37.489059],[126.888027,37.489034],[126.888037,37.488974],[126.888043,37.488938],[126.888048,37.488908],[126.888057,37.488885],[126.888087,37.488808],[126.888148,37.488725],[126.888225,37.488662],[126.888227,37.48866],[126.888251,37.488626],[126.888262,37.488611],[126.888272,37.488598],[126.888289,37.488575],[126.888299,37.488561],[126.888325,37.488526],[126.888426,37.488391],[126.888445,37.488363],[126.888465,37.488334],[126.888473,37.488325],[126.888524,37.48827],[126.888532,37.48826],[126.888569,37.488216],[126.888579,37.488205],[126.888616,37.48816],[126.888625,37.48815],[126.888665,37.488106],[126.888671,37.488097],[126.888727,37.488038],[126.888735,37.48803],[126.888785,37.487976],[126.888791,37.487969],[126.88884,37.487919],[126.888775,37.487868],[126.888735,37.487836],[126.888694,37.487803],[126.88868,37.487792],[126.888649,37.487768],[126.88864,37.487761],[126.888619,37.487744],[126.888594,37.487724],[126.888585,37.487718],[126.888537,37.48768],[126.888523,37.487668],[126.888494,37.487646],[126.888474,37.48763],[126.888456,37.487615],[126.888435,37.487593],[126.888413,37.487569],[126.888406,37.487561],[126.888319,37.487468],[126.888309,37.487457],[126.888252,37.487395],[126.888194,37.487333],[126.888183,37.487321],[126.888068,37.487198],[126.88802,37.487145],[126.887987,37.487109],[126.887949,37.487067],[126.887937,37.487052],[126.8879,37.487008],[126.887877,37.486982],[126.887845,37.486932],[126.887803,37.486887],[126.887759,37.486838],[126.887746,37.486823],[126.887661,37.486724],[126.887596,37.48665],[126.887561,37.48661],[126.887406,37.486431],[126.887361,37.486379],[126.887315,37.486326],[126.887268,37.486272],[126.887247,37.486248],[126.887239,37.486239],[126.887134,37.486119],[126.887049,37.486019],[126.886987,37.485946],[126.886956,37.485909],[126.886944,37.485896],[126.886931,37.485882],[126.886922,37.485872],[126.886908,37.485856],[126.88687,37.485813],[126.886774,37.485703],[126.886597,37.485501],[126.886536,37.485431],[126.886393,37.485272],[126.886391,37.485269],[126.88638,37.485254],[126.88632,37.485182],[126.88631,37.48517],[126.886245,37.485095],[126.886109,37.485115],[126.886067,37.485182],[126.886033,37.485236],[126.885975,37.485381],[126.885949,37.485447],[126.885935,37.485487],[126.885924,37.485513],[126.885916,37.485532],[126.8859,37.485577],[126.885885,37.485615],[126.885877,37.485639],[126.885872,37.485652],[126.885848,37.485703],[126.885788,37.48584],[126.885773,37.485873],[126.885767,37.485886],[126.885741,37.485956],[126.885715,37.486013],[126.885688,37.486073],[126.885676,37.486101],[126.885677,37.486101],[126.885677,37.486101],[126.885636,37.486196],[126.885614,37.486248],[126.885608,37.486263],[126.885608,37.486263],[126.885575,37.486335],[126.885541,37.486417],[126.885528,37.486447],[126.885528,37.486447],[126.885523,37.486459],[126.885516,37.486475],[126.885509,37.486495],[126.885509,37.486495],[126.885494,37.486528],[126.885478,37.486561],[126.885471,37.48658],[126.885408,37.486725],[126.885391,37.486763],[126.885377,37.486794],[126.885353,37.486849],[126.885344,37.486871],[126.885318,37.486932],[126.885281,37.487019],[126.88526,37.487065],[126.885253,37.487082],[126.88523,37.487133],[126.885177,37.487259],[126.885128,37.487372],[126.885122,37.487387],[126.885121,37.487388],[126.8851,37.48744],[126.885065,37.48752],[126.88505,37.487553],[126.885024,37.487615]]]]},"properties":{"program":"신속통합기획","site":"구로동 739-7","selected":"2025.11 수시선정","address":"구로구 구로동 739-7","area_m2":92521.4,"boundary_source":"토지거래허가구역"}},{"type":"Feature","geometry":{"type":"MultiPolygon","coordinates":[[[[126.899965,37.475661],[126.900017,37.475803],[126.90006,37.475925],[126.900105,37.476053],[126.900108,37.476059],[126.900142,37.476155],[126.900171,37.476239],[126.900197,37.47631],[126.900225,37.47639],[126.900256,37.476477],[126.900286,37.476564],[126.900317,37.476651],[126.90034,37.476715],[126.900352,37.476749],[126.900373,37.476808],[126.900419,37.476833],[126.900605,37.476822],[126.900814,37.476809],[126.900848,37.476807],[126.900857,37.476806],[126.90095,37.4768],[126.901021,37.476796],[126.901132,37.476798],[126.901191,37.476845],[126.901257,37.476899],[126.901276,37.476914],[126.901281,37.476918],[126.901293,37.476928],[126.901301,37.476934],[126.901311,37.476942],[126.901342,37.476967],[126.901373,37.476992],[126.901429,37.477037],[126.90153,37.477118],[126.901738,37.476958],[126.901812,37.476903],[126.901954,37.476797],[126.902029,37.476857],[126.902055,37.476878],[126.902157,37.476959],[126.90194,37.477119],[126.901838,37.477038],[126.901631,37.4772],[126.901706,37.47726],[126.901731,37.47728],[126.901739,37.477286],[126.901773,37.477313],[126.901773,37.477389],[126.901721,37.477407],[126.901725,37.477524],[126.901728,37.477614],[126.901729,37.477651],[126.90173,37.477681],[126.901734,37.477773],[126.901735,37.47782],[126.901736,37.477829],[126.901737,37.477878],[126.90174,37.477957],[126.901741,37.477988],[126.901744,37.478063],[126.901746,37.478116],[126.901748,37.478171],[126.90175,37.478215],[126.90175,37.478236],[126.901751,37.478264],[126.901582,37.4783],[126.901509,37.478316],[126.901554,37.478472],[126.901655,37.478471],[126.90173,37.47845],[126.901855,37.478415],[126.901911,37.47843],[126.901938,37.478436],[126.901879,37.478505],[126.90182,37.478496],[126.901752,37.478625],[126.901724,37.478738],[126.901721,37.47875],[126.901771,37.478832],[126.901747,37.478899],[126.901716,37.478938],[126.901641,37.478981],[126.901539,37.47904],[126.901501,37.47909],[126.901474,37.479176],[126.901455,37.479233],[126.901468,37.479235],[126.901616,37.479263],[126.90171,37.47928],[126.901753,37.479288],[126.901798,37.479296],[126.901967,37.479327],[126.901997,37.479277],[126.902014,37.479248],[126.902039,37.479195],[126.902056,37.479161],[126.902121,37.479024],[126.902211,37.478838],[126.902213,37.478838],[126.902252,37.478845],[126.902401,37.478872],[126.902401,37.478872],[126.902528,37.478895],[126.902708,37.478927],[126.902758,37.478907],[126.902795,37.478837],[126.902801,37.478827],[126.902814,37.478802],[126.902844,37.478746],[126.90288,37.478678],[126.902887,37.478665],[126.90291,37.478622],[126.902938,37.478568],[126.902946,37.478554],[126.902989,37.478473],[126.902994,37.478464],[126.903003,37.478449],[126.903024,37.478408],[126.90301,37.478345],[126.903005,37.478325],[126.90296,37.478133],[126.902943,37.478014],[126.902906,37.477856],[126.902895,37.477716],[126.902892,37.477672],[126.902888,37.477622],[126.902886,37.477595],[126.902881,37.477541],[126.90287,37.477395],[126.902857,37.47723],[126.902853,37.477181],[126.902847,37.477111],[126.902838,37.476994],[126.902838,37.476993],[126.902827,37.476854],[126.902825,37.476826],[126.902815,37.476699],[126.902806,37.476591],[126.902789,37.476474],[126.902778,37.476354],[126.902776,37.476327],[126.902767,37.476219],[126.902763,37.476183],[126.902758,37.476118],[126.902749,37.476014],[126.902739,37.475897],[126.902733,37.475834],[126.902733,37.475829],[126.902732,37.475823],[126.902722,37.475704],[126.902719,37.475672],[126.902717,37.475642],[126.902711,37.475581],[126.902707,37.475536],[126.902705,37.475507],[126.902694,37.475384],[126.902687,37.475299],[126.902686,37.475288],[126.902684,37.47527],[126.902684,37.475262],[126.902676,37.475173],[126.902661,37.474993],[126.902965,37.474972],[126.903077,37.474964],[126.903093,37.474963],[126.90319,37.474956],[126.903327,37.474947],[126.90331,37.474769],[126.903286,37.474529],[126.903284,37.474502],[126.903263,37.474291],[126.903261,37.474273],[126.90326,37.474255],[126.90325,37.474155],[126.903244,37.4741],[126.90324,37.47406],[126.903229,37.473944],[126.903015,37.473954],[126.902981,37.473955],[126.902863,37.473961],[126.902721,37.473967],[126.902717,37.473967],[126.902575,37.473974],[126.902426,37.473978],[126.902165,37.473989],[126.902131,37.473991],[126.902,37.473996],[126.901917,37.474],[126.901892,37.474001],[126.901881,37.474001],[126.901858,37.474002],[126.901749,37.474007],[126.901715,37.474009],[126.90165,37.474012],[126.901623,37.474013],[126.901521,37.474017],[126.901508,37.474018],[126.901488,37.474019],[126.901435,37.474021],[126.901384,37.474023],[126.901351,37.474025],[126.901305,37.474027],[126.9013,37.474027],[126.90121,37.474031],[126.901177,37.474032],[126.901078,37.474037],[126.901081,37.474113],[126.901081,37.474142],[126.901083,37.47418],[126.901084,37.474238],[126.901083,37.474238],[126.901005,37.474242],[126.901019,37.474317],[126.901026,37.474352],[126.901035,37.474396],[126.901049,37.474473],[126.901072,37.474525],[126.901088,37.474614],[126.901064,37.474617],[126.901081,37.474666],[126.901084,37.474787],[126.901045,37.474848],[126.901056,37.474927],[126.901015,37.474943],[126.901009,37.47496],[126.900796,37.475035],[126.90074,37.475041],[126.900623,37.475052],[126.900609,37.475054],[126.900601,37.475055],[126.900569,37.475058],[126.900535,37.475061],[126.900478,37.475067],[126.900442,37.475071],[126.900358,37.475079],[126.90032,37.475083],[126.900202,37.475095],[126.900159,37.475125],[126.900139,37.47518],[126.900129,37.475209],[126.900094,37.475304],[126.900088,37.475322],[126.900045,37.475439],[126.90002,37.475511],[126.899999,37.475569],[126.899973,37.47564],[126.899965,37.475661]]]]},"properties":{"program":"신속통합기획","site":"독산동 979","selected":"2025.12 수시선정","address":"금천구 독산동 979","area_m2":93990.7,"boundary_source":"토지거래허가구역"}},{"type":"Feature","geometry":{"type":"MultiPolygon","coordinates":[[[[126.901812,37.466672],[126.901814,37.466747],[126.901818,37.466801],[126.901819,37.466822],[126.901821,37.466838],[126.901829,37.466897],[126.901842,37.466972],[126.901846,37.466988],[126.90186,37.467046],[126.901882,37.46712],[126.901894,37.467156],[126.901917,37.467226],[126.901927,37.467257],[126.901938,37.46729],[126.901971,37.467391],[126.902014,37.467523],[126.902017,37.467532],[126.902024,37.467552],[126.902089,37.467751],[126.902107,37.467807],[126.902153,37.467949],[126.902183,37.468039],[126.902191,37.468065],[126.902236,37.468202],[126.902281,37.468339],[126.902319,37.468455],[126.902321,37.468462],[126.902327,37.468478],[126.902359,37.468576],[126.902388,37.468666],[126.902429,37.468792],[126.902589,37.468765],[126.902733,37.468741],[126.902946,37.468705],[126.903091,37.46868],[126.903228,37.468658],[126.903364,37.468635],[126.903498,37.468613],[126.903536,37.468606],[126.903867,37.468788],[126.903977,37.46885],[126.904066,37.468899],[126.904166,37.468954],[126.904241,37.468996],[126.904298,37.468987],[126.904399,37.46887],[126.904402,37.468868],[126.904478,37.46878],[126.904556,37.46869],[126.904616,37.468621],[126.904679,37.468549],[126.90472,37.468589],[126.904794,37.468662],[126.904822,37.468661],[126.904903,37.468557],[126.904972,37.46847],[126.905027,37.468399],[126.905075,37.468337],[126.905238,37.468417],[126.905343,37.468468],[126.905425,37.468508],[126.905528,37.468557],[126.905635,37.468609],[126.905711,37.468647],[126.905815,37.468699],[126.905923,37.468753],[126.906004,37.468789],[126.906207,37.46889],[126.906241,37.468886],[126.906296,37.468814],[126.906363,37.468726],[126.90643,37.468638],[126.906481,37.468571],[126.906535,37.468504],[126.906589,37.468433],[126.906623,37.468388],[126.906656,37.468345],[126.906708,37.468276],[126.906776,37.468186],[126.906842,37.4681],[126.906913,37.468008],[126.906978,37.467923],[126.907043,37.467839],[126.907108,37.467754],[126.907173,37.46767],[126.90721,37.467621],[126.907211,37.46757],[126.907216,37.467405],[126.907178,37.467397],[126.907105,37.467382],[126.907042,37.467396],[126.906975,37.467409],[126.906836,37.46744],[126.906808,37.467441],[126.906644,37.467444],[126.906609,37.467438],[126.906563,37.467432],[126.906458,37.467416],[126.906422,37.467394],[126.906306,37.467322],[126.906254,37.467321],[126.906211,37.467325],[126.906104,37.467294],[126.906033,37.467273],[126.906025,37.46727],[126.905963,37.467251],[126.905915,37.467237],[126.905841,37.467181],[126.905803,37.467165],[126.905671,37.467111],[126.905611,37.467086],[126.905492,37.467036],[126.905457,37.467022],[126.905315,37.467008],[126.905247,37.467027],[126.905142,37.467063],[126.905055,37.46706],[126.905024,37.467059],[126.904867,37.467032],[126.904821,37.467024],[126.904803,37.467021],[126.904715,37.466988],[126.904553,37.466929],[126.90446,37.466894],[126.904427,37.466884],[126.9043,37.466844],[126.904192,37.466811],[126.904182,37.46681],[126.903983,37.466789],[126.903967,37.466787],[126.90379,37.46678],[126.903791,37.466773],[126.903687,37.466759],[126.903595,37.466746],[126.903576,37.466743],[126.90348,37.46673],[126.903362,37.466714],[126.903221,37.466694],[126.903129,37.466682],[126.902989,37.466662],[126.902841,37.466642],[126.902749,37.466629],[126.90261,37.46661],[126.902505,37.466595],[126.902478,37.466592],[126.902386,37.466579],[126.902254,37.466561],[126.902171,37.466549],[126.902141,37.466545],[126.901825,37.466501],[126.901822,37.466521],[126.901815,37.466596],[126.901813,37.466657],[126.901812,37.466672]]]]},"properties":{"program":"신속통합기획","site":"독산동 1022","selected":"2025.12 수시선정","address":"금천구 독산동 1022","area_m2":83203.0,"boundary_source":"토지거래허가구역"}},{"type":"Feature","geometry":{"type":"MultiPolygon","coordinates":[[[[126.918978,37.510433],[126.919031,37.510465],[126.919074,37.510495],[126.919095,37.510509],[126.919187,37.510569],[126.919197,37.510576],[126.919248,37.510611],[126.919365,37.510689],[126.919472,37.510761],[126.919489,37.51077],[126.919531,37.510798],[126.919618,37.510854],[126.919684,37.510897],[126.9197,37.510907],[126.919797,37.51097],[126.919838,37.510995],[126.919862,37.51101],[126.919883,37.511061],[126.919897,37.511094],[126.919903,37.511107],[126.919934,37.511183],[126.919969,37.511262],[126.91999,37.511314],[126.920007,37.511351],[126.920033,37.511381],[126.920041,37.511391],[126.920075,37.511499],[126.920101,37.511578],[126.920107,37.511598],[126.920112,37.511614],[126.920122,37.511649],[126.920129,37.51167],[126.920173,37.511807],[126.920219,37.511925],[126.92024,37.511993],[126.920268,37.512084],[126.920326,37.512264],[126.920418,37.512243],[126.920475,37.51224],[126.920496,37.512238],[126.920561,37.512223],[126.920728,37.512181],[126.920728,37.512182],[126.920813,37.512162],[126.920814,37.512158],[126.920877,37.512142],[126.920964,37.51212],[126.921109,37.512082],[126.921327,37.512025],[126.921509,37.511977],[126.921522,37.511974],[126.921489,37.511887],[126.921472,37.511841],[126.921437,37.511746],[126.92143,37.511725],[126.921406,37.511656],[126.921401,37.511643],[126.921376,37.511574],[126.921373,37.511565],[126.921351,37.511528],[126.921349,37.511502],[126.921347,37.51148],[126.921326,37.511444],[126.921315,37.511422],[126.921294,37.511375],[126.921289,37.511363],[126.92128,37.511341],[126.92126,37.511294],[126.921236,37.511239],[126.921221,37.511204],[126.921205,37.511167],[126.921204,37.511163],[126.92119,37.511128],[126.921211,37.51112],[126.921253,37.511104],[126.921266,37.511095],[126.921289,37.51108],[126.921295,37.511076],[126.921313,37.511071],[126.921323,37.511068],[126.921321,37.51106],[126.921306,37.511005],[126.921305,37.511001],[126.921306,37.51096],[126.921306,37.510922],[126.921307,37.510886],[126.921331,37.510871],[126.921354,37.510866],[126.92137,37.510863],[126.921501,37.510826],[126.921524,37.51082],[126.921489,37.510754],[126.921486,37.510748],[126.921469,37.510745],[126.921372,37.510762],[126.921371,37.510756],[126.921361,37.510759],[126.921358,37.510753],[126.921353,37.510744],[126.921332,37.510708],[126.921292,37.510633],[126.921303,37.510629],[126.921334,37.510618],[126.921367,37.510599],[126.92138,37.510591],[126.921408,37.510571],[126.921432,37.510553],[126.92145,37.510539],[126.921464,37.510521],[126.921475,37.510505],[126.921481,37.510487],[126.921489,37.510465],[126.921493,37.510437],[126.921496,37.510415],[126.921496,37.510419],[126.921504,37.510419],[126.921625,37.510428],[126.921628,37.51043],[126.921632,37.510432],[126.921759,37.51044],[126.921986,37.510459],[126.921997,37.51037],[126.922015,37.510234],[126.922015,37.51023],[126.922025,37.510145],[126.922034,37.51007],[126.92204,37.510023],[126.922043,37.510002],[126.922053,37.509928],[126.922059,37.509884],[126.92206,37.509868],[126.922062,37.509863],[126.922063,37.509853],[126.922072,37.509795],[126.922072,37.509789],[126.922072,37.509763],[126.922071,37.509734],[126.92207,37.50966],[126.922069,37.509638],[126.922067,37.50953],[126.922066,37.50944],[126.922066,37.509421],[126.922065,37.509352],[126.922065,37.509343],[126.922063,37.50926],[126.922063,37.509257],[126.922063,37.509229],[126.922061,37.509111],[126.922061,37.509101],[126.922061,37.509093],[126.92206,37.509],[126.922059,37.508981],[126.922059,37.508927],[126.922043,37.508922],[126.921996,37.508906],[126.921975,37.508899],[126.921946,37.508892],[126.921912,37.508884],[126.921883,37.508878],[126.921854,37.508872],[126.921806,37.508864],[126.92178,37.50886],[126.921774,37.508859],[126.921764,37.508857],[126.92176,37.508857],[126.921751,37.508856],[126.921694,37.50885],[126.921679,37.508849],[126.921645,37.508849],[126.921607,37.50885],[126.921571,37.508851],[126.921557,37.508851],[126.921465,37.508857],[126.921435,37.508861],[126.921402,37.508864],[126.921397,37.508865],[126.921381,37.508867],[126.921369,37.508869],[126.921313,37.508878],[126.921304,37.508879],[126.921303,37.50888],[126.921288,37.508882],[126.921218,37.508898],[126.921193,37.508904],[126.921184,37.508906],[126.921139,37.508919],[126.921134,37.50892],[126.921118,37.508926],[126.921101,37.508931],[126.921069,37.508945],[126.921052,37.508953],[126.921042,37.508957],[126.921007,37.508973],[126.920986,37.508984],[126.920968,37.508993],[126.920951,37.509],[126.920937,37.509007],[126.920926,37.509013],[126.920908,37.509022],[126.920862,37.509044],[126.920819,37.509065],[126.920768,37.50909],[126.920747,37.509101],[126.920723,37.509113],[126.920658,37.509145],[126.920651,37.509148],[126.920614,37.509166],[126.920568,37.509189],[126.92055,37.509197],[126.920487,37.509228],[126.920478,37.509232],[126.920475,37.509234],[126.920463,37.509238],[126.920427,37.509254],[126.9204,37.509268],[126.920371,37.509282],[126.920252,37.509335],[126.920157,37.509381],[126.920122,37.509398],[126.920046,37.509456],[126.920014,37.509478],[126.919975,37.50951],[126.919958,37.509523],[126.919885,37.509586],[126.919815,37.509644],[126.91979,37.509666],[126.919697,37.509739],[126.919651,37.509777],[126.919559,37.509864],[126.919555,37.509869],[126.919544,37.509878],[126.919456,37.509961],[126.919368,37.510045],[126.919225,37.510184],[126.919217,37.510192],[126.919107,37.510299],[126.919039,37.510369],[126.918982,37.510428],[126.918978,37.510433]]]]},"properties":{"program":"신속통합기획","site":"신길동 90-31","selected":"2025.12 수시선정","address":"영등포구 신길동 90-31","area_m2":58162.0,"boundary_source":"토지거래허가구역"}},{"type":"Feature","geometry":{"type":"MultiPolygon","coordinates":[[[[127.016685,37.602235],[127.016729,37.602268],[127.016834,37.602269],[127.01697,37.602271],[127.01701,37.602272],[127.017014,37.602272],[127.017165,37.602275],[127.017319,37.602279],[127.017341,37.60228],[127.017434,37.602282],[127.017535,37.602282],[127.017677,37.602291],[127.01772,37.60229],[127.017753,37.60229],[127.017817,37.602291],[127.017839,37.602284],[127.017857,37.60228],[127.017868,37.602278],[127.017874,37.602292],[127.017973,37.602289],[127.01808,37.60229],[127.018188,37.602291],[127.018203,37.602291],[127.018295,37.602289],[127.018378,37.60229],[127.018494,37.602291],[127.01852,37.602291],[127.018646,37.602295],[127.01871,37.602296],[127.01877,37.602283],[127.018788,37.602255],[127.018766,37.602158],[127.018743,37.60205],[127.018687,37.602023],[127.018688,37.601966],[127.018849,37.601942],[127.018983,37.601904],[127.019133,37.601861],[127.019157,37.601854],[127.019184,37.601846],[127.019324,37.601805],[127.019493,37.601757],[127.019661,37.60171],[127.019751,37.601683],[127.019882,37.601641],[127.02004,37.601596],[127.020064,37.601589],[127.020169,37.601558],[127.02029,37.601523],[127.0204,37.60149],[127.02042,37.601484],[127.020533,37.601451],[127.020664,37.601414],[127.020737,37.601392],[127.020762,37.601357],[127.020737,37.601298],[127.020702,37.601218],[127.020675,37.601153],[127.020616,37.601027],[127.020582,37.600948],[127.020522,37.600929],[127.020502,37.600923],[127.02047,37.600913],[127.020312,37.600862],[127.02017,37.600815],[127.020051,37.600783],[127.019872,37.600737],[127.019812,37.600719],[127.019771,37.600707],[127.019727,37.600694],[127.019665,37.600687],[127.019653,37.600698],[127.01961,37.60072],[127.019484,37.600754],[127.019338,37.600713],[127.019288,37.600666],[127.019224,37.6006],[127.019138,37.600518],[127.019026,37.600551],[127.018902,37.600589],[127.018817,37.600614],[127.018715,37.600645],[127.018696,37.60065],[127.018656,37.600662],[127.018591,37.600681],[127.018542,37.600659],[127.018471,37.600607],[127.018291,37.600561],[127.018202,37.600537],[127.018053,37.600472],[127.017995,37.600465],[127.017953,37.600625],[127.017944,37.600625],[127.017939,37.600625],[127.017933,37.600648],[127.017922,37.600719],[127.017909,37.6008],[127.017902,37.600847],[127.017918,37.600861],[127.017898,37.600903],[127.017875,37.600946],[127.017853,37.600968],[127.017834,37.600981],[127.01787,37.60103],[127.017803,37.601118],[127.017774,37.601155],[127.017732,37.601208],[127.017697,37.601255],[127.017563,37.601342],[127.01741,37.601337],[127.017266,37.601332],[127.017231,37.60135],[127.017213,37.601361],[127.017155,37.601392],[127.017144,37.601393],[127.017143,37.601396],[127.017083,37.601427],[127.017057,37.601441],[127.016977,37.601474],[127.01679,37.601525],[127.016709,37.601542],[127.0167,37.601555],[127.0167,37.601698],[127.016699,37.60173],[127.016699,37.601811],[127.016697,37.601919],[127.01669,37.602032],[127.016689,37.602088],[127.016685,37.602235]]]]},"properties":{"program":"신속통합기획","site":"정릉동 16-179","selected":"2025.12 수시선정","address":"성북구 정릉동 16-179","area_m2":42810.6,"boundary_source":"토지거래허가구역"}},{"type":"Feature","geometry":{"type":"MultiPolygon","coordinates":[[[[127.027169,37.560225],[127.027225,37.560326],[127.027315,37.560354],[127.027329,37.560359],[127.027408,37.560367],[127.0274,37.56038],[127.027418,37.560386],[127.027426,37.560369],[127.02753,37.560381],[127.027601,37.56039],[127.027588,37.56042],[127.02761,37.560424],[127.02763,37.560393],[127.027725,37.560404],[127.027748,37.560412],[127.027747,37.560443],[127.02779,37.56043],[127.027801,37.56043],[127.027969,37.560436],[127.028062,37.560445],[127.02809,37.56045],[127.028127,37.560456],[127.028192,37.560472],[127.028269,37.560475],[127.028318,37.560471],[127.028381,37.560481],[127.02842,37.560489],[127.028504,37.560493],[127.028506,37.560485],[127.028514,37.560485],[127.028532,37.560489],[127.028604,37.560505],[127.028617,37.560508],[127.028702,37.560521],[127.028726,37.560525],[127.028889,37.560551],[127.028906,37.560565],[127.02898,37.560576],[127.029063,37.56059],[127.029083,37.560592],[127.029146,37.5606],[127.029175,37.560603],[127.029255,37.560612],[127.029311,37.560618],[127.029417,37.56063],[127.029505,37.56064],[127.029608,37.560652],[127.029627,37.560654],[127.029723,37.560665],[127.029778,37.560665],[127.029791,37.560673],[127.029856,37.560709],[127.029921,37.560747],[127.02996,37.560762],[127.030109,37.560818],[127.030161,37.560837],[127.030357,37.560856],[127.030369,37.56086],[127.030379,37.560863],[127.030443,37.560805],[127.030639,37.560613],[127.030902,37.560449],[127.030911,37.560443],[127.030915,37.560444],[127.030931,37.560451],[127.031015,37.560485],[127.031114,37.560543],[127.031207,37.560598],[127.031275,37.560624],[127.031395,37.560666],[127.03142,37.56068],[127.031477,37.56071],[127.031496,37.560709],[127.03151,37.560709],[127.031588,37.560827],[127.031633,37.560901],[127.031661,37.560928],[127.031764,37.560854],[127.031774,37.560847],[127.031872,37.560776],[127.03188,37.560771],[127.031887,37.560765],[127.031969,37.560707],[127.031973,37.560711],[127.032068,37.560645],[127.032184,37.560565],[127.032183,37.56052],[127.032166,37.560508],[127.032071,37.56044],[127.031999,37.560389],[127.031923,37.560334],[127.031897,37.560315],[127.031836,37.560268],[127.031717,37.560189],[127.031764,37.560156],[127.03172,37.560119],[127.031701,37.560101],[127.031768,37.560084],[127.031839,37.560031],[127.031931,37.559965],[127.032047,37.55988],[127.032067,37.559866],[127.032062,37.559844],[127.032081,37.559826],[127.03217,37.559749],[127.032256,37.559675],[127.032331,37.559611],[127.032343,37.559601],[127.032353,37.559592],[127.032339,37.559594],[127.032354,37.55958],[127.032405,37.559536],[127.032417,37.559526],[127.032436,37.559509],[127.032492,37.559459],[127.032504,37.559448],[127.032521,37.559433],[127.032584,37.559379],[127.032594,37.559371],[127.032601,37.559365],[127.032575,37.559373],[127.032461,37.559409],[127.032335,37.559403],[127.032311,37.5594],[127.032272,37.559392],[127.032209,37.559377],[127.032228,37.559256],[127.032199,37.559249],[127.032205,37.559229],[127.032112,37.559219],[127.032075,37.559215],[127.031989,37.559204],[127.031955,37.559226],[127.0319,37.559192],[127.031921,37.559294],[127.031886,37.559308],[127.031891,37.559223],[127.03186,37.559198],[127.031794,37.559202],[127.03178,37.559168],[127.031748,37.559143],[127.031732,37.559129],[127.031794,37.559027],[127.03181,37.559002],[127.031849,37.55894],[127.031787,37.558882],[127.031796,37.558886],[127.031844,37.558803],[127.031902,37.558699],[127.031905,37.558692],[127.031767,37.558642],[127.031762,37.558649],[127.031759,37.558605],[127.031754,37.558575],[127.031754,37.558569],[127.031734,37.55856],[127.031676,37.558531],[127.031679,37.558522],[127.031681,37.558516],[127.03169,37.558483],[127.031692,37.558472],[127.031719,37.558367],[127.031723,37.558351],[127.031735,37.558299],[127.031752,37.558227],[127.031716,37.558178],[127.031643,37.558164],[127.031624,37.558161],[127.031484,37.558135],[127.031462,37.558131],[127.031442,37.558127],[127.031301,37.558102],[127.031279,37.558098],[127.031135,37.558072],[127.03113,37.558087],[127.031118,37.558129],[127.031081,37.558249],[127.031076,37.558325],[127.031052,37.558325],[127.030944,37.558322],[127.030865,37.558313],[127.030845,37.558311],[127.030697,37.558287],[127.030616,37.558291],[127.030597,37.558293],[127.030577,37.558367],[127.030574,37.558376],[127.030524,37.558377],[127.030525,37.55836],[127.030478,37.558353],[127.030419,37.558334],[127.030403,37.558368],[127.030477,37.558392],[127.030479,37.558393],[127.030481,37.558393],[127.030456,37.558437],[127.030436,37.558435],[127.030431,37.558447],[127.030409,37.558438],[127.030398,37.558479],[127.030386,37.558524],[127.030377,37.558562],[127.030367,37.5586],[127.03036,37.558625],[127.030355,37.558645],[127.030365,37.558652],[127.030383,37.558692],[127.030358,37.558722],[127.030368,37.558725],[127.030362,37.558724],[127.030353,37.558724],[127.030338,37.558729],[127.030328,37.558733],[127.030312,37.558743],[127.030303,37.558751],[127.030266,37.55875],[127.030102,37.558726],[127.029967,37.559043],[127.029952,37.559059],[127.02995,37.559061],[127.029903,37.559099],[127.02991,37.559116],[127.029843,37.559176],[127.029836,37.559174],[127.029437,37.559077],[127.02926,37.559034],[127.029126,37.559001],[127.029132,37.55906],[127.02906,37.559086],[127.028946,37.559126],[127.02892,37.559135],[127.028914,37.559137],[127.028949,37.559195],[127.028982,37.559251],[127.028982,37.559251],[127.028979,37.559251],[127.028959,37.559259],[127.028951,37.559264],[127.028868,37.559212],[127.028845,37.559211],[127.02876,37.559276],[127.028751,37.559285],[127.028746,37.559296],[127.028736,37.559371],[127.028734,37.559373],[127.028698,37.559407],[127.028742,37.559442],[127.028742,37.559466],[127.028744,37.55957],[127.028746,37.55965],[127.028917,37.559703],[127.02898,37.55972],[127.029006,37.559731],[127.029122,37.559763],[127.029161,37.559777],[127.029174,37.559785],[127.029252,37.559789],[127.029285,37.559792],[127.029337,37.559796],[127.029394,37.559799],[127.029504,37.559807],[127.029561,37.55981],[127.029568,37.559811],[127.029592,37.559812],[127.029612,37.559814],[127.029639,37.559816],[127.029664,37.559843],[127.029666,37.559823],[127.029747,37.559834],[127.029742,37.559923],[127.02971,37.55989],[127.029244,37.559855],[127.029054,37.560106],[127.029049,37.560112],[127.02899,37.560119],[127.028989,37.560119],[127.028988,37.560125],[127.028956,37.560132],[127.028874,37.560168],[127.028869,37.560163],[127.028752,37.560236],[127.028747,37.560268],[127.028727,37.560271],[127.028617,37.560289],[127.028502,37.560306],[127.028386,37.560308],[127.028291,37.56031],[127.028259,37.560303],[127.028243,37.5603],[127.02822,37.560295],[127.028164,37.560283],[127.028148,37.560285],[127.028138,37.560287],[127.028129,37.560273],[127.027886,37.560124],[127.027729,37.560037],[127.027628,37.559988],[127.027608,37.560009],[127.027557,37.559978],[127.027521,37.559982],[127.02748,37.559896],[127.027464,37.559892],[127.027447,37.559877],[127.027278,37.559916],[127.027263,37.559913],[127.027264,37.559916],[127.027278,37.559982],[127.02729,37.560038],[127.027289,37.560093],[127.027231,37.560121],[127.027194,37.560181],[127.02719,37.560189],[127.027169,37.560225]]]]},"properties":{"program":"신속통합기획","site":"행당동 300-1","selected":"2025.12 수시선정","address":"성동구 행당동 300-1","area_m2":66276.1,"boundary_source":"토지거래허가구역"}},{"type":"Feature","geometry":{"type":"MultiPolygon","coordinates":[[[[126.937009,37.544758],[126.937013,37.54498],[126.937016,37.545008],[126.937026,37.545138],[126.937028,37.545211],[126.93703,37.545272],[126.93703,37.545291],[126.937037,37.545546],[126.937039,37.545583],[126.937042,37.54568],[126.937046,37.545812],[126.937051,37.545934],[126.937059,37.546075],[126.937114,37.546089],[126.93723,37.546116],[126.937251,37.546085],[126.937399,37.546138],[126.937492,37.546042],[126.937508,37.546048],[126.937517,37.546041],[126.937556,37.546028],[126.937542,37.546095],[126.937598,37.546122],[126.937592,37.546135],[126.937671,37.546158],[126.937678,37.546141],[126.937691,37.546148],[126.937673,37.546229],[126.937693,37.546234],[126.937672,37.546315],[126.937635,37.54632],[126.937562,37.54633],[126.937562,37.546438],[126.937639,37.546442],[126.937691,37.546446],[126.9377,37.546447],[126.937748,37.546447],[126.937757,37.546448],[126.937839,37.546451],[126.937896,37.546427],[126.93805,37.546406],[126.938072,37.546398],[126.938098,37.546446],[126.938104,37.546472],[126.93813,37.546608],[126.938131,37.546616],[126.938054,37.546629],[126.938092,37.546745],[126.938285,37.546753],[126.938216,37.546886],[126.938196,37.54697],[126.938258,37.546979],[126.93828,37.547003],[126.938246,37.547008],[126.938204,37.547007],[126.938188,37.547017],[126.93818,37.547021],[126.938106,37.547064],[126.937986,37.547086],[126.937983,37.547099],[126.937988,37.54711],[126.938024,37.547177],[126.93814,37.547165],[126.93817,37.547162],[126.938242,37.547155],[126.938347,37.547143],[126.938426,37.547131],[126.938453,37.547127],[126.938523,37.547122],[126.938539,37.547121],[126.938584,37.547119],[126.938724,37.547111],[126.938767,37.547099],[126.938812,37.547088],[126.938814,37.547006],[126.938819,37.546943],[126.93883,37.546892],[126.93885,37.546789],[126.938853,37.546771],[126.938856,37.546752],[126.938874,37.546662],[126.939,37.546677],[126.939129,37.546693],[126.939287,37.546687],[126.93928,37.54658],[126.939287,37.546519],[126.939302,37.546387],[126.939404,37.546366],[126.939539,37.546335],[126.939611,37.54632],[126.939616,37.546262],[126.939617,37.546248],[126.93961,37.546226],[126.939723,37.546228],[126.939768,37.546238],[126.939817,37.546248],[126.939889,37.546249],[126.939897,37.54627],[126.940053,37.546225],[126.940007,37.546176],[126.939954,37.546117],[126.939935,37.546099],[126.939921,37.546081],[126.939758,37.546074],[126.939624,37.546066],[126.939632,37.545952],[126.939651,37.545778],[126.939666,37.545591],[126.939604,37.545532],[126.939532,37.54545],[126.939414,37.545319],[126.939358,37.545253],[126.939282,37.545168],[126.939131,37.544999],[126.939051,37.544898],[126.938999,37.544827],[126.938963,37.544792],[126.938917,37.544742],[126.938885,37.544709],[126.938863,37.544677],[126.938839,37.544648],[126.938774,37.544577],[126.938714,37.544508],[126.938633,37.544419],[126.938589,37.544372],[126.938586,37.544379],[126.938575,37.544402],[126.938552,37.544426],[126.938543,37.544436],[126.9385,37.544484],[126.938404,37.54456],[126.938302,37.544614],[126.937958,37.544763],[126.937816,37.544851],[126.9377,37.544924],[126.937692,37.54493],[126.937639,37.544974],[126.937554,37.545043],[126.937517,37.545073],[126.937492,37.545106],[126.937461,37.545059],[126.937451,37.545043],[126.937417,37.544991],[126.937404,37.54497],[126.937362,37.544906],[126.937244,37.544723],[126.937212,37.544723],[126.937148,37.544729],[126.937009,37.544758]]]]},"properties":{"program":"신속통합기획","site":"신수동 250","selected":"2025.12 수시선정","address":"마포구 신수동 250","area_m2":44718.7,"boundary_source":"토지거래허가구역"}},{"type":"Feature","geometry":{"type":"MultiPolygon","coordinates":[[[[127.014486,37.643294],[127.014845,37.64347],[127.015057,37.643572],[127.015232,37.643624],[127.015319,37.64361],[127.015354,37.643603],[127.015483,37.643556],[127.015665,37.643489],[127.015787,37.643442],[127.015827,37.643426],[127.015841,37.643421],[127.015919,37.64339],[127.015974,37.643369],[127.016072,37.643322],[127.016091,37.643284],[127.016136,37.643191],[127.016173,37.643081],[127.016181,37.64305],[127.016187,37.643031],[127.01624,37.642837],[127.016249,37.642807],[127.016311,37.64261],[127.016316,37.64259],[127.016387,37.642365],[127.016391,37.642325],[127.016361,37.642318],[127.016332,37.642312],[127.01613,37.642267],[127.016112,37.642264],[127.016092,37.642257],[127.015689,37.642165],[127.015619,37.642187],[127.015593,37.642272],[127.015488,37.642253],[127.015473,37.642251],[127.015402,37.642245],[127.015361,37.642366],[127.015311,37.642506],[127.01522,37.642568],[127.015169,37.642603],[127.015193,37.642643],[127.015066,37.642733],[127.014974,37.642798],[127.014846,37.642887],[127.014712,37.643005],[127.014715,37.643006],[127.01471,37.643061],[127.014486,37.643294]]]]},"properties":{"program":"신속통합기획","site":"수유동 310-15","selected":"2025.12 수시선정","address":"강북구 수유동 310-15","area_m2":15944.5,"boundary_source":"토지거래허가구역"}},{"type":"Feature","geometry":{"type":"MultiPolygon","coordinates":[[[[126.901179,37.592548],[126.901198,37.59262],[126.90121,37.592661],[126.901226,37.592711],[126.901269,37.592777],[126.901301,37.592824],[126.901311,37.592838],[126.90134,37.592864],[126.901458,37.592948],[126.902404,37.592582],[126.902815,37.592479],[126.903419,37.592473],[126.90407,37.592468],[126.904543,37.592465],[126.904712,37.592464],[126.90471,37.592344],[126.904544,37.592345],[126.904536,37.592345],[126.90449,37.592345],[126.904489,37.592232],[126.90434,37.592235],[126.904263,37.59212],[126.904262,37.592119],[126.904258,37.592128],[126.904187,37.592307],[126.904132,37.592284],[126.90411,37.592275],[126.904009,37.59223],[126.903868,37.592161],[126.903826,37.592141],[126.9038,37.592147],[126.903766,37.592157],[126.903765,37.592134],[126.903764,37.592098],[126.903595,37.592059],[126.903477,37.592031],[126.903478,37.591997],[126.903479,37.59195],[126.903509,37.591871],[126.90351,37.591866],[126.903557,37.591755],[126.903596,37.59166],[126.903574,37.59163],[126.903455,37.5916],[126.903433,37.591594],[126.903507,37.591354],[126.903505,37.591336],[126.903605,37.591263],[126.903709,37.591188],[126.903811,37.591115],[126.903883,37.591063],[126.903889,37.59104],[126.903901,37.591031],[126.903887,37.591018],[126.90378,37.590926],[126.903674,37.590835],[126.903538,37.590783],[126.903403,37.590731],[126.903383,37.590721],[126.903384,37.590717],[126.903233,37.590671],[126.903159,37.59086],[126.903121,37.590952],[126.903119,37.590957],[126.903036,37.590932],[126.902939,37.590904],[126.9028,37.590864],[126.902758,37.590965],[126.902744,37.590998],[126.902697,37.591122],[126.902656,37.59123],[126.90261,37.591341],[126.902542,37.591517],[126.902532,37.591544],[126.902486,37.59166],[126.90246,37.591654],[126.902377,37.591634],[126.902245,37.591594],[126.902177,37.591566],[126.90206,37.59155],[126.902108,37.591588],[126.9022,37.591617],[126.901979,37.591869],[126.901962,37.59189],[126.901777,37.591966],[126.901778,37.591957],[126.901584,37.592058],[126.901527,37.59209],[126.90147,37.592132],[126.901399,37.592186],[126.901384,37.592198],[126.901328,37.592251],[126.901259,37.592317],[126.901203,37.592401],[126.901196,37.592449],[126.901179,37.592548]]]]},"properties":{"program":"신속통합기획","site":"신사동 300","selected":"2025.12 수시선정","address":"은평구 신사동 300","area_m2":30222.2,"boundary_source":"토지거래허가구역"}},{"type":"Feature","geometry":{"type":"Point","coordinates":[126.846013,37.500838]},"properties":{"program":"신속통합기획","site":"개봉동 66-15","selected":"2026 수시선정","address":"구로구 개봉동 66-15","area_m2":109371.0,"boundary_source":null}},{"type":"Feature","geometry":{"type":"Point","coordinates":[126.888462,37.486731]},"properties":{"program":"신속통합기획","site":"구로동 792-3","selected":"2026 수시선정","address":"구로구 구로동 792-3","area_m2":58472.7,"boundary_source":null}},{"type":"Feature","geometry":{"type":"Point","coordinates":[126.925709,37.624386]},"properties":{"program":"신속통합기획","site":"불광동 442","selected":"2026 수시선정","address":"은평구 불광동 442","area_m2":109364.8,"boundary_source":null}},{"type":"Feature","geometry":{"type":"Point","coordinates":[126.924016,37.626608]},"properties":{"program":"신속통합기획","site":"불광동 445","selected":"2026 수시선정","address":"은평구 불광동 445","area_m2":89536.8,"boundary_source":null}},{"type":"Feature","geometry":{"type":"Point","coordinates":[126.960275,37.570019]},"properties":{"program":"신속통합기획","site":"옥천동 123-2","selected":"2026 수시선정","address":"서대문구 옥천동 123-2","area_m2":9863.5,"boundary_source":null}},{"type":"Feature","geometry":{"type":"Point","coordinates":[127.093878,37.551294]},"properties":{"program":"신속통합기획","site":"구의동 46","selected":"2026 수시선정","address":"광진구 구의동 46","area_m2":105957.2,"boundary_source":null}},{"type":"Feature","geometry":{"type":"Point","coordinates":[127.055416,37.563088]},"properties":{"program":"신속통합기획","site":"용답동 15","selected":"2026 수시선정","address":"성동구 용답동 15","area_m2":95889.5,"boundary_source":null}},{"type":"Feature","geometry":{"type":"Point","coordinates":[127.039624,37.645824]},"properties":{"program":"신속통합기획","site":"창동 608","selected":"2026 수시선정","address":"도봉구 창동 608","area_m2":66395.8,"boundary_source":null}},{"type":"Feature","geometry":{"type":"Point","coordinates":[127.07992,37.565307]},"properties":{"program":"신속통합기획","site":"중곡동 232-1","selected":"2026 수시선정","address":"광진구 중곡동 232-1","area_m2":63963.3,"boundary_source":null}},{"type":"Feature","geometry":{"type":"Point","coordinates":[126.836682,37.529364]},"properties":{"program":"신속통합기획","site":"신월동 229","selected":"2026 수시선정","address":"양천구 신월동 229","area_m2":57832.4,"boundary_source":null}},{"type":"Feature","geometry":{"type":"Point","coordinates":[126.986657,37.54174]},"properties":{"program":"신속통합기획","site":"용산동2가 44-3","selected":"2026 수시선정","address":"용산구 용산동2가 44-3","area_m2":73070.5,"boundary_source":null}},{"type":"Feature","geometry":{"type":"Point","coordinates":[126.95386,37.532772]},"properties":{"program":"신속통합기획","site":"원효로4가 110-1","selected":"2026 수시선정","address":"용산구 원효로4가 110-1","area_m2":14526.0,"boundary_source":null}},{"type":"Feature","geometry":{"type":"Point","coordinates":[127.016471,37.634936]},"properties":{"program":"신속통합기획","site":"수유동 442-10","selected":"2026 수시선정","address":"강북구 수유동 442-10","area_m2":41731.0,"boundary_source":null}},{"type":"Feature","geometry":{"type":"Point","coordinates":[127.013874,37.628451]},"properties":{"program":"신속통합기획","site":"수유동 486","selected":"2026 수시선정","address":"강북구 수유동 486","area_m2":72364.0,"boundary_source":null}},{"type":"Feature","geometry":{"type":"Point","coordinates":[127.131002,37.543371]},"properties":{"program":"신속통합기획","site":"천호동 392-9","selected":"2026 수시선정","address":"강동구 천호동 392-9","area_m2":40592.7,"boundary_source":null}},{"type":"Feature","geometry":{"type":"Point","coordinates":[126.980454,37.489689]},"properties":{"program":"신속통합기획","site":"사당동 77-24","selected":"2026 수시선정","address":"동작구 사당동 77-24","area_m2":25194.8,"boundary_source":null}},{"type":"Feature","geometry":{"type":"Point","coordinates":[126.978316,37.48054]},"properties":{"program":"신속통합기획","site":"사당동 1026-10","selected":"2026 수시선정","address":"동작구 사당동 1026-10","area_m2":113858.5,"boundary_source":null}},{"type":"Feature","geometry":{"type":"Point","coordinates":[126.947774,37.511342]},"properties":{"program":"신속통합기획","site":"노량진동 205-269","selected":"2026 수시선정","address":"동작구 노량진동 205-269","area_m2":59308.3,"boundary_source":null}},{"type":"Feature","geometry":{"type":"Point","coordinates":[126.88043,37.491427]},"properties":{"program":"신속통합기획","site":"구로동 400","selected":"2026 수시선정","address":"구로구 구로동 400","area_m2":27306.8,"boundary_source":null}},{"type":"Feature","geometry":{"type":"Point","coordinates":[126.818734,37.492382]},"properties":{"program":"신속통합기획","site":"온수동 62","selected":"2026 수시선정","address":"구로구 온수동 62","area_m2":10927.0,"boundary_source":null}},{"type":"Feature","geometry":{"type":"Point","coordinates":[126.933578,37.620908]},"properties":{"program":"신속통합기획","site":"불광동 16-111","selected":"2026 수시선정","address":"은평구 불광동 16-111","area_m2":38296.4,"boundary_source":null}},{"type":"Feature","geometry":{"type":"Point","coordinates":[126.917173,37.582167]},"properties":{"program":"신속통합기획","site":"북가좌동 3-191","selected":"2026 수시선정","address":"서대문구 북가좌동 3-191","area_m2":77001.2,"boundary_source":null}},{"type":"Feature","geometry":{"type":"Point","coordinates":[126.933583,37.577699]},"properties":{"program":"신속통합기획","site":"연희동 170-14","selected":"2026 수시선정","address":"서대문구 연희동 170-14","area_m2":35623.6,"boundary_source":null}},{"type":"Feature","geometry":{"type":"Point","coordinates":[127.093925,37.552865]},"properties":{"program":"신속통합기획","site":"구의동 32","selected":"2026.07 수시선정","address":"광진구 구의동 32","area_m2":29780.5,"boundary_source":null}},{"type":"Feature","geometry":{"type":"Point","coordinates":[126.919099,37.511971]},"properties":{"program":"신속통합기획","site":"신길동 113-5","selected":"2026.07 수시선정","address":"영등포구 신길동 113-5","area_m2":31677.0,"boundary_source":null}},{"type":"Feature","geometry":{"type":"Point","coordinates":[126.912608,37.615914]},"properties":{"program":"신속통합기획","site":"갈현동 510-1","selected":"2026.07 수시선정","address":"은평구 갈현동 510-1","area_m2":129814.1,"boundary_source":null}}]}
